class,file,source_id,source_folder
airplane,airplane_1.pt,10155655850468db78d106ce0a280f87.pt,02691156
airplane,airplane_10.pt,10c7cdfdffe2243b88a89a28f04ce622.pt,02691156
airplane,airplane_100.pt,157936971ef9b6bb858b20d410ebdb99.pt,02691156
airplane,airplane_1000.pt,4a559ef6547b685d8aed56c1a220a07d.pt,02691156
airplane,airplane_1001.pt,4a6961377146f08cb45fd154bd3b6957.pt,02691156
airplane,airplane_1002.pt,4a7b3bb0f7e4e13af7f031a34b185310.pt,02691156
airplane,airplane_1003.pt,4a837740b388aa45d8ff6111270336a9.pt,02691156
airplane,airplane_1004.pt,4a9d28a5f272853fbbf3143b1cb6076a.pt,02691156
airplane,airplane_1005.pt,4a9d3df03a7d41d77209009cfb89d4bd.pt,02691156
airplane,airplane_1006.pt,4a9f55420d17c815d37636af9c7bcc34.pt,02691156
airplane,airplane_1007.pt,4ad92be763c2ded8fca1f1143bb6bc17.pt,02691156
airplane,airplane_1008.pt,4ae3924f14d2c0084c3a35cee92bb95b.pt,02691156
airplane,airplane_1009.pt,4ae3b41081645ca3e70b97b9b33fd6d6.pt,02691156
airplane,airplane_101.pt,157a81baeb10914566cf1b4a8fc3914e.pt,02691156
airplane,airplane_1010.pt,4afcc2cf695baea99a6e43b878d5b335.pt,02691156
airplane,airplane_1011.pt,4b0f44a76ef66ec9491bc6c980bcf9e4.pt,02691156
airplane,airplane_1012.pt,4b10780b9e0f93f1d32761b337f8b72a.pt,02691156
airplane,airplane_1013.pt,4b20c1736440ff9d90dd6eb126f6cbbb.pt,02691156
airplane,airplane_1014.pt,4b4782c572fa8b11a20c7111a5d0d7fc.pt,02691156
airplane,airplane_1015.pt,4b4fd540cab0cdf3f38bce64a8733419.pt,02691156
airplane,airplane_1016.pt,4b623f70c9853080aac5531514d15662.pt,02691156
airplane,airplane_1017.pt,4ba7b11cd496e3be69176f0174b7620c.pt,02691156
airplane,airplane_1018.pt,4bae467a3dad502b90b1d6deb98feec6.pt,02691156
airplane,airplane_1019.pt,4bb41171f7e6505bc32f927674bfca67.pt,02691156
airplane,airplane_102.pt,157bb84c08754307dff9b4d1071b12d7.pt,02691156
airplane,airplane_1020.pt,4bca81eedcc3da52b8013668e30e23b0.pt,02691156
airplane,airplane_1021.pt,4bd5f77521e76e6a2e690fa6dfd5d610.pt,02691156
airplane,airplane_1022.pt,4bdb2c4fc6701174ca8607f540cc62ba.pt,02691156
airplane,airplane_1023.pt,4bf0b3df529d5093551df482db927edc.pt,02691156
airplane,airplane_1024.pt,4bf2c942aafb4a2cbd46d022fd7d80aa.pt,02691156
airplane,airplane_1025.pt,4bfa5d948d9ca7ab7c5f0032facde6fe.pt,02691156
airplane,airplane_1026.pt,4c008f39378be18bc0909d98a1ff2b4.pt,02691156
airplane,airplane_1027.pt,4c07126c6ecf5436b7bd17e458d0dcb.pt,02691156
airplane,airplane_1028.pt,4c0f48d49805a37298a97ddfb532e08c.pt,02691156
airplane,airplane_1029.pt,4c3b1356008b3284e42e14fe98b0b5.pt,02691156
airplane,airplane_103.pt,1580c09f49bb438a7209009cfb89d4bd.pt,02691156
airplane,airplane_1030.pt,4c5b8babafbb7b5f937ae00fead8910d.pt,02691156
airplane,airplane_1031.pt,4c880eae29fd97c1f9575f483c69ee5.pt,02691156
airplane,airplane_1032.pt,4c9214d70e0a00c6c1ccec171a275967.pt,02691156
airplane,airplane_1033.pt,4cb164f1fce7849762b600da24e0965.pt,02691156
airplane,airplane_1034.pt,4cb1c851d4333d1c4c3a35cee92bb95b.pt,02691156
airplane,airplane_1035.pt,4cbca5f95cd6cbc6e59552931a2cfd3c.pt,02691156
airplane,airplane_1036.pt,4cdd238ccf9002344f59c2a67aa8473b.pt,02691156
airplane,airplane_1037.pt,4ce24828099fdb5e744ca709c13b7abe.pt,02691156
airplane,airplane_1038.pt,4cee36a2e8dd3b24b87697d3904b168b.pt,02691156
airplane,airplane_1039.pt,4d0898c7cac1199a4b0853084d4042f7.pt,02691156
airplane,airplane_104.pt,15898fef6fec88c53ada73811bb576de.pt,02691156
airplane,airplane_1040.pt,4d0994838c31434cef5f09964a6a1f97.pt,02691156
airplane,airplane_1041.pt,4d139f21350f64d2425a06bba46b20dd.pt,02691156
airplane,airplane_1042.pt,4d13a1b180422efc2d0334ee3a22c9fc.pt,02691156
airplane,airplane_1043.pt,4d223d7a0e8162cabd46d022fd7d80aa.pt,02691156
airplane,airplane_1044.pt,4d2d87e61a18760ff64801ad2940cdd5.pt,02691156
airplane,airplane_1045.pt,4d3fca1d1cacc27beeefea58691b769a.pt,02691156
airplane,airplane_1046.pt,4d50ff789e84e70e54eefcdc602d4520.pt,02691156
airplane,airplane_1047.pt,4d6ec762d1583ded46555ee25941a22e.pt,02691156
airplane,airplane_1048.pt,4d84619c0da53326e90916c8815b5c43.pt,02691156
airplane,airplane_1049.pt,4d885cb269ae88ccbc40166c69b12cc6.pt,02691156
airplane,airplane_105.pt,1597cbeb8266af206aa3bf023a2b42a5.pt,02691156
airplane,airplane_1050.pt,4d97f6fcb6886f49cc14f1e6f4f4f49b.pt,02691156
airplane,airplane_1051.pt,4de5861211ad5b95e7ef9fff09638f8e.pt,02691156
airplane,airplane_1052.pt,4de653411d132abdf1e2558bb9cfc329.pt,02691156
airplane,airplane_1053.pt,4def53f149137451b0009f08a96f38a9.pt,02691156
airplane,airplane_1054.pt,4dfe2199fdd333d09837a3d08a6a1966.pt,02691156
airplane,airplane_1055.pt,4e1dfdfdd417479f49e1f7e01fe2ed1.pt,02691156
airplane,airplane_1056.pt,4e2322d4f1c0d29df96e777471c18dbe.pt,02691156
airplane,airplane_1057.pt,4e2769ec84c0bd0454eefcdc602d4520.pt,02691156
airplane,airplane_1058.pt,4e3e46fa987d0892a185a70f269c2a41.pt,02691156
airplane,airplane_1059.pt,4e4128a2d12c818e5f38952c9fdf4604.pt,02691156
airplane,airplane_106.pt,15ce56898a636466afc526de59117398.pt,02691156
airplane,airplane_1060.pt,4e4ae13865bf47f41adbb4c4e06ad649.pt,02691156
airplane,airplane_1061.pt,4e66465abe540ee326ccedfb0470de8f.pt,02691156
airplane,airplane_1062.pt,4e67529b0ca7bd4fb3f2b01de37c0b29.pt,02691156
airplane,airplane_1063.pt,4e67ea4fbcd0d9a4bfb056e4de687088.pt,02691156
airplane,airplane_1064.pt,4e85ef428689df5cede07437dedab44.pt,02691156
airplane,airplane_1065.pt,4ea714b785e24f0d9a6e43b878d5b335.pt,02691156
airplane,airplane_1066.pt,4ec2aff45e8c495a667f1f26ed74631c.pt,02691156
airplane,airplane_1067.pt,4eced94670d10b35e856faf938562bd0.pt,02691156
airplane,airplane_1068.pt,4ed01f44e3e422dff64801ad2940cdd5.pt,02691156
airplane,airplane_1069.pt,4ed5983b7721f1da7f79d93424b708f0.pt,02691156
airplane,airplane_107.pt,1605bdb8709be6773c4d876662ed7ef0.pt,02691156
airplane,airplane_1070.pt,4ee420a617a2bb40bd4fd4a5b9107dc4.pt,02691156
airplane,airplane_1071.pt,4ee48907120e261c3df16180af9974ee.pt,02691156
airplane,airplane_1072.pt,4ee6a3030995dcd4bc0909d98a1ff2b4.pt,02691156
airplane,airplane_1073.pt,4f0bf26c62bb7c8b7e1c97634acf0214.pt,02691156
airplane,airplane_1074.pt,4f1fb7c062c50fb15a2c5766752aea65.pt,02691156
airplane,airplane_1075.pt,4f2830d3d566220be5dd38f670a033a8.pt,02691156
airplane,airplane_1076.pt,4f3a64164fbe16f54c2c88971423d0be.pt,02691156
airplane,airplane_1077.pt,4f3f39ddde5874f2db73445864b72015.pt,02691156
airplane,airplane_1078.pt,4f5fc434ebc03254fc7b1255b2e02e3f.pt,02691156
airplane,airplane_1079.pt,4f7814692598ebdc7dadbbeb79fd1fc9.pt,02691156
airplane,airplane_108.pt,16079ddc92f4c9efd677715e63c14038.pt,02691156
airplane,airplane_1080.pt,4f8952ff04d33784f64801ad2940cdd5.pt,02691156
airplane,airplane_1081.pt,4f9a01d66d1de632f810506e9ae2dcc2.pt,02691156
airplane,airplane_1082.pt,4f9b12d07dce21ac9d93a50cb0355558.pt,02691156
airplane,airplane_1083.pt,4fb10ce02887e35efca1f1143bb6bc17.pt,02691156
airplane,airplane_1084.pt,4fb69651d04e010554eefcdc602d4520.pt,02691156
airplane,airplane_1085.pt,4fbdfec0f9ee078dc1ccec171a275967.pt,02691156
airplane,airplane_1086.pt,4fccf49d6356c756b833a96759a020e2.pt,02691156
airplane,airplane_1087.pt,4fd9c86e43a1dea17209009cfb89d4bd.pt,02691156
airplane,airplane_1088.pt,4fe076aa34c706b83d7edb3bb2d24b58.pt,02691156
airplane,airplane_1089.pt,4fe7bcbeccf207a5a2a2a57a63160d60.pt,02691156
airplane,airplane_109.pt,1628b65a9f3cd7c05e9e2656aff7dd5b.pt,02691156
airplane,airplane_1090.pt,4ff50b9f815c58acca8607f540cc62ba.pt,02691156
airplane,airplane_1091.pt,50040de261741893fb5c1b0f759e2bc1.pt,02691156
airplane,airplane_1092.pt,5011e352793d063f26360e1e29a956c7.pt,02691156
airplane,airplane_1093.pt,5024341275a685bdecff69852469d7e3.pt,02691156
airplane,airplane_1094.pt,50342e9cb1a7e00e59c11002fedd14ce.pt,02691156
airplane,airplane_1095.pt,50755e616df58fe566cf1b4a8fc3914e.pt,02691156
airplane,airplane_1096.pt,508fa09e7df177e7fee8021c81c84603.pt,02691156
airplane,airplane_1097.pt,50d2629e7e96c2883034111f96c5f617.pt,02691156
airplane,airplane_1098.pt,50da48c8e7644508fca1f1143bb6bc17.pt,02691156
airplane,airplane_1099.pt,50e6ab918250ac797a663d343339f8e.pt,02691156
airplane,airplane_11.pt,10cfc2090a2ade124c3a35cee92bb95b.pt,02691156
airplane,airplane_110.pt,162ed8d0d989f3acc1ccec171a275967.pt,02691156
airplane,airplane_1100.pt,50e793fe39e527b245f31985fc702c6e.pt,02691156
airplane,airplane_1101.pt,513c955bb46d739683651cbc8e49e4f.pt,02691156
airplane,airplane_1102.pt,515b1b36d9f7721a903a13c314c66013.pt,02691156
airplane,airplane_1103.pt,519f1ddcbf942a76a71b0c9b506dc672.pt,02691156
airplane,airplane_1104.pt,51c0b132806335051592a2f89cfd307e.pt,02691156
airplane,airplane_1105.pt,51d6c3bf592a1fc16dfe8328adcc508e.pt,02691156
airplane,airplane_1106.pt,51ebcde47b4c29d81a62197a72f89474.pt,02691156
airplane,airplane_1107.pt,51f24c13e4af3e06b6e5b4d7b00c5b3.pt,02691156
airplane,airplane_1108.pt,51f51906f12681a1dc82b8fee1057b30.pt,02691156
airplane,airplane_1109.pt,520382dade7695c4906bca4ffd4af837.pt,02691156
airplane,airplane_111.pt,1659db64bbf46bcdc1955ee4b5680e91.pt,02691156
airplane,airplane_1110.pt,5213a6520cc225a0fb5c1b0f759e2bc1.pt,02691156
airplane,airplane_1111.pt,52151d6a699ed1acecae07472b415b97.pt,02691156
airplane,airplane_1112.pt,52185f504ffa9b32ca8607f540cc62ba.pt,02691156
airplane,airplane_1113.pt,521916cfab629ce0b6ed9420d56b12a9.pt,02691156
airplane,airplane_1114.pt,521b82ced564aa2c8ee17de2c75c8e96.pt,02691156
airplane,airplane_1115.pt,521eab9363fdc2a07209009cfb89d4bd.pt,02691156
airplane,airplane_1116.pt,523f1c2392338cf2b7f9c6f6b7bee458.pt,02691156
airplane,airplane_1117.pt,523f5360c3aa35b5e1c77ed807ff5c62.pt,02691156
airplane,airplane_1118.pt,525446bc8f55e629151f2df200a24ac.pt,02691156
airplane,airplane_1119.pt,525f3ec38c3baa7a4944d3c8bf9547cf.pt,02691156
airplane,airplane_112.pt,165c4491d10067b3bd46d022fd7d80aa.pt,02691156
airplane,airplane_1120.pt,52712e1c07ea494419ba010ddb4974fe.pt,02691156
airplane,airplane_1121.pt,52747021197c7eeeb1a0518c224975f.pt,02691156
airplane,airplane_1122.pt,5274742871cef1aca8cba409c4409ba9.pt,02691156
airplane,airplane_1123.pt,52764ef0877372245ddb9958cad651ae.pt,02691156
airplane,airplane_1124.pt,527975c6c0e1c426ca8607f540cc62ba.pt,02691156
airplane,airplane_1125.pt,5294c39d2a57bd7e5cad6226edb8e82.pt,02691156
airplane,airplane_1126.pt,52a1b6e8177805cf53a728ba6e36dfae.pt,02691156
airplane,airplane_1127.pt,52a6ae9074397d5f65f50257ecdfa5c7.pt,02691156
airplane,airplane_1128.pt,52a84fea7c314f4c3dfc741b4df74043.pt,02691156
airplane,airplane_1129.pt,52b2c8f99319167c71d03b466c72ce41.pt,02691156
airplane,airplane_113.pt,1667ab313638fb366cf1b4a8fc3914e.pt,02691156
airplane,airplane_1130.pt,52c9b1a9f8d3cbcb9a6e43b878d5b335.pt,02691156
airplane,airplane_1131.pt,52ca6970fb09b561f9f7510373841dd9.pt,02691156
airplane,airplane_1132.pt,52cd5876945106d154eefcdc602d4520.pt,02691156
airplane,airplane_1133.pt,52e27aecdd55c1bf5b03388497f76a9e.pt,02691156
airplane,airplane_1134.pt,52e7f93d592622a9615ba7bf3620290d.pt,02691156
airplane,airplane_1135.pt,52ef4ccb24accbb295673ce3194af95e.pt,02691156
airplane,airplane_1136.pt,53011f6c40df3d7b4f95630cc18536e0.pt,02691156
airplane,airplane_1137.pt,530540dc968b396d7f3805c1aec66f00.pt,02691156
airplane,airplane_1138.pt,530d0edd6e2881653023dc1d1218bb2d.pt,02691156
airplane,airplane_1139.pt,5335e5be2619bbed8141b488a44e65e2.pt,02691156
airplane,airplane_114.pt,16689e54c884aa01639c7058eaf33ae.pt,02691156
airplane,airplane_1140.pt,535dad1777edb67bbc0909d98a1ff2b4.pt,02691156
airplane,airplane_1141.pt,536e1640461854957a86454b5377c47f.pt,02691156
airplane,airplane_1142.pt,536f5d8e46467566643c3c243d611069.pt,02691156
airplane,airplane_1143.pt,53789eb9419da78c19bf80b167cee3a3.pt,02691156
airplane,airplane_1144.pt,538f0b5ee7c786e6d3b936925082270f.pt,02691156
airplane,airplane_1145.pt,5392580fe70da9043554ccf8c30febe7.pt,02691156
airplane,airplane_1146.pt,53958f924a50069090baeef8ba5b93e5.pt,02691156
airplane,airplane_1147.pt,53c27d3031f6f97e402be9c8dff728f8.pt,02691156
airplane,airplane_1148.pt,53c7a6b56afb63807222da102ac36d2b.pt,02691156
airplane,airplane_1149.pt,53d0eca7c8ab5e644c3a35cee92bb95b.pt,02691156
airplane,airplane_115.pt,166c9abfb0f5256bbf46baa68c6e37d4.pt,02691156
airplane,airplane_1150.pt,53d8ce9573e361d990b1d6deb98feec6.pt,02691156
airplane,airplane_1151.pt,53edcc6832e776dcca8607f540cc62ba.pt,02691156
airplane,airplane_1152.pt,53eee66291c47a91bc0909d98a1ff2b4.pt,02691156
airplane,airplane_1153.pt,53f0e2f6671346ae5ff3feb917a6004b.pt,02691156
airplane,airplane_1154.pt,54066a3cdb79ac8fa5cbab5aded19a14.pt,02691156
airplane,airplane_1155.pt,5413e0eca808b2601f17e8416b3322a8.pt,02691156
airplane,airplane_1156.pt,541ad6a69f87b134f4c1adce71073351.pt,02691156
airplane,airplane_1157.pt,541c19fe42806c4d26360e1e29a956c7.pt,02691156
airplane,airplane_1158.pt,541db123c3ae32cda91f7285bb2efb4d.pt,02691156
airplane,airplane_1159.pt,542a1e7f0009339aa813ec663952445c.pt,02691156
airplane,airplane_116.pt,166d333d38897d1513d521050081b441.pt,02691156
airplane,airplane_1160.pt,543412ccea0db2f8f37f38dedb2f1219.pt,02691156
airplane,airplane_1161.pt,5454ef3f1e0367f38f92ff0dbc52d7eb.pt,02691156
airplane,airplane_1162.pt,5459029489f68030590874dcd9dc8481.pt,02691156
airplane,airplane_1163.pt,545cadae487b55bbc46ba5100bcdc520.pt,02691156
airplane,airplane_1164.pt,5466493424ca47bbfca1f1143bb6bc17.pt,02691156
airplane,airplane_1165.pt,54711bb9127ddf7ef412783097373bdc.pt,02691156
airplane,airplane_1166.pt,54885d5beee4e76ab63969f9f8d6f075.pt,02691156
airplane,airplane_1167.pt,54984229a5e704f2941d71475449eb25.pt,02691156
airplane,airplane_1168.pt,54c0f5b611d3c7e683651cbc8e49e4f.pt,02691156
airplane,airplane_1169.pt,54c13e95f07492a9e10e757961deca98.pt,02691156
airplane,airplane_117.pt,16715d886ecf0a97ce2cec85ea6ae00d.pt,02691156
airplane,airplane_1170.pt,54d49185bcda732a91e8833d3c500d73.pt,02691156
airplane,airplane_1171.pt,54e926e12382808b66cf1b4a8fc3914e.pt,02691156
airplane,airplane_1172.pt,54f0d46b866c1f714d4cb1c2a5e48b7a.pt,02691156
airplane,airplane_1173.pt,55036f6b22ddeeedca8607f540cc62ba.pt,02691156
airplane,airplane_1174.pt,5515a62182afd357f2b0736dd4d8afe0.pt,02691156
airplane,airplane_1175.pt,551635d89144da64299a59bfd8e7d284.pt,02691156
airplane,airplane_1176.pt,551e8582c195944af1b991541832fbf8.pt,02691156
airplane,airplane_1177.pt,5524fd6b35f47d5ba8cba409c4409ba9.pt,02691156
airplane,airplane_1178.pt,552871abb864d06d35fc197bbabcd5bd.pt,02691156
airplane,airplane_1179.pt,552d76fdb54e5d57cf7cf1e30e2f5267.pt,02691156
airplane,airplane_118.pt,167250e2014c72dbb87697d3904b168b.pt,02691156
airplane,airplane_1180.pt,5558a2511bd43caf2fc668af6d3ad0ad.pt,02691156
airplane,airplane_1181.pt,556363167281c6e486ecff2582325794.pt,02691156
airplane,airplane_1182.pt,556d2b99469e62e623a346a784afd6ba.pt,02691156
airplane,airplane_1183.pt,557429a274a21e1e6a257cd6bc529741.pt,02691156
airplane,airplane_1184.pt,558d3d7e6e78f2d941756cc47b70ca20.pt,02691156
airplane,airplane_1185.pt,559f9a545b9b98a1d433b2698458193.pt,02691156
airplane,airplane_1186.pt,55b7a2661bffdf9d55a352cb563d3195.pt,02691156
airplane,airplane_1187.pt,55cdb0891d7a05fb2217d56276f279c.pt,02691156
airplane,airplane_1188.pt,55ce4fc0b3df0234bbf3143b1cb6076a.pt,02691156
airplane,airplane_1189.pt,55d0772f003a362916c1ee83fd7a7f1a.pt,02691156
airplane,airplane_119.pt,167740d2a5f5cb6c7f4561609781d8c9.pt,02691156
airplane,airplane_1190.pt,55ed35a03b08a8f44f95630cc18536e0.pt,02691156
airplane,airplane_1191.pt,55f212ad58883877ca8607f540cc62ba.pt,02691156
airplane,airplane_1192.pt,55fabcb7e7c11560fa6bb68bdba0e663.pt,02691156
airplane,airplane_1193.pt,5608c1b40a0c2fc9c2912ef1a1302821.pt,02691156
airplane,airplane_1194.pt,560b4af718f67902ac4f72bf08dc79a6.pt,02691156
airplane,airplane_1195.pt,560e0890ae86aa7624a25a765a1075c2.pt,02691156
airplane,airplane_1196.pt,561bab672a9e12352c1752d7966dcc0.pt,02691156
airplane,airplane_1197.pt,562a94308f7bf09b8aa0062ef5480a6d.pt,02691156
airplane,airplane_1198.pt,563cef4df464ddb1e153dd90dac45a6d.pt,02691156
airplane,airplane_1199.pt,56616237ed5168f3a18e0889038e4fb6.pt,02691156
airplane,airplane_12.pt,10db820f0e20396a492c7ca609cb0182.pt,02691156
airplane,airplane_120.pt,1678946724380812de689e373096b0e3.pt,02691156
airplane,airplane_1200.pt,5676893c90ec0f6dab81b7399bdbb6e2.pt,02691156
airplane,airplane_1201.pt,5678fc24603d25cb74745e8fbb11e3df.pt,02691156
airplane,airplane_1202.pt,56ace4b209c9ee823bb911cbca3906a3.pt,02691156
airplane,airplane_1203.pt,56b44fdca08540da71d03b466c72ce41.pt,02691156
airplane,airplane_1204.pt,56ba815f883279b462b600da24e0965.pt,02691156
airplane,airplane_1205.pt,56bb8130f49b481e230ac8907b9b7f90.pt,02691156
airplane,airplane_1206.pt,56c605d0b1bd86a9f417244ad1b14759.pt,02691156
airplane,airplane_1207.pt,56c79a936f57ef3f7b164268a44f7712.pt,02691156
airplane,airplane_1208.pt,56c7e0b6f27cc498f3ad4b0977199f23.pt,02691156
airplane,airplane_1209.pt,56c827003a2fdb16853d2b3113ecdbb6.pt,02691156
airplane,airplane_121.pt,167a44b60adc37319ba010ddb4974fe.pt,02691156
airplane,airplane_1210.pt,56ec4638067cfccd3dd4ea7aa5ac3a5a.pt,02691156
airplane,airplane_1211.pt,56ed0ef0864d18c2f5c7319b71bdce6e.pt,02691156
airplane,airplane_1212.pt,56fbecc11e62071553a6ddb5892da51a.pt,02691156
airplane,airplane_1213.pt,571cfb1da3d5b3704b5910188444efc8.pt,02691156
airplane,airplane_1214.pt,572cae68af04663cb145cb2b20ac87f8.pt,02691156
airplane,airplane_1215.pt,572d374ddb49e77a828204947d78b9af.pt,02691156
airplane,airplane_1216.pt,5739574537212a72b3f2b01de37c0b29.pt,02691156
airplane,airplane_1217.pt,57575cb42132554af64801ad2940cdd5.pt,02691156
airplane,airplane_1218.pt,575b8ec48c550f456252573e97057236.pt,02691156
airplane,airplane_1219.pt,5763ed16cc79ce63dc0a4f5bab755bb6.pt,02691156
airplane,airplane_122.pt,16868a30ebe634053dc22b596edc161e.pt,02691156
airplane,airplane_1220.pt,576edc1da4e3fb47b627754c4259e985.pt,02691156
airplane,airplane_1221.pt,577ef32f6c313a5e4ca16f43c2716caf.pt,02691156
airplane,airplane_1222.pt,5785c8651893ca6b7209009cfb89d4bd.pt,02691156
airplane,airplane_1223.pt,579187a52086b0a63690bd3a9fab7134.pt,02691156
airplane,airplane_1224.pt,57937c7ab42260ebf119374ee5d5f944.pt,02691156
airplane,airplane_1225.pt,5793a442744f4bcf7af203abeca5ce86.pt,02691156
airplane,airplane_1226.pt,57a57f639a3e636d914c075742032f6.pt,02691156
airplane,airplane_1227.pt,57b5666dfe2607ea1025c08d338b6d83.pt,02691156
airplane,airplane_1228.pt,57c4a88a7b2e10f14c971d5c531b9d1c.pt,02691156
airplane,airplane_1229.pt,57e135ae4fc03f2e6d06e36417078f.pt,02691156
airplane,airplane_123.pt,16b2f62791bd9f003554ccf8c30febe7.pt,02691156
airplane,airplane_1230.pt,57eaa54ff3e4d6f211f78b196c636566.pt,02691156
airplane,airplane_1231.pt,57f1dfb095bbe82cafc7bdb2f8d1ea84.pt,02691156
airplane,airplane_1232.pt,57f30880519c8270e58d21f41272cdad.pt,02691156
airplane,airplane_1233.pt,57fe8ad460bcb4929a4a28ef635593ce.pt,02691156
airplane,airplane_1234.pt,580e54df8765aac1c1ca96a73599ca7e.pt,02691156
airplane,airplane_1235.pt,584e076b6cee78addc3757fd1f4189a9.pt,02691156
airplane,airplane_1236.pt,5869e6c3e9d2748e5ff3feb917a6004b.pt,02691156
airplane,airplane_1237.pt,589e5b24b3b0e30e2620819ddac40644.pt,02691156
airplane,airplane_1238.pt,58d23c8bf0902cc590b1d6deb98feec6.pt,02691156
airplane,airplane_1239.pt,58e7f5046a0eb6474298cee0ed15ce9.pt,02691156
airplane,airplane_124.pt,16d40e779903e77863b132896d8bc65d.pt,02691156
airplane,airplane_1240.pt,58e967e02a183d49bc0909d98a1ff2b4.pt,02691156
airplane,airplane_1241.pt,58fadbeceb7e239724f575085333a65b.pt,02691156
airplane,airplane_1242.pt,58fcba9ef405277cfc8d2548f6ad75e.pt,02691156
airplane,airplane_1243.pt,58fe58e9f7431a1a428659c2b5124968.pt,02691156
airplane,airplane_1244.pt,5903b9eeb53f1f05a5a118bd15e6e34f.pt,02691156
airplane,airplane_1245.pt,59043812c2139ea8bbf3143b1cb6076a.pt,02691156
airplane,airplane_1246.pt,59209cb5ba7a34633e1e5609a53c0477.pt,02691156
airplane,airplane_1247.pt,593dbc303a7afed7f44f89e40af48618.pt,02691156
airplane,airplane_1248.pt,595556bad291028733de69c9cd670995.pt,02691156
airplane,airplane_1249.pt,5958285db82a82cbc0909d98a1ff2b4.pt,02691156
airplane,airplane_125.pt,16ef481509c64f845dcf422dd1ee66d9.pt,02691156
airplane,airplane_1250.pt,5963e4385e6e5c0925c10fa44a32fd7.pt,02691156
airplane,airplane_1251.pt,596c6e1e27b102aedf9d17a71b5ddec2.pt,02691156
airplane,airplane_1252.pt,596cddf6fbdc9d6b96212c8f6cd06e.pt,02691156
airplane,airplane_1253.pt,59b851010f0aef7422b13c48c34706de.pt,02691156
airplane,airplane_1254.pt,59b8d36b0f96aa5cca649c0959202cf.pt,02691156
airplane,airplane_1255.pt,59bb001a6f7301b0bb00d3d91443cc67.pt,02691156
airplane,airplane_1256.pt,59bbe6a07a5a68d5d96b332cac4e78f7.pt,02691156
airplane,airplane_1257.pt,59eecc0a983a27a8130cc35407fba74a.pt,02691156
airplane,airplane_1258.pt,59f258b7aa7c1f7aa7d0c1e4eb8db7dc.pt,02691156
airplane,airplane_1259.pt,5a0fe6557b4e2b9ea8e091cb544689d5.pt,02691156
airplane,airplane_126.pt,16f67f87f414a5df26360e1e29a956c7.pt,02691156
airplane,airplane_1260.pt,5a12bc3a78c510cb366a5992755f2322.pt,02691156
airplane,airplane_1261.pt,5a1d4af1f417d28566cf1b4a8fc3914e.pt,02691156
airplane,airplane_1262.pt,5a3344eee5b27e670da4e1131665650.pt,02691156
airplane,airplane_1263.pt,5a37bc42a52130a18f52dc705c3109b9.pt,02691156
airplane,airplane_1264.pt,5a38f5eb63dd8b20ab9d1113aabc16f5.pt,02691156
airplane,airplane_1265.pt,5a399ad6696d587d5e37076261ed63.pt,02691156
airplane,airplane_1266.pt,5a4c3f3af30e42e057891d676f728bc0.pt,02691156
airplane,airplane_1267.pt,5a5e4590c54a70c6322c168d7a7c32f4.pt,02691156
airplane,airplane_1268.pt,5a6eb0f2a316f23666cf1b4a8fc3914e.pt,02691156
airplane,airplane_1269.pt,5a815646537e3b39f51612c193433f02.pt,02691156
airplane,airplane_127.pt,16f81f41ba16edebca8607f540cc62ba.pt,02691156
airplane,airplane_1270.pt,5aa22f8c52d2f777a80799ffaf21ea7d.pt,02691156
airplane,airplane_1271.pt,5ab5f03340921fc8b96ae1a0a8b84ec.pt,02691156
airplane,airplane_1272.pt,5abba5b86814b98a9f4ab5ced9b9495.pt,02691156
airplane,airplane_1273.pt,5abe1e80846dd485c3e7213e9e8493f0.pt,02691156
airplane,airplane_1274.pt,5ac00867c7d78b1690b1d6deb98feec6.pt,02691156
airplane,airplane_1275.pt,5ac0cd21410b2a6a341877ff7a6c751f.pt,02691156
airplane,airplane_1276.pt,5aca1a2ca9143638b129901f80d24b7b.pt,02691156
airplane,airplane_1277.pt,5ad5fbe84d7d8ef790b1d6deb98feec6.pt,02691156
airplane,airplane_1278.pt,5ae05c956af61890b58b3ab5dbaea0f7.pt,02691156
airplane,airplane_1279.pt,5aeb583ee6e0e4ea42d0e83abdfab1fd.pt,02691156
airplane,airplane_128.pt,171f4e9ffda674f44f4fd7b0550f5bef.pt,02691156
airplane,airplane_1280.pt,5aec07305ba4bd3d66cf1b4a8fc3914e.pt,02691156
airplane,airplane_1281.pt,5aee97ad467ed9d75fe4b20a3aaa51a2.pt,02691156
airplane,airplane_1282.pt,5afdfdbb4161ce0a7456183f198fd1e9.pt,02691156
airplane,airplane_1283.pt,5b048655453b37467584cbfee85fb982.pt,02691156
airplane,airplane_1284.pt,5b3e534b2d022a9528be5258a76a8dcf.pt,02691156
airplane,airplane_1285.pt,5b5c4dc4bd29dc8166cf1b4a8fc3914e.pt,02691156
airplane,airplane_1286.pt,5b76fbabde77889c99399ee63318a21b.pt,02691156
airplane,airplane_1287.pt,5b815e2726656685823df672991ed66.pt,02691156
airplane,airplane_1288.pt,5b86cf0b988987c9fca1f1143bb6bc17.pt,02691156
airplane,airplane_1289.pt,5b985bc192961c595de04aad18bd94c3.pt,02691156
airplane,airplane_129.pt,172764bea108bbcceae5a783c313eb36.pt,02691156
airplane,airplane_1290.pt,5bc41589eba11a4e15477d594f1fbd99.pt,02691156
airplane,airplane_1291.pt,5bd21df38ef89239ba4ae55719e5e195.pt,02691156
airplane,airplane_1292.pt,5bd746709adf5b3ccffae3eeba6126e6.pt,02691156
airplane,airplane_1293.pt,5bdef9dfed852e26195688f8ce8acdb7.pt,02691156
airplane,airplane_1294.pt,5bea928fa9b2255ca8cba409c4409ba9.pt,02691156
airplane,airplane_1295.pt,5c10e37453733ddb46d83d16be057f3e.pt,02691156
airplane,airplane_1296.pt,5c306ddfcc08ea1b230ac8907b9b7f90.pt,02691156
airplane,airplane_1297.pt,5c379a118ec80927febd4e8b843c95aa.pt,02691156
airplane,airplane_1298.pt,5c3e308093e9f287f019a51d1a3b2e07.pt,02691156
airplane,airplane_1299.pt,5c4095795aad447f7301f2b895d332ac.pt,02691156
airplane,airplane_13.pt,10e0a7255d279a419751c7a6f15617f4.pt,02691156
airplane,airplane_130.pt,172ac13acd9aa91f3df325aac2f73830.pt,02691156
airplane,airplane_1300.pt,5c43f5436b308ed89a6e43b878d5b335.pt,02691156
airplane,airplane_1301.pt,5c63ad3688c623b1a787d03c28977672.pt,02691156
airplane,airplane_1302.pt,5c6590461085c93ea91e80f26309099e.pt,02691156
airplane,airplane_1303.pt,5c72cc06d79edd1cbbf3143b1cb6076a.pt,02691156
airplane,airplane_1304.pt,5c74962846d6cd33920ed6df8d81211d.pt,02691156
airplane,airplane_1305.pt,5c7729a3c482d77542c20743f866e1a6.pt,02691156
airplane,airplane_1306.pt,5c7ef3d5de5ca9a1ca8607f540cc62ba.pt,02691156
airplane,airplane_1307.pt,5c8b6d47313dae4fca1f1143bb6bc17.pt,02691156
airplane,airplane_1308.pt,5c9b09738d7920f0546100d9c41f5274.pt,02691156
airplane,airplane_1309.pt,5c9e30bf0691c04d4c3a35cee92bb95b.pt,02691156
airplane,airplane_131.pt,172e23ab5b4d189566cf1b4a8fc3914e.pt,02691156
airplane,airplane_1310.pt,5cbe5be753b5c7faf389d19fad321c37.pt,02691156
airplane,airplane_1311.pt,5cd14216765393f18b96ae1a0a8b84ec.pt,02691156
airplane,airplane_1312.pt,5cd19fcc882cc769e8b0cab853748d53.pt,02691156
airplane,airplane_1313.pt,5cd68dfe309e1f8317e5bbee411fa5d0.pt,02691156
airplane,airplane_1314.pt,5cf29113582e718171d03b466c72ce41.pt,02691156
airplane,airplane_1315.pt,5cfdb557f5fedd51adb50624aa91e8c9.pt,02691156
airplane,airplane_1316.pt,5d022668941c6559b0ed23034a67f7f.pt,02691156
airplane,airplane_1317.pt,5d0d3f54c5d9dd386a1aee7416e39fad.pt,02691156
airplane,airplane_1318.pt,5d1594f792f3641583a1f09b027e5462.pt,02691156
airplane,airplane_1319.pt,5d1d88958bd1c9c573328938c756eb4b.pt,02691156
airplane,airplane_132.pt,177ea8d43905b1646ee4da51ee0005c9.pt,02691156
airplane,airplane_1320.pt,5d2f0bdbd08be6fa3105bdad0abb9e24.pt,02691156
airplane,airplane_1321.pt,5d5aefde5935fc9eaa5d0ddd6a2781ea.pt,02691156
airplane,airplane_1322.pt,5d6334ae2a0dbf70bd46d022fd7d80aa.pt,02691156
airplane,airplane_1323.pt,5d7b52a58c667ca835fc197bbabcd5bd.pt,02691156
airplane,airplane_1324.pt,5d7c2f1b6ed0d02aa4684be4f9cb3c1d.pt,02691156
airplane,airplane_1325.pt,5d81abbccc11935b4d4cb1c2a5e48b7a.pt,02691156
airplane,airplane_1326.pt,5d8583703889178a8bc354dd4eb23614.pt,02691156
airplane,airplane_1327.pt,5d925e4748bb4ad155050237670e0ad2.pt,02691156
airplane,airplane_1328.pt,5da145252e095024ee738cc95b5ae8e.pt,02691156
airplane,airplane_1329.pt,5dbe5dd200fc214951971f8370d9050.pt,02691156
airplane,airplane_133.pt,177fadcfa6b4a8346aa3bf023a2b42a5.pt,02691156
airplane,airplane_1330.pt,5dd2324cd6ebf52e293fdbda4e7beec9.pt,02691156
airplane,airplane_1331.pt,5de2cc606b65b960e0b6546e08902f28.pt,02691156
airplane,airplane_1332.pt,5de885a47cf8aae2951971f8370d9050.pt,02691156
airplane,airplane_1333.pt,5df7124460d8cd14fd17e1e0553418c6.pt,02691156
airplane,airplane_1334.pt,5e0331eab3f051988f6810e1a2b6aa04.pt,02691156
airplane,airplane_1335.pt,5e124107cb94b90218ad244e2cb2c6cb.pt,02691156
airplane,airplane_1336.pt,5e29fd83e0494cd815796a932d10290d.pt,02691156
airplane,airplane_1337.pt,5e31a194b02a286df8c6d04d97f8cf7.pt,02691156
airplane,airplane_1338.pt,5e34c340059f5b4b1c97b7d78f1a34d4.pt,02691156
airplane,airplane_1339.pt,5e44d38e88458ab1e1873a3963e0d14.pt,02691156
airplane,airplane_134.pt,17874281e56ff0fbfca1f1143bb6bc17.pt,02691156
airplane,airplane_1340.pt,5e6c986605a2817ed4837a4534bf020b.pt,02691156
airplane,airplane_1341.pt,5e77ccd7794465dacbbcf57b22894cc3.pt,02691156
airplane,airplane_1342.pt,5e7952b2d1a495f24c3a35cee92bb95b.pt,02691156
airplane,airplane_1343.pt,5e9129782c45b26992e39b8eae3e6b15.pt,02691156
airplane,airplane_1344.pt,5ea68e6edd123801ad75fc64c51fb188.pt,02691156
airplane,airplane_1345.pt,5eb91263da1f0bf3e816c75152573ee0.pt,02691156
airplane,airplane_1346.pt,5efa09bee2cf193afaad157818f6ee1e.pt,02691156
airplane,airplane_1347.pt,5eff54a76d8ef89d7e1c97634acf0214.pt,02691156
airplane,airplane_1348.pt,5f0e7de6a86a694d3930849f1d75b1.pt,02691156
airplane,airplane_1349.pt,5f11d3dd6ccacf92de7a468bfa758b34.pt,02691156
airplane,airplane_135.pt,17ac3afd54143b797172a40a4ca640fe.pt,02691156
airplane,airplane_1350.pt,5f2aa0bc5a7fc2beacf77e718d93f3e1.pt,02691156
airplane,airplane_1351.pt,5f2f19cff434d86ceee9782f3a645bc4.pt,02691156
airplane,airplane_1352.pt,5f46b24028db58f490baeef8ba5b93e5.pt,02691156
airplane,airplane_1353.pt,5f46f3c62e353c7bb4f5fdc59ce06e88.pt,02691156
airplane,airplane_1354.pt,5f6b6f649b419cea71f4784575c35350.pt,02691156
airplane,airplane_1355.pt,5f73e503595094b783b772877a547745.pt,02691156
airplane,airplane_1356.pt,5f7f0545eba4034965e692ae5160ef.pt,02691156
airplane,airplane_1357.pt,5f8fa607106199e7bd46d022fd7d80aa.pt,02691156
airplane,airplane_1358.pt,5f9707e5f6b820275823df672991ed66.pt,02691156
airplane,airplane_1359.pt,5f9b4ffc555c9915a3451bc89763f63c.pt,02691156
airplane,airplane_136.pt,17ad3ab1b1d12a7db26dc8ec64d633df.pt,02691156
airplane,airplane_1360.pt,5f9d38e5e7fef49f7a571401e6605fc2.pt,02691156
airplane,airplane_1361.pt,5face359ff1d4b4f8e8131a047a07ce1.pt,02691156
airplane,airplane_1362.pt,5fb64e3fc0abe449ca8607f540cc62ba.pt,02691156
airplane,airplane_1363.pt,5fc53108f6bf2f45893f875739da1b24.pt,02691156
airplane,airplane_1364.pt,5fc63354b0156d113136bac5fdb5050a.pt,02691156
airplane,airplane_1365.pt,5fcc974627fb15fbd1491f61ed5cc034.pt,02691156
airplane,airplane_1366.pt,5fe313e070d6fc4e2620819ddac40644.pt,02691156
airplane,airplane_1367.pt,5fed73635306ad9f14ac58bc87dcf2c2.pt,02691156
airplane,airplane_1368.pt,5ff1cd7d4fc48c864b6d6a3a20b9f7f.pt,02691156
airplane,airplane_1369.pt,600f970e5d1032dda4642ec4b6f68a.pt,02691156
airplane,airplane_137.pt,17bc7631cbdaaa0c932e2c9d273ab571.pt,02691156
airplane,airplane_1370.pt,6021cb206f3db880c57b4651eeb679eb.pt,02691156
airplane,airplane_1371.pt,60232dad38a6ec709a6e43b878d5b335.pt,02691156
airplane,airplane_1372.pt,602a71a251857294959a8a7d5a8a5077.pt,02691156
airplane,airplane_1373.pt,604392af2cbb7d1fe30ec10233e7931a.pt,02691156
airplane,airplane_1374.pt,6044301c7b4c63ec90b1d6deb98feec6.pt,02691156
airplane,airplane_1375.pt,6047f2c5854dd38526cb540828830330.pt,02691156
airplane,airplane_1376.pt,6058d6701a0ca4e748e8405d6c51a908.pt,02691156
airplane,airplane_1377.pt,605c79a4937e72aed0f4914f6d630bad.pt,02691156
airplane,airplane_1378.pt,60af3c930040c8b915d4d2fdca08573e.pt,02691156
airplane,airplane_1379.pt,60b5f5da40e0dd33579f6385fdd4245b.pt,02691156
airplane,airplane_138.pt,17c2d3e052dfe73f9cc1fc25372199f.pt,02691156
airplane,airplane_1380.pt,60f99c0946c095e833b2a295000cb6fe.pt,02691156
airplane,airplane_1381.pt,6110cd7e771f0ab3a847e990b54bf80c.pt,02691156
airplane,airplane_1382.pt,61159c0458d41ac8e341b5704aa568bd.pt,02691156
airplane,airplane_1383.pt,611c65a9a9099c6121e570d3da54bf9d.pt,02691156
airplane,airplane_1384.pt,61330ac001ced49f64801ad2940cdd5.pt,02691156
airplane,airplane_1385.pt,613bf91bc5c201e115392a14b2886d23.pt,02691156
airplane,airplane_1386.pt,617259db5ef0b9f8bc0909d98a1ff2b4.pt,02691156
airplane,airplane_1387.pt,617993bd3425d570ca2bd098b9203af.pt,02691156
airplane,airplane_1388.pt,617a3d4bb40402679c411d305417ef6c.pt,02691156
airplane,airplane_1389.pt,6187d076d53429aa67c54439d6177032.pt,02691156
airplane,airplane_139.pt,17c86b46990b54b65578b8865797aa0.pt,02691156
airplane,airplane_1390.pt,618b433a97bc23acb1f09c4591ed2db9.pt,02691156
airplane,airplane_1391.pt,6193ca8f5b4419bfd86ebdaa02a63c4b.pt,02691156
airplane,airplane_1392.pt,619f0ed9bd92778e1c6bce26aea93f68.pt,02691156
airplane,airplane_1393.pt,61bd590e917928f6b6ecbbb2e4d05900.pt,02691156
airplane,airplane_1394.pt,61c804d4751079962df73a6189a3b87.pt,02691156
airplane,airplane_1395.pt,61e8e8a7ea726a03c79f92df566f8c6b.pt,02691156
airplane,airplane_1396.pt,61fe19a62a786c96950d2b3eef73a70e.pt,02691156
airplane,airplane_1397.pt,6271b0016c5fb3bd59d2e83012533b47.pt,02691156
airplane,airplane_1398.pt,6296558889cbcba8faa7ec7d870d2e09.pt,02691156
airplane,airplane_1399.pt,62a72a5afc84ed54faa7ec7d870d2e09.pt,02691156
airplane,airplane_14.pt,10e4331c34d610dacc14f1e6f4f4f49b.pt,02691156
airplane,airplane_140.pt,17e66cd463ff0de126360e1e29a956c7.pt,02691156
airplane,airplane_1400.pt,62aecdd1266b27935fc197bbabcd5bd.pt,02691156
airplane,airplane_1401.pt,62bc07e9813d75ead46f37bdc1dd4b45.pt,02691156
airplane,airplane_1402.pt,62bc52c204b738317dcda43eefa0ac02.pt,02691156
airplane,airplane_1403.pt,62bd247f0e8081a171d03b466c72ce41.pt,02691156
airplane,airplane_1404.pt,62c875c3db8bbc512842bbbd2f23c97c.pt,02691156
airplane,airplane_1405.pt,62ca091091053afd9a6e43b878d5b335.pt,02691156
airplane,airplane_1406.pt,62d03831457b2fee62347b4731688b0f.pt,02691156
airplane,airplane_1407.pt,62e29787d3623618575bf8a4b14be4f4.pt,02691156
airplane,airplane_1408.pt,62ea17b5f0d46e2288a89a28f04ce622.pt,02691156
airplane,airplane_1409.pt,62ebb16b6b4ffd74df8fc3a07f996293.pt,02691156
airplane,airplane_141.pt,1807d521bc2164cd8c4f5e741c2f9cdb.pt,02691156
airplane,airplane_1410.pt,62ebe2dd7bceccd097f28f82dd9c77a2.pt,02691156
airplane,airplane_1411.pt,62fa636e217a3db25a70c4e5328e0b9f.pt,02691156
airplane,airplane_1412.pt,62fe06fd4f1b390fa9bcc7eaa4032fa4.pt,02691156
airplane,airplane_1413.pt,6311138687290f8a505ae8d422ba349d.pt,02691156
airplane,airplane_1414.pt,6341436b6a9df0c6683651cbc8e49e4f.pt,02691156
airplane,airplane_1415.pt,634de14a7721145fb3f2b01de37c0b29.pt,02691156
airplane,airplane_1416.pt,636dfe39d75701b6cc14f1e6f4f4f49b.pt,02691156
airplane,airplane_1417.pt,639d85cb4487bb0e3c326782eb2d380e.pt,02691156
airplane,airplane_1418.pt,63a2144cfae402149b30aa09067b7eef.pt,02691156
airplane,airplane_1419.pt,63c63aed97f15526bbf3143b1cb6076a.pt,02691156
airplane,airplane_142.pt,1818597d398db8f7f1f82f6fc8747b8.pt,02691156
airplane,airplane_1420.pt,63c78352b218c01a995425f067333fd3.pt,02691156
airplane,airplane_1421.pt,63ca41783e5d41f1651e8da9cf70afea.pt,02691156
airplane,airplane_1422.pt,63dda61ab3ccc4304a3b534252984039.pt,02691156
airplane,airplane_1423.pt,63ee010741ba665c35fc197bbabcd5bd.pt,02691156
airplane,airplane_1424.pt,63f3edb47c67caa29a6e43b878d5b335.pt,02691156
airplane,airplane_1425.pt,63f4d6895e0de9079bd3f7086e6031a.pt,02691156
airplane,airplane_1426.pt,640c9b76fd75aa94d13ef00338ba8c52.pt,02691156
airplane,airplane_1427.pt,641af2da275049936cc53f9d72e7fec3.pt,02691156
airplane,airplane_1428.pt,6420a3ff5e526d59e16519c843f95ce0.pt,02691156
airplane,airplane_1429.pt,64211a5d22e8ffad7209009cfb89d4bd.pt,02691156
airplane,airplane_143.pt,1825c91c5f2da4bab12962b43f188cbb.pt,02691156
airplane,airplane_1430.pt,6422d4a9c5b5b8f350361148ac946a05.pt,02691156
airplane,airplane_1431.pt,642b46912529c6e57f1f82f6fc8747b8.pt,02691156
airplane,airplane_1432.pt,642e481ed56874eb19ba010ddb4974fe.pt,02691156
airplane,airplane_1433.pt,6456e87ff00e31a96efa61580a088aac.pt,02691156
airplane,airplane_1434.pt,6459a6977cce8f8789b0d69aba91f1ef.pt,02691156
airplane,airplane_1435.pt,645b2bf682e865ab9a6e43b878d5b335.pt,02691156
airplane,airplane_1436.pt,645cccbc057c79cdcc57882dfaef8a57.pt,02691156
airplane,airplane_1437.pt,646b93aecb7b7011a9b2becd26dc2fc1.pt,02691156
airplane,airplane_1438.pt,647576c71cff90b4ca8607f540cc62ba.pt,02691156
airplane,airplane_1439.pt,647a8f5c79b54910f6c0d5cf01fdaf45.pt,02691156
airplane,airplane_144.pt,1850f4acdfb738bd7456183f198fd1e9.pt,02691156
airplane,airplane_1440.pt,647e76622faa22b626b85a24a73a298a.pt,02691156
airplane,airplane_1441.pt,6481eb70eb9a58cfb2bb87688c5d2f58.pt,02691156
airplane,airplane_1442.pt,649a8f44ccc86f4843513dd632697ccb.pt,02691156
airplane,airplane_1443.pt,64a0f304fa3c113bc817819d30841d0.pt,02691156
airplane,airplane_1444.pt,64cb683afd5e9e559db1d21b460eacef.pt,02691156
airplane,airplane_1445.pt,64da2f66ccfb98c6c511571426f8b16d.pt,02691156
airplane,airplane_1446.pt,64dbeac5250de2bfc5d50480246d2c40.pt,02691156
airplane,airplane_1447.pt,64e36b948869a79683653a771e25099b.pt,02691156
airplane,airplane_1448.pt,64f01ada275ba83df1218670339368db.pt,02691156
airplane,airplane_1449.pt,6509073d1ff37d683d41f76be7f2e91f.pt,02691156
airplane,airplane_145.pt,1856da25a85402ce63e266a803d9270.pt,02691156
airplane,airplane_1450.pt,65166f18d4ee36a61cac9affde84fd21.pt,02691156
airplane,airplane_1451.pt,65278860c7d0f3704f59c2a67aa8473b.pt,02691156
airplane,airplane_1452.pt,653665e9c401e7ce6b310cbbfd03b8ce.pt,02691156
airplane,airplane_1453.pt,65468fa9ca2f3e9e642566c028df23cd.pt,02691156
airplane,airplane_1454.pt,654a5b26c59c12e5d2c4ce8118ff5045.pt,02691156
airplane,airplane_1455.pt,65511fdb2afad900203936772104a82d.pt,02691156
airplane,airplane_1456.pt,655dc5a5376e9c8152c3271e911ffe19.pt,02691156
airplane,airplane_1457.pt,655ea8d8c710cf98f3a69a6853df2d7b.pt,02691156
airplane,airplane_1458.pt,65654b5c4e488e0c961fa14fc879444e.pt,02691156
airplane,airplane_1459.pt,657439efe649f57f47f8deec944763f7.pt,02691156
airplane,airplane_146.pt,18666bda4244d22ca7aff2c3136e8e59.pt,02691156
airplane,airplane_1460.pt,65960aceecc9d6f88388594197e843d8.pt,02691156
airplane,airplane_1461.pt,65b12fc357604a2587b2a887422ab97.pt,02691156
airplane,airplane_1462.pt,65b3e612c00a65a6bc0909d98a1ff2b4.pt,02691156
airplane,airplane_1463.pt,65bdf7b997087055ba30a078a973ced0.pt,02691156
airplane,airplane_1464.pt,65cde29553fe7d763a63e8ba97b45ddc.pt,02691156
airplane,airplane_1465.pt,65d7ed8984d78a797c9af13aaa662e8e.pt,02691156
airplane,airplane_1466.pt,65f77283a392890aa8cba409c4409ba9.pt,02691156
airplane,airplane_1467.pt,6615bb23e68159c193d4024985440d4c.pt,02691156
airplane,airplane_1468.pt,6615d159d2e250376969ef231a00a44b.pt,02691156
airplane,airplane_1469.pt,66493aa4ae7dbe40b6b87e72ead132ed.pt,02691156
airplane,airplane_147.pt,186ca7892ed6de2adb22b838c125a50b.pt,02691156
airplane,airplane_1470.pt,6659e72d40cef80be07c29b23ef67611.pt,02691156
airplane,airplane_1471.pt,669060a91dc45dfd2ede7237ec38a80.pt,02691156
airplane,airplane_1472.pt,6693d4bd6edce2a7fd3f94e9ae089f96.pt,02691156
airplane,airplane_1473.pt,66a32714d2344d1bf52a658ce0ec2c1.pt,02691156
airplane,airplane_1474.pt,66ae19841350ac2d4ba2821676102936.pt,02691156
airplane,airplane_1475.pt,66b9ccf5842ed7f79330265a9fff38de.pt,02691156
airplane,airplane_1476.pt,66bdf712963b9a17efe0d4e1eba2e3af.pt,02691156
airplane,airplane_1477.pt,66c37aeffd6e73f284306f3bf0a1f2d7.pt,02691156
airplane,airplane_1478.pt,66cd9502b63e8a97bbf3143b1cb6076a.pt,02691156
airplane,airplane_1479.pt,66e0fbcab927f21a875d37e2f5bce5e8.pt,02691156
airplane,airplane_148.pt,18806a80387734b754c7b6e11bf7148d.pt,02691156
airplane,airplane_1480.pt,66e60b297f733435fff6684ee288fa59.pt,02691156
airplane,airplane_1481.pt,6705821a6b32fb3eca8607f540cc62ba.pt,02691156
airplane,airplane_1482.pt,670d455bf1bdaafdf577ff4de1ac394c.pt,02691156
airplane,airplane_1483.pt,6720352c366eba1a60370f16a3e15e76.pt,02691156
airplane,airplane_1484.pt,67217ee1bb8443c8316b8b2265213f7a.pt,02691156
airplane,airplane_1485.pt,674115a86dd196c142c20743f866e1a6.pt,02691156
airplane,airplane_1486.pt,675464537c846822aa7669713586004c.pt,02691156
airplane,airplane_1487.pt,675a2332a973401f6376dff6c42ab2c2.pt,02691156
airplane,airplane_1488.pt,67636e7d15d082089412a62cd6b1bf5.pt,02691156
airplane,airplane_1489.pt,676e568ab8e286ad67c54439d6177032.pt,02691156
airplane,airplane_149.pt,1887d7e3ec69fe06a5cac89017eae8d1.pt,02691156
airplane,airplane_1490.pt,6778c46aff633538c0676369cd1d063d.pt,02691156
airplane,airplane_1491.pt,67979ab8dc522028788e57551eae0744.pt,02691156
airplane,airplane_1492.pt,679d4f84caa5a1a8f019a51d1a3b2e07.pt,02691156
airplane,airplane_1493.pt,67a6b5b12ba64c529a6e43b878d5b335.pt,02691156
airplane,airplane_1494.pt,67b2e9282e92abe110ac482828ea39f.pt,02691156
airplane,airplane_1495.pt,67b7039f53759e92f4fb6842b3610149.pt,02691156
airplane,airplane_1496.pt,67c8fe06930cf8788762ebad71629f9b.pt,02691156
airplane,airplane_1497.pt,67d9607d84fb51435fc197bbabcd5bd.pt,02691156
airplane,airplane_1498.pt,67da7044f5bee4f65c6d168c6e7f59dc.pt,02691156
airplane,airplane_1499.pt,67dbb0de722cf5cd7a734abc5ba1db0f.pt,02691156
airplane,airplane_15.pt,10eeb119fd5508e0d6d949577c389a84.pt,02691156
airplane,airplane_150.pt,1890f6391df25286394b1e418d5c594.pt,02691156
airplane,airplane_1500.pt,67e8571eceec1ea44c3a35cee92bb95b.pt,02691156
airplane,airplane_1501.pt,67eac921334c130c336fa8434b94be14.pt,02691156
airplane,airplane_1502.pt,6812a13a1a99f0da2f20ac99f64093d.pt,02691156
airplane,airplane_1503.pt,6826af6513566b12f4aab844bf68e35e.pt,02691156
airplane,airplane_1504.pt,68303a007a6c8ab02d6ff44f79e93a89.pt,02691156
airplane,airplane_1505.pt,68537bfb054ee3802ffb52751fee2c0d.pt,02691156
airplane,airplane_1506.pt,6859dc976c0528a831fec775e1dce6b3.pt,02691156
airplane,airplane_1507.pt,687ebd7d2b1e1475459cbe66a12329e7.pt,02691156
airplane,airplane_1508.pt,688930b9d0e06ead9a6e43b878d5b335.pt,02691156
airplane,airplane_1509.pt,68899f486f3a6015ca8607f540cc62ba.pt,02691156
airplane,airplane_151.pt,1896f1f8724aff33b7ea0a7ab024f81e.pt,02691156
airplane,airplane_1510.pt,688c645ad207773f5c3e79a10705422c.pt,02691156
airplane,airplane_1511.pt,688c6d406c789b8d71d03b466c72ce41.pt,02691156
airplane,airplane_1512.pt,688f4e273beef132f0daafcf2996daaa.pt,02691156
airplane,airplane_1513.pt,6896058e4bc0be46bdf566b587d6b21.pt,02691156
airplane,airplane_1514.pt,68a423eea131656b1e2b909763d0fd31.pt,02691156
airplane,airplane_1515.pt,68ac5704aefbe4f54e86b47976e55141.pt,02691156
airplane,airplane_1516.pt,68b5cf1b10331dfa77c1f99ed297e3ca.pt,02691156
airplane,airplane_1517.pt,68c61d42222863682296d88107d065f6.pt,02691156
airplane,airplane_1518.pt,68d3c213b16ee2a6b5f20f5912ee034d.pt,02691156
airplane,airplane_1519.pt,68f26c36ba5340ede58ca160a93fe29b.pt,02691156
airplane,airplane_152.pt,189f045faacc1b5f9a8993cdad554625.pt,02691156
airplane,airplane_1520.pt,68ff153952368948b4eba5f9f157d8c8.pt,02691156
airplane,airplane_1521.pt,69121d9daf6d569fb96212c8f6cd06e.pt,02691156
airplane,airplane_1522.pt,692797a818b4630f1aa3e317da5a1267.pt,02691156
airplane,airplane_1523.pt,6946f7a2a5ef851215ea536736a1eb7e.pt,02691156
airplane,airplane_1524.pt,694da337c806f41a7209009cfb89d4bd.pt,02691156
airplane,airplane_1525.pt,697002e0242f331eca8607f540cc62ba.pt,02691156
airplane,airplane_1526.pt,697161441b9da2a7ca8607f540cc62ba.pt,02691156
airplane,airplane_1527.pt,697b269a890237fe15796a932d10290d.pt,02691156
airplane,airplane_1528.pt,697b4a3b6a380443c503a3776fc280fe.pt,02691156
airplane,airplane_1529.pt,69a46dafabb616191f9b3085a256a338.pt,02691156
airplane,airplane_153.pt,18cd9dc7631ef3064c41882468413db8.pt,02691156
airplane,airplane_1530.pt,69a7b9b7265a70f1a9b2becd26dc2fc1.pt,02691156
airplane,airplane_1531.pt,69d471ccfdf9e55cace8f9c62f7ef839.pt,02691156
airplane,airplane_1532.pt,69d7ae2143c2a2709c6df67fce5fa25a.pt,02691156
airplane,airplane_1533.pt,69ed3801f4f6f4d1e1873a3963e0d14.pt,02691156
airplane,airplane_1534.pt,69f1d9c3987d429e5e9e2656aff7dd5b.pt,02691156
airplane,airplane_1535.pt,6a242ce20c44e82bcc14f1e6f4f4f49b.pt,02691156
airplane,airplane_1536.pt,6a3028e1c7205b22ad6a38fcc21e6e9e.pt,02691156
airplane,airplane_1537.pt,6a47f4d30d54771e8782c935066e938.pt,02691156
airplane,airplane_1538.pt,6a54d956a8adb2d0e691625fb79e2c2.pt,02691156
airplane,airplane_1539.pt,6a59f581ea7f33a5700feb5468ed9746.pt,02691156
airplane,airplane_154.pt,18d0da47a238945abc0909d98a1ff2b4.pt,02691156
airplane,airplane_1540.pt,6a75658fb8242b9c590874dcd9dc8481.pt,02691156
airplane,airplane_1541.pt,6a7bcaa4c62779e45e6724a7c6e30991.pt,02691156
airplane,airplane_1542.pt,6a861b7cf2552818181edaa32d7673d8.pt,02691156
airplane,airplane_1543.pt,6a868213168421c6f0985368fed75674.pt,02691156
airplane,airplane_1544.pt,6a8b9f82f1de022a9ea7c189c9a53081.pt,02691156
airplane,airplane_1545.pt,6a9b8fd1f4ddd87f152be1f5910e33df.pt,02691156
airplane,airplane_1546.pt,6aa1ef13aebb1935ebdda919ac927e5e.pt,02691156
airplane,airplane_1547.pt,6abe0099d2a6efc882401bb74114a99.pt,02691156
airplane,airplane_1548.pt,6ad44d7abe7492b7d89ea85a4a66c0f9.pt,02691156
airplane,airplane_1549.pt,6ad619600049376a4aa57d4816c68a3.pt,02691156
airplane,airplane_155.pt,18d123aaef6b911954eefcdc602d4520.pt,02691156
airplane,airplane_1550.pt,6ad89740605331aef5f09964a6a1f97.pt,02691156
airplane,airplane_1551.pt,6adda4af6b2b7bf9f315217de00e37bb.pt,02691156
airplane,airplane_1552.pt,6aeae52e38f892a7e0091ae06332b2d5.pt,02691156
airplane,airplane_1553.pt,6af4383123972f2262b600da24e0965.pt,02691156
airplane,airplane_1554.pt,6b15289a71312a5af8ea21a9397429b9.pt,02691156
airplane,airplane_1555.pt,6b69e4c1cceb6e0681fa1ee3c368532e.pt,02691156
airplane,airplane_1556.pt,6b6cb0c71731aacc277d303e3a640f98.pt,02691156
airplane,airplane_1557.pt,6b84749eaca0e657f37f38dedb2f1219.pt,02691156
airplane,airplane_1558.pt,6b8bd13bb6c2589db61f9d3f64979662.pt,02691156
airplane,airplane_1559.pt,6ba3a181a40ac7aa35fc197bbabcd5bd.pt,02691156
airplane,airplane_156.pt,18d55087d052ecc86b7bd17e458d0dcb.pt,02691156
airplane,airplane_1560.pt,6ba642ca477a73db4c3a35cee92bb95b.pt,02691156
airplane,airplane_1561.pt,6ba7cad8fa7301f9c1ca96a73599ca7e.pt,02691156
airplane,airplane_1562.pt,6baefb84d6e12a0c6bdb424f4ee7ff8b.pt,02691156
airplane,airplane_1563.pt,6bc51a88f3c58469b00421d9df4746fa.pt,02691156
airplane,airplane_1564.pt,6bfb3e84a0fe44c1bc6e7c82ab33ecb.pt,02691156
airplane,airplane_1565.pt,6bfee98d2078c3c4ca8607f540cc62ba.pt,02691156
airplane,airplane_1566.pt,6c2c84db10ba167e48464d2edba1bcf0.pt,02691156
airplane,airplane_1567.pt,6c3593d0cc398e715d058822e4c8a2a8.pt,02691156
airplane,airplane_1568.pt,6c36b0f84118a75cf9c41a0805a0d953.pt,02691156
airplane,airplane_1569.pt,6c432109eee42aed3b053f623496d8f5.pt,02691156
airplane,airplane_157.pt,18d994c4f8362cfaee9d01b4b18e1b2f.pt,02691156
airplane,airplane_1570.pt,6c613c1893bf7f9ffae8113cc147b3ae.pt,02691156
airplane,airplane_1571.pt,6c8275f09052bf66ca8607f540cc62ba.pt,02691156
airplane,airplane_1572.pt,6c87f8378066f8f171d03b466c72ce41.pt,02691156
airplane,airplane_1573.pt,6c8b2544144c38d99e8d5aab043eeb56.pt,02691156
airplane,airplane_1574.pt,6c931227c1735c329df8dd4a2554378c.pt,02691156
airplane,airplane_1575.pt,6ca40d19374c9d735c5f85af1b625f04.pt,02691156
airplane,airplane_1576.pt,6ca6c7920c62773073d96deff5ddb8e5.pt,02691156
airplane,airplane_1577.pt,6cd3028fe03d04fec6f6da58b133bae0.pt,02691156
airplane,airplane_1578.pt,6cdc9acb022b2d7d98aeb62a3dfc01d8.pt,02691156
airplane,airplane_1579.pt,6ce399fe42d54815e4406b3bf37e6ffe.pt,02691156
airplane,airplane_158.pt,18e6f319062ccb49ca8607f540cc62ba.pt,02691156
airplane,airplane_1580.pt,6cf2f9112ffae7c3be54b70092ca256.pt,02691156
airplane,airplane_1581.pt,6cf339eb8c950ac5d556fc099c90ab45.pt,02691156
airplane,airplane_1582.pt,6cf5d850b55bc9f990b1d6deb98feec6.pt,02691156
airplane,airplane_1583.pt,6cfea839d3dfe358bc0909d98a1ff2b4.pt,02691156
airplane,airplane_1584.pt,6d0b546bb6256eb5e66cabd11ba41eae.pt,02691156
airplane,airplane_1585.pt,6d119be1286c7b129a6e43b878d5b335.pt,02691156
airplane,airplane_1586.pt,6d3965fef2c63d37b3a197029fcc978f.pt,02691156
airplane,airplane_1587.pt,6d432caaa8eba4fb44b2fa2cac0778f5.pt,02691156
airplane,airplane_1588.pt,6d52412e798efdeab87697d3904b168b.pt,02691156
airplane,airplane_1589.pt,6d6b6777cf1c15106540a0ff73700634.pt,02691156
airplane,airplane_159.pt,18e86ba0172154f3bc0909d98a1ff2b4.pt,02691156
airplane,airplane_1590.pt,6d752b942618d6e38b424343280aeccb.pt,02691156
airplane,airplane_1591.pt,6d93492543d1087eb87697d3904b168b.pt,02691156
airplane,airplane_1592.pt,6da4590bf9d7bb9698b8c800ae001b66.pt,02691156
airplane,airplane_1593.pt,6da4668de7ccdd0d4d10a13d437fced6.pt,02691156
airplane,airplane_1594.pt,6db040a8d5c1d5c14d210d9468aedaf2.pt,02691156
airplane,airplane_1595.pt,6db52e6917c80e5157b14532cc71431d.pt,02691156
airplane,airplane_1596.pt,6db64533897238af392d539dc5a47ed5.pt,02691156
airplane,airplane_1597.pt,6db6f79bff14b883a0ff12a4a79c7c7b.pt,02691156
airplane,airplane_1598.pt,6dccca8485094190be13ce34aa7c0c1c.pt,02691156
airplane,airplane_1599.pt,6dd16a06f0e9a286bfc945be58e73eac.pt,02691156
airplane,airplane_16.pt,110f6dbf0e6216e9f9a63e9a8c332e52.pt,02691156
airplane,airplane_160.pt,18f5265d553d72fb6b7bd17e458d0dcb.pt,02691156
airplane,airplane_1600.pt,6dead775080763b94c3a35cee92bb95b.pt,02691156
airplane,airplane_1601.pt,6dedeb5b87ee318b2154ead1f7ab03aa.pt,02691156
airplane,airplane_1602.pt,6df2cf3685456b4c2e78e1154b9a2647.pt,02691156
airplane,airplane_1603.pt,6dfde67c8b905939bc0909d98a1ff2b4.pt,02691156
airplane,airplane_1604.pt,6e25548ed9d2c7b597dec65c2238cb8a.pt,02691156
airplane,airplane_1605.pt,6e324581dbbdfb5548e8405d6c51a908.pt,02691156
airplane,airplane_1606.pt,6e4570ef29d420e17099115060cea9b5.pt,02691156
airplane,airplane_1607.pt,6e5810d6fc96e4a7db73445864b72015.pt,02691156
airplane,airplane_1608.pt,6e65a6f2b81fdea2282e76ed8cc73a69.pt,02691156
airplane,airplane_1609.pt,6e66c96067f3c631ce58b9b5a8f9e3b2.pt,02691156
airplane,airplane_161.pt,1914552110aa5a61c1006ed55bc1a3fc.pt,02691156
airplane,airplane_1610.pt,6e7bc6995080fe6542ca265836030911.pt,02691156
airplane,airplane_1611.pt,6ea21a2265075beb9a2f7b9a6f4f875f.pt,02691156
airplane,airplane_1612.pt,6ea4e68428cba49f68557927e45c29cd.pt,02691156
airplane,airplane_1613.pt,6ea7eb1ef18eabcf8699933784576e73.pt,02691156
airplane,airplane_1614.pt,6eb12144093da25e816e98a113f4d393.pt,02691156
airplane,airplane_1615.pt,6ecf2dd001e3b029dc53c0dc42fb387b.pt,02691156
airplane,airplane_1616.pt,6ed172205a9805b8dd9eb6c0ee8316a3.pt,02691156
airplane,airplane_1617.pt,6f0ad1fb7917fd9b50577cf04f3bf74a.pt,02691156
airplane,airplane_1618.pt,6f473d567942897b9908db9f2ff495fe.pt,02691156
airplane,airplane_1619.pt,6f72a0d86494b551a834b9c8bfc8647a.pt,02691156
airplane,airplane_162.pt,1930a979c7a9a2d662b600da24e0965.pt,02691156
airplane,airplane_1620.pt,6f8e17cf5180fa96a911ef3962f7cae2.pt,02691156
airplane,airplane_1621.pt,6f96517661cf1b6799ed03445864bd37.pt,02691156
airplane,airplane_1622.pt,6f96857e279a38793525b6164e3f382b.pt,02691156
airplane,airplane_1623.pt,6fc4f30540b2fa9dbc0909d98a1ff2b4.pt,02691156
airplane,airplane_1624.pt,6fd578ff0ad4f6e8203936772104a82d.pt,02691156
airplane,airplane_1625.pt,6fdf55a7ca1e64ff7d7b38cb4a2969ae.pt,02691156
airplane,airplane_1626.pt,6fe837570383eb98f72a00ecdc268a5b.pt,02691156
airplane,airplane_1627.pt,6fe8da29821a60d75057515802db06ab.pt,02691156
airplane,airplane_1628.pt,6feb039c710277aabd10f71f04d299c.pt,02691156
airplane,airplane_1629.pt,7006c5afe5175d76e69ef11112d71da4.pt,02691156
airplane,airplane_163.pt,194098fb0aefc4a0666bd6da67d3abc2.pt,02691156
airplane,airplane_1630.pt,700bc5991a46c1d53ddab476a0f5c5ee.pt,02691156
airplane,airplane_1631.pt,70295db03521e219a5be3c7b80fdc3d.pt,02691156
airplane,airplane_1632.pt,7030044b49828f08b96ae1a0a8b84ec.pt,02691156
airplane,airplane_1633.pt,7054f98cc8af397f9a6e43b878d5b335.pt,02691156
airplane,airplane_1634.pt,7078ad51c3c30972b310347ab50a9dea.pt,02691156
airplane,airplane_1635.pt,707cb24ab99bff07e2aeeb16e93626f.pt,02691156
airplane,airplane_1636.pt,707cc578bfec0f671aa9d8d95b6740cc.pt,02691156
airplane,airplane_1637.pt,707da8b9f37fd990bde4f466a45d975a.pt,02691156
airplane,airplane_1638.pt,7089929d7a778403e91b0867f5d9629f.pt,02691156
airplane,airplane_1639.pt,70ae0521d5ca428d7b3d3cfb30f2513e.pt,02691156
airplane,airplane_164.pt,1943ee06ecb139819330265a9fff38de.pt,02691156
airplane,airplane_1640.pt,70bb20cf86fe6afe76b85a01edd4a109.pt,02691156
airplane,airplane_1641.pt,70d9304de59792a9515d73fcb34092fc.pt,02691156
airplane,airplane_1642.pt,70e4200e848e653072ec6e905035e5d7.pt,02691156
airplane,airplane_1643.pt,70ed0fe305145f60e53236e6f2fbeb94.pt,02691156
airplane,airplane_1644.pt,70f330ba02ad7a05bec2ed99cca9acdf.pt,02691156
airplane,airplane_1645.pt,7117ac29aef4f1c4951971f8370d9050.pt,02691156
airplane,airplane_1646.pt,71222607731812fa5e9e2656aff7dd5b.pt,02691156
airplane,airplane_1647.pt,715623df7ed5a6fc2296d88107d065f6.pt,02691156
airplane,airplane_1648.pt,7175100f99a61c9646322bce65ca3756.pt,02691156
airplane,airplane_1649.pt,7182efccab0d3553c27f2d9f006d69eb.pt,02691156
airplane,airplane_165.pt,1954754c791e4571873ec74c119307b9.pt,02691156
airplane,airplane_1650.pt,718b6f112f70146c62b600da24e0965.pt,02691156
airplane,airplane_1651.pt,7191b4709d5142a1f86c2bd4e090c60d.pt,02691156
airplane,airplane_1652.pt,7196ea15821ad2fdd8ff6111270336a9.pt,02691156
airplane,airplane_1653.pt,71a3888c2229715b694188e21796efaa.pt,02691156
airplane,airplane_1654.pt,71a3c6e1c87c8b42233f6392bb87bbd4.pt,02691156
airplane,airplane_1655.pt,71a96b4e134ceaacbfacbd9a73055b6e.pt,02691156
airplane,airplane_1656.pt,71ad36bd32ad44a0c503a3776fc280fe.pt,02691156
airplane,airplane_1657.pt,71bb720c33da689090b1d6deb98feec6.pt,02691156
airplane,airplane_1658.pt,71dad8605fbc699623fc69eefd95e6d3.pt,02691156
airplane,airplane_1659.pt,71dcfd1e5d1e261179febb7e11d3625.pt,02691156
airplane,airplane_166.pt,195ca2eabbf7c735a8d66821ccb813fe.pt,02691156
airplane,airplane_1660.pt,71ddef945e2ae8de7d64cad20089f027.pt,02691156
airplane,airplane_1661.pt,71e9496397481233a8cba409c4409ba9.pt,02691156
airplane,airplane_1662.pt,71f718d82a865472bfa44fe936def6d4.pt,02691156
airplane,airplane_1663.pt,71fe2583bff79bf1c66589cdaf418925.pt,02691156
airplane,airplane_1664.pt,7201e35e5062683571d03b466c72ce41.pt,02691156
airplane,airplane_1665.pt,7201f2a0f410dd0ea79efb489d71d723.pt,02691156
airplane,airplane_1666.pt,7206b1f248826f2398b39d2f77aef0eb.pt,02691156
airplane,airplane_1667.pt,720d70482d13696277fd7318510b8627.pt,02691156
airplane,airplane_1668.pt,721eab5632f60887e72b7fd373921885.pt,02691156
airplane,airplane_1669.pt,7220043361fe9e50eb983188eb4e930b.pt,02691156
airplane,airplane_167.pt,19604020a86ab1790b1d6deb98feec6.pt,02691156
airplane,airplane_1670.pt,723921d0060203a344d33ea02fa0f619.pt,02691156
airplane,airplane_1671.pt,723a86a2b266109d1fc43d5b32fa230f.pt,02691156
airplane,airplane_1672.pt,723c87de224355b69878ac4a791083c5.pt,02691156
airplane,airplane_1673.pt,724be1fb093a31a1ac8c46f8a114a34b.pt,02691156
airplane,airplane_1674.pt,72537a008bf0c5e09d1a1149c8c36258.pt,02691156
airplane,airplane_1675.pt,7274be512ba47d837678474be485ca.pt,02691156
airplane,airplane_1676.pt,72761d1c2c7e1418d86ebdaa02a63c4b.pt,02691156
airplane,airplane_1677.pt,7279a912e89a6f00adcbeb54f3d014e9.pt,02691156
airplane,airplane_1678.pt,728d58b27cd53a16c93b40751084c22.pt,02691156
airplane,airplane_1679.pt,72985b83dd9c31955dcafa83e2819ac7.pt,02691156
airplane,airplane_168.pt,196d35794f869816db6f03b6829a5891.pt,02691156
airplane,airplane_1680.pt,729aa8cba8e1398a43afdb9c81ff2967.pt,02691156
airplane,airplane_1681.pt,72a74e13c2424c19f2b0736dd4d8afe0.pt,02691156
airplane,airplane_1682.pt,72aedca98ea4429c8ed4db287040dac1.pt,02691156
airplane,airplane_1683.pt,72aee7d0e998a68aca8607f540cc62ba.pt,02691156
airplane,airplane_1684.pt,72c28618e3273795f9066cd40fcf015.pt,02691156
airplane,airplane_1685.pt,72d96bac651bc74c7af159eaf7625abf.pt,02691156
airplane,airplane_1686.pt,72e1cdcb882b6993c1006ed55bc1a3fc.pt,02691156
airplane,airplane_1687.pt,72e68e04a203c96d873ec74c119307b9.pt,02691156
airplane,airplane_1688.pt,72fcc9dfb927311935fc197bbabcd5bd.pt,02691156
airplane,airplane_1689.pt,730edec9009f8cea615ba7bf3620290d.pt,02691156
airplane,airplane_169.pt,1974f6955c36c2aece2cec85ea6ae00d.pt,02691156
airplane,airplane_1690.pt,7315cd530e4858246ed10e8f7fe336e.pt,02691156
airplane,airplane_1691.pt,7317dec9c1cd67a815ce9e432a3a77b8.pt,02691156
airplane,airplane_1692.pt,732ff6155a096fb0151f2df200a24ac.pt,02691156
airplane,airplane_1693.pt,7336bffce72ea58b90baeef8ba5b93e5.pt,02691156
airplane,airplane_1694.pt,733afba7f61652e789850bc84e2ce90e.pt,02691156
airplane,airplane_1695.pt,733db701650ed0d4651e8da9cf70afea.pt,02691156
airplane,airplane_1696.pt,735466165c04f71f62b600da24e0965.pt,02691156
airplane,airplane_1697.pt,735aad15a1d22ed3dc92eaa8f8f40f9f.pt,02691156
airplane,airplane_1698.pt,737629e185f4c45f99f30106e678cab1.pt,02691156
airplane,airplane_1699.pt,7385f1416e93f1c14ba2821676102936.pt,02691156
airplane,airplane_17.pt,112ca5420188df4bd90bfc986bc4c94d.pt,02691156
airplane,airplane_170.pt,1998ee1bf3806b05818b286e41cc1a3f.pt,02691156
airplane,airplane_1700.pt,73934196c92ce472f4a5531fe6556d72.pt,02691156
airplane,airplane_1701.pt,73945c1b294716e1d041917556492646.pt,02691156
airplane,airplane_1702.pt,739c8cadb1db6db39a6e43b878d5b335.pt,02691156
airplane,airplane_1703.pt,73bcbc2d147291451e7b1f533ce75.pt,02691156
airplane,airplane_1704.pt,73bef2b9747edffb8b96ae1a0a8b84ec.pt,02691156
airplane,airplane_1705.pt,73f6ccf1468de18d381fd507da445af6.pt,02691156
airplane,airplane_1706.pt,73fb8c3c4530ed4bbf3143b1cb6076a.pt,02691156
airplane,airplane_1707.pt,7401bcbb1a184bf548627a76b6268107.pt,02691156
airplane,airplane_1708.pt,740e79be16a92efbf1f2e10bfa81e2b.pt,02691156
airplane,airplane_1709.pt,74334440119b4225951971f8370d9050.pt,02691156
airplane,airplane_171.pt,19a624cf1037fc75cda1835f53ae7d53.pt,02691156
airplane,airplane_1710.pt,743670f7f3a8042e6ad6a28101cd3ecd.pt,02691156
airplane,airplane_1711.pt,7442ad61d59fac8c7372dc0a2f1067b1.pt,02691156
airplane,airplane_1712.pt,7462d130f9c7abcd5e9e2656aff7dd5b.pt,02691156
airplane,airplane_1713.pt,74797de431f83991bc0909d98a1ff2b4.pt,02691156
airplane,airplane_1714.pt,7488f87b1e08bbabd00d52e62bf14ee9.pt,02691156
airplane,airplane_1715.pt,74a5f937c22aa08a3e70653c1b3170b5.pt,02691156
airplane,airplane_1716.pt,74b0d11834cd8ec258a4fbb6b625be1.pt,02691156
airplane,airplane_1717.pt,74cbf170c5f2fb587d9c9c8a8ba32919.pt,02691156
airplane,airplane_1718.pt,74ebf601d9c872a7828204947d78b9af.pt,02691156
airplane,airplane_1719.pt,750000e25d4078f64e61a0c2eaaabe87.pt,02691156
airplane,airplane_172.pt,19b219dbd2e4467828d4f2ffc8f17f3a.pt,02691156
airplane,airplane_1720.pt,751b1e75fcd7f1deffb814dfce3ab22e.pt,02691156
airplane,airplane_1721.pt,7526757d0fdf8acc14f1e6f4f4f49b.pt,02691156
airplane,airplane_1722.pt,752a0bb6676c05bbe55e3ad998a1ecb4.pt,02691156
airplane,airplane_1723.pt,752d9a010346862551cfdb4c9f126c12.pt,02691156
airplane,airplane_1724.pt,754d9b0f12e6c6104af5b53e1d2ec5b6.pt,02691156
airplane,airplane_1725.pt,755b0ee19aa7037453e01eb381ca65.pt,02691156
airplane,airplane_1726.pt,7568400ccaa12eb9d972c9dd75ed77d4.pt,02691156
airplane,airplane_1727.pt,75705b82eb24f5ae23e79e99b949a341.pt,02691156
airplane,airplane_1728.pt,7578bae68447de8498427765723d5e48.pt,02691156
airplane,airplane_1729.pt,757c47e20a37647431e38f024b7ad042.pt,02691156
airplane,airplane_173.pt,19b6112991fb8e33f3f2af1b43965204.pt,02691156
airplane,airplane_1730.pt,7584ab1da1ae2778300ca77569ad3884.pt,02691156
airplane,airplane_1731.pt,758b67f9af18602715aa5b227c027ee0.pt,02691156
airplane,airplane_1732.pt,75916f78e72f90984b70ddbaea6e513.pt,02691156
airplane,airplane_1733.pt,759da7376ab2196a66df9c92bbd3d5c1.pt,02691156
airplane,airplane_1734.pt,75b151efa363c18d94b9c9a92aa36f8c.pt,02691156
airplane,airplane_1735.pt,75d162523d703917b87697d3904b168b.pt,02691156
airplane,airplane_1736.pt,75db11c354c6342aad01ec966c80ac91.pt,02691156
airplane,airplane_1737.pt,75e9e2d6970f5ee71927c29d6faf370a.pt,02691156
airplane,airplane_1738.pt,75fd28838e0fc8cf5b1edf5d4f643136.pt,02691156
airplane,airplane_1739.pt,7608d7a5a3e3c2b13d4b1f38e3dfce4b.pt,02691156
airplane,airplane_174.pt,19e2864af4f6de438050e8e370967931.pt,02691156
airplane,airplane_1740.pt,76252e1b65ede02f889919e9428eee54.pt,02691156
airplane,airplane_1741.pt,7628e525228e5a2d9a46ec065c01b381.pt,02691156
airplane,airplane_1742.pt,762e29f11597581d62b600da24e0965.pt,02691156
airplane,airplane_1743.pt,7631caf6989bd17e4a51f4b900f5eb50.pt,02691156
airplane,airplane_1744.pt,764894168678b36efc1619e612ccfb0b.pt,02691156
airplane,airplane_1745.pt,7662fbb435dc1d0760bb9786c97a649e.pt,02691156
airplane,airplane_1746.pt,7664f3809169e998a4ee0fb6a51564c3.pt,02691156
airplane,airplane_1747.pt,76788a2758e938f435fc197bbabcd5bd.pt,02691156
airplane,airplane_1748.pt,76811819fc2bf7fbdbe9ce60b93b8bd5.pt,02691156
airplane,airplane_1749.pt,76851aaf721dcb63509012911cf74f29.pt,02691156
airplane,airplane_175.pt,19e531e6d0bd5ddd67c54439d6177032.pt,02691156
airplane,airplane_1750.pt,769efbce0af867807456183f198fd1e9.pt,02691156
airplane,airplane_1751.pt,76a86e664e302f32fca1f1143bb6bc17.pt,02691156
airplane,airplane_1752.pt,76b492b77a03882d431e5b4ad135fb8.pt,02691156
airplane,airplane_1753.pt,76e66ae36d942c494c3a35cee92bb95b.pt,02691156
airplane,airplane_1754.pt,76eaa5ea5f272c2f5986032c1ed37f74.pt,02691156
airplane,airplane_1755.pt,76f142e62adc0f2ae768735f27170bc4.pt,02691156
airplane,airplane_1756.pt,76f949c39923b0778f297017462c6cb0.pt,02691156
airplane,airplane_1757.pt,7713f76f4ef99f19954990879891d2b.pt,02691156
airplane,airplane_1758.pt,77410e47feee769deb1a0518c224975f.pt,02691156
airplane,airplane_1759.pt,775120d01da7a7cc666b8bccf7d1f46a.pt,02691156
airplane,airplane_176.pt,19e6717acfa7d2bdca8607f540cc62ba.pt,02691156
airplane,airplane_1760.pt,775f06502261575c26b390daf74a4b00.pt,02691156
airplane,airplane_1761.pt,776bd07271792d1b131c2ccc2e4397.pt,02691156
airplane,airplane_1762.pt,776c423005dbb55d354aed6327ff24db.pt,02691156
airplane,airplane_1763.pt,7790715d4bc226f8b569b36137d81c9b.pt,02691156
airplane,airplane_1764.pt,77a1744ee3c37f9b6aa3bf023a2b42a5.pt,02691156
airplane,airplane_1765.pt,77a70f61dc0c6260e70eaaf99089d5f7.pt,02691156
airplane,airplane_1766.pt,77a81458ea729c62ace5721ccacba16.pt,02691156
airplane,airplane_1767.pt,77ab8bb69221b13bbc0909d98a1ff2b4.pt,02691156
airplane,airplane_1768.pt,77c52530ef9983c94c3a35cee92bb95b.pt,02691156
airplane,airplane_1769.pt,77c86e12f27b2adff602d628e1c92113.pt,02691156
airplane,airplane_177.pt,19f211f1dec98bbb82ea21d84574e1ef.pt,02691156
airplane,airplane_1770.pt,77c9fd0f0c6b0e9fca8607f540cc62ba.pt,02691156
airplane,airplane_1771.pt,77dfd8d4ee3c54c3e99ea3c41458bc01.pt,02691156
airplane,airplane_1772.pt,77dfe229aa38e70b3fdf1b3b0fe86dff.pt,02691156
airplane,airplane_1773.pt,77ee6ccca238ceec5144962e2c20b832.pt,02691156
airplane,airplane_1774.pt,77f5111d348bf051368d7e7849f8df62.pt,02691156
airplane,airplane_1775.pt,77fea5bd4008e5f09a6e43b878d5b335.pt,02691156
airplane,airplane_1776.pt,7805239ad1e40e07c69d7040c52664c5.pt,02691156
airplane,airplane_1777.pt,7826147390af0f9d1fbc781ac25c5c7a.pt,02691156
airplane,airplane_1778.pt,783f3f72d5639597ba0d990ae229b477.pt,02691156
airplane,airplane_1779.pt,78551e5fc01df70f77fd7318510b8627.pt,02691156
airplane,airplane_178.pt,19fc1b9ff4b6456f1232236eecec447b.pt,02691156
airplane,airplane_1780.pt,7855e8ac604ae162bbf3143b1cb6076a.pt,02691156
airplane,airplane_1781.pt,78646117554e23162c00431da4ecd526.pt,02691156
airplane,airplane_1782.pt,78789e98f905fcdd9107f68a9cb8e3c.pt,02691156
airplane,airplane_1783.pt,787d2fbb247c04266818a2bd5aa39c80.pt,02691156
airplane,airplane_1784.pt,788548a68d7b46ec179febb7e11d3625.pt,02691156
airplane,airplane_1785.pt,788cd4e599b0ca1819ba010ddb4974fe.pt,02691156
airplane,airplane_1786.pt,789f032dccc6092977b7d0d4764c121d.pt,02691156
airplane,airplane_1787.pt,78a63dc99b3b68962b600da24e0965.pt,02691156
airplane,airplane_1788.pt,78a7cdbbb27dfb21bbf3143b1cb6076a.pt,02691156
airplane,airplane_1789.pt,78a94b8bd2971595ca8607f540cc62ba.pt,02691156
airplane,airplane_179.pt,19ff8fce1658f864ca8607f540cc62ba.pt,02691156
airplane,airplane_1790.pt,78bd38a7282a73f8b184ba15dd506a2d.pt,02691156
airplane,airplane_1791.pt,78c3a29d1153e68e5fa2a5df3ce5bc40.pt,02691156
airplane,airplane_1792.pt,78c5137e361e02cb24624455c20aef91.pt,02691156
airplane,airplane_1793.pt,78ceee44d207e826c87f6dba8af25d8b.pt,02691156
airplane,airplane_1794.pt,78edc61edc8835b5bc0909d98a1ff2b4.pt,02691156
airplane,airplane_1795.pt,78f32f279a50beea216b327569dd806e.pt,02691156
airplane,airplane_1796.pt,78feacec03272b28854fbae23376cbfe.pt,02691156
airplane,airplane_1797.pt,790e9d3a9e037d3efa86938af3fa9595.pt,02691156
airplane,airplane_1798.pt,791af615e17374d38eeaefe98ae26867.pt,02691156
airplane,airplane_1799.pt,7932eddb8032b6f1e4d2773f0358b43b.pt,02691156
airplane,airplane_18.pt,1169d987dbbce76775f4ea0b85a53249.pt,02691156
airplane,airplane_180.pt,1a04e3eab45ca15dd86060f189eb133.pt,02691156
airplane,airplane_1800.pt,7934ca36e240e91d5e9e2656aff7dd5b.pt,02691156
airplane,airplane_1801.pt,79351c8f83f5a3abb2d09bc8d348e46b.pt,02691156
airplane,airplane_1802.pt,794fe891e20800d37bbc9fbc6d1fd31d.pt,02691156
airplane,airplane_1803.pt,795894b9a1105df34d210d9468aedaf2.pt,02691156
airplane,airplane_1804.pt,795e0051d9ce7dfe384d4ad42dbd0045.pt,02691156
airplane,airplane_1805.pt,796bb7d6f4d5ce8471d03b466c72ce41.pt,02691156
airplane,airplane_1806.pt,796d6fba50664f5b1bcd0717744cc5bc.pt,02691156
airplane,airplane_1807.pt,7977f492ebf2c1d5ce78be835f7c74e3.pt,02691156
airplane,airplane_1808.pt,79784107e5be61a562347b4731688b0f.pt,02691156
airplane,airplane_1809.pt,7981eae34c05e8409a6e43b878d5b335.pt,02691156
airplane,airplane_181.pt,1a29042e20ab6f005e9e2656aff7dd5b.pt,02691156
airplane,airplane_1810.pt,79a62c385180cc51da67790f4274f014.pt,02691156
airplane,airplane_1811.pt,79c10c1d217b4e96ee2723567c7709e6.pt,02691156
airplane,airplane_1812.pt,79d82d0db21dff48aedf20f7099e25c5.pt,02691156
airplane,airplane_1813.pt,79dba7fc4ba0829d62b600da24e0965.pt,02691156
airplane,airplane_1814.pt,79e06d1fe2e217b2cf67c0b63878e138.pt,02691156
airplane,airplane_1815.pt,79e924263f903feb35fc197bbabcd5bd.pt,02691156
airplane,airplane_1816.pt,79f0a9d3d78764ec19ef6dae2862f036.pt,02691156
airplane,airplane_1817.pt,7a1954799b5fbb438fc2d09ac4aa4e78.pt,02691156
airplane,airplane_1818.pt,7a3392340af9ec7b62b600da24e0965.pt,02691156
airplane,airplane_1819.pt,7a3da3c75d98e44d7d64cad20089f027.pt,02691156
airplane,airplane_182.pt,1a32f10b20170883663e90eaf6b4ca52.pt,02691156
airplane,airplane_1820.pt,7a57a9b261f60dcb2296d88107d065f6.pt,02691156
airplane,airplane_1821.pt,7a794db8180858fe90916c8815b5c43.pt,02691156
airplane,airplane_1822.pt,7a80f3950b5e31f6b0d51feef5761dce.pt,02691156
airplane,airplane_1823.pt,7a95a024f5616009ab21e26e992b2c94.pt,02691156
airplane,airplane_1824.pt,7a97d3dadc608b4350f01eb2b12b0a8.pt,02691156
airplane,airplane_1825.pt,7aac10eb5b285098774a720fca15e35b.pt,02691156
airplane,airplane_1826.pt,7addd02b1c255edcc863ab010b80d9ed.pt,02691156
airplane,airplane_1827.pt,7ae99c0cc14cdd97408827f71d73e45a.pt,02691156
airplane,airplane_1828.pt,7af2dfbf11201feac3ab86afd1c689.pt,02691156
airplane,airplane_1829.pt,7af320cedd724bc89437816457a69b.pt,02691156
airplane,airplane_183.pt,1a54a2319e87bd4071d03b466c72ce41.pt,02691156
airplane,airplane_1830.pt,7af9fcb4a2c4079b873ec74c119307b9.pt,02691156
airplane,airplane_1831.pt,7b134f6573e7270fb0a79e28606cb167.pt,02691156
airplane,airplane_1832.pt,7b1859e6b57bb6621c795eedd7ee6db0.pt,02691156
airplane,airplane_1833.pt,7b1d4aff088fa3736e0f3d76ecf4a53f.pt,02691156
airplane,airplane_1834.pt,7b39d993f6934a96b08e958a32ef3184.pt,02691156
airplane,airplane_1835.pt,7b3bd63ff099f5b062b600da24e0965.pt,02691156
airplane,airplane_1836.pt,7b3ef304a0088b39112e53a423c9745e.pt,02691156
airplane,airplane_1837.pt,7b485e11f80e0577bc0909d98a1ff2b4.pt,02691156
airplane,airplane_1838.pt,7b4b249f1d3400e488be2a30dd556a09.pt,02691156
airplane,airplane_1839.pt,7b4b931c5b6f8167295338c0e33a082c.pt,02691156
airplane,airplane_184.pt,1a6ad7a24bb89733f412783097373bdc.pt,02691156
airplane,airplane_1840.pt,7b553eabcfe3709f3d2b6eee5a74cb08.pt,02691156
airplane,airplane_1841.pt,7b6f528acc10d3fbcf5b9c6e0c7ce895.pt,02691156
airplane,airplane_1842.pt,7b7ebc856120f97a1944f01d3ab2091b.pt,02691156
airplane,airplane_1843.pt,7b9bb6e42aa2191b58a458f7911d7423.pt,02691156
airplane,airplane_1844.pt,7ba9eb4e8405371ca8607f540cc62ba.pt,02691156
airplane,airplane_1845.pt,7bad9d15c0f0d3c03554ccf8c30febe7.pt,02691156
airplane,airplane_1846.pt,7bb1d2f8be9593b3cc14f1e6f4f4f49b.pt,02691156
airplane,airplane_1847.pt,7bbe33ebb5429a0a7a9e881131950954.pt,02691156
airplane,airplane_1848.pt,7bc46908d079551eed02ab0379740cae.pt,02691156
airplane,airplane_1849.pt,7bd43965f17c25377209009cfb89d4bd.pt,02691156
airplane,airplane_185.pt,1a74b169a76e651ebc0909d98a1ff2b4.pt,02691156
airplane,airplane_1850.pt,7bd76c17b7194d571aa9d8d95b6740cc.pt,02691156
airplane,airplane_1851.pt,7bdf4816b61c0e1748766ee3c52f8ba4.pt,02691156
airplane,airplane_1852.pt,7c4e1ab21e8d6549a46ec065c01b381.pt,02691156
airplane,airplane_1853.pt,7c67e8cce3f3eb3c89ba278a735b3c5a.pt,02691156
airplane,airplane_1854.pt,7c6a2879e359f505467f6b8c6b1d352f.pt,02691156
airplane,airplane_1855.pt,7c76d7d8ecfca9c2b1bb46d2556ba67d.pt,02691156
airplane,airplane_1856.pt,7c7fe1664a1f36b8ad6a38fcc21e6e9e.pt,02691156
airplane,airplane_1857.pt,7c96e824c287f684651713cd1e90c5f4.pt,02691156
airplane,airplane_1858.pt,7cabdedabd1d65bdfb86dddee1d6ac3.pt,02691156
airplane,airplane_1859.pt,7cbd504262e2d17ee91114a141d25a9d.pt,02691156
airplane,airplane_186.pt,1a888c2c86248bbcf2b0736dd4d8afe0.pt,02691156
airplane,airplane_1860.pt,7cdbe41e6701c661bc0909d98a1ff2b4.pt,02691156
airplane,airplane_1861.pt,7ce599765d4c11fe87bf26680c510802.pt,02691156
airplane,airplane_1862.pt,7ce6c64ab3a45504dcc75fd1795fa3a5.pt,02691156
airplane,airplane_1863.pt,7cfb337744133ea1bd46d022fd7d80aa.pt,02691156
airplane,airplane_1864.pt,7d180493022c01daace5721ccacba16.pt,02691156
airplane,airplane_1865.pt,7d19ed245331582c3fe7930fce05ded.pt,02691156
airplane,airplane_1866.pt,7d226c520a29c7705e28caa3b26a73fd.pt,02691156
airplane,airplane_1867.pt,7d89d64afbb5b24056dd1ba442ba87e2.pt,02691156
airplane,airplane_1868.pt,7d928af41b7dd26e1d0f8853f6d023e3.pt,02691156
airplane,airplane_1869.pt,7db10020f24a3232abf03860b8d62488.pt,02691156
airplane,airplane_187.pt,1a963a929d9b1332290d63dca780cfb6.pt,02691156
airplane,airplane_1870.pt,7dc614fd957186cf216b327569dd806e.pt,02691156
airplane,airplane_1871.pt,7de379891610f5feaf7dd1bfd65143a9.pt,02691156
airplane,airplane_1872.pt,7df1ad6363410383f3cc56bc9bfcde3.pt,02691156
airplane,airplane_1873.pt,7dfaa526d4b432e867c54439d6177032.pt,02691156
airplane,airplane_1874.pt,7e092d9460157e968b96ae1a0a8b84ec.pt,02691156
airplane,airplane_1875.pt,7e10d8f0457cb48219ba010ddb4974fe.pt,02691156
airplane,airplane_1876.pt,7e1646c0a04dc68f6ea66e6959004764.pt,02691156
airplane,airplane_1877.pt,7e1d4583f70c8583431589819e5ca60c.pt,02691156
airplane,airplane_1878.pt,7e52ac52a2eb74ac26360e1e29a956c7.pt,02691156
airplane,airplane_1879.pt,7e75688f4b185d4193a78ffd70737098.pt,02691156
airplane,airplane_188.pt,1a9b552befd6306cc8f2d5fe7449af61.pt,02691156
airplane,airplane_1880.pt,7e8be9c88e596b84198609c994ea801.pt,02691156
airplane,airplane_1881.pt,7ea57db538494a2fc1ccec171a275967.pt,02691156
airplane,airplane_1882.pt,7ecb807e2270606619ba010ddb4974fe.pt,02691156
airplane,airplane_1883.pt,7edc7e17171b488bd33efe8cc2e2bf98.pt,02691156
airplane,airplane_1884.pt,7edf83742bece6be7cc4b32c704a58d2.pt,02691156
airplane,airplane_1885.pt,7ee2912263fa4bb36f14b7a660f4c864.pt,02691156
airplane,airplane_1886.pt,7ee59463dc17ac6e3e3f3c9608255377.pt,02691156
airplane,airplane_1887.pt,7eef160cf5e4188a5a8c25d312cc3c6a.pt,02691156
airplane,airplane_1888.pt,7ef375680d89c711c8db97d9bc169245.pt,02691156
airplane,airplane_1889.pt,7eff60e0d72800b8ca8607f540cc62ba.pt,02691156
airplane,airplane_189.pt,1abe9524d3d38a54f49a51dc77a0dd59.pt,02691156
airplane,airplane_1890.pt,7f09b3b11ae3f22dbe13ce34aa7c0c1c.pt,02691156
airplane,airplane_1891.pt,7f0c20bc26b08a163e2ffe63fcfe09ec.pt,02691156
airplane,airplane_1892.pt,7f1eaf37fb4e24de82cea33798fcd6b6.pt,02691156
airplane,airplane_1893.pt,7f2d03635180db2137678474be485ca.pt,02691156
airplane,airplane_1894.pt,7f3446564689ac918f69a600441c970.pt,02691156
airplane,airplane_1895.pt,7f4a0b23f1256c879a6e43b878d5b335.pt,02691156
airplane,airplane_1896.pt,7f4b166fba71407490b1d6deb98feec6.pt,02691156
airplane,airplane_1897.pt,7f4ceb12e48be00ea4642ec4b6f68a.pt,02691156
airplane,airplane_1898.pt,7f6af37cd64377e1cabcecce1c335df1.pt,02691156
airplane,airplane_1899.pt,7f6e55daa567aade3a1cddb101d3e1ea.pt,02691156
airplane,airplane_19.pt,117830993cc5887726587cb13c78fb9b.pt,02691156
airplane,airplane_190.pt,1ac29674746a0fc6b87697d3904b168b.pt,02691156
airplane,airplane_1900.pt,7f837b389e885af471b4c018296f73c7.pt,02691156
airplane,airplane_1901.pt,7f895411162624e92023ec956848b741.pt,02691156
airplane,airplane_1902.pt,7fa1d1bd456f0fdf6e68e46a69a2d96d.pt,02691156
airplane,airplane_1903.pt,7fce28d597b3137cf24f8f5f80968450.pt,02691156
airplane,airplane_1904.pt,7feab568d879270dd8d90babf3c5509a.pt,02691156
airplane,airplane_1905.pt,7fec4732aa03b54e7db7c8d619fa260f.pt,02691156
airplane,airplane_1906.pt,7fedb48b457ee9f31629b98cc1b1b992.pt,02691156
airplane,airplane_1907.pt,800334df5da57266a4642ec4b6f68a.pt,02691156
airplane,airplane_1908.pt,800ce26e517769dcb87697d3904b168b.pt,02691156
airplane,airplane_1909.pt,802cbaaf1a51cf38c863ab010b80d9ed.pt,02691156
airplane,airplane_191.pt,1adb40469ec3636c3d64e724106730cf.pt,02691156
airplane,airplane_1910.pt,803fd1bf9b85da0aa79201593c1eb4b0.pt,02691156
airplane,airplane_1911.pt,804821516ddb3203c6747f7c9ffe9e32.pt,02691156
airplane,airplane_1912.pt,80770c90ba84524e825b20c2472ad90a.pt,02691156
airplane,airplane_1913.pt,80796b736f1d6bc78e8131a047a07ce1.pt,02691156
airplane,airplane_1914.pt,807d735fb9860fd1c863ab010b80d9ed.pt,02691156
airplane,airplane_1915.pt,80af162c0c01f27c4f8a08a5e6b028e7.pt,02691156
airplane,airplane_1916.pt,80b8f4da6b77eb66d208f79049825a82.pt,02691156
airplane,airplane_1917.pt,80b9b2807547a2d3ab94ae13bc67d41c.pt,02691156
airplane,airplane_1918.pt,80da27a121142718e15a23e1c3d8f46d.pt,02691156
airplane,airplane_1919.pt,812111e3a4a545cbc863ab010b80d9ed.pt,02691156
airplane,airplane_192.pt,1af4b32eafffb0f7ee60c37cbf99c1c.pt,02691156
airplane,airplane_1920.pt,813927b25c3a0c6dff227f13dbef5a8d.pt,02691156
airplane,airplane_1921.pt,81440fcd51052844af7d907e4e1905dd.pt,02691156
airplane,airplane_1922.pt,81596cc38eef8260ce9e5ac45c67ec22.pt,02691156
airplane,airplane_1923.pt,816935cac027310d5e9e2656aff7dd5b.pt,02691156
airplane,airplane_1924.pt,816f1a18692bca2abc0909d98a1ff2b4.pt,02691156
airplane,airplane_1925.pt,817add33c6fdd1534d210d9468aedaf2.pt,02691156
airplane,airplane_1926.pt,81b67bd14fbcacefd67fc01cbf5eb7c4.pt,02691156
airplane,airplane_1927.pt,81bfc74dd037d1ea88d58cc5b9d401bb.pt,02691156
airplane,airplane_1928.pt,81e4cc88fc757ee220152153c3a56171.pt,02691156
airplane,airplane_1929.pt,81e6b629264dad5daf2c6c19cc41708a.pt,02691156
airplane,airplane_193.pt,1b0b1d2cb9f9d5c0575bd26acccafabd.pt,02691156
airplane,airplane_1930.pt,8200621d7b5cb84a6b7bd17e458d0dcb.pt,02691156
airplane,airplane_1931.pt,820ba20e5da8325f19ba010ddb4974fe.pt,02691156
airplane,airplane_1932.pt,820c903c55d7a1908f0d19519a0ef908.pt,02691156
airplane,airplane_1933.pt,821309c2037b49135fab3f99161dc2c2.pt,02691156
airplane,airplane_1934.pt,8238cca88d753930a23a96b0250afc71.pt,02691156
airplane,airplane_1935.pt,823de294a08784fc879e4d613e8d4e33.pt,02691156
airplane,airplane_1936.pt,8259a1fdcb9bca7526360e1e29a956c7.pt,02691156
airplane,airplane_1937.pt,8264f874bc7fa58ac3d9e92d9c33325b.pt,02691156
airplane,airplane_1938.pt,8277c0294461b76e8405970680284869.pt,02691156
airplane,airplane_1939.pt,827c877ebc70fd01faaf13445ab19dca.pt,02691156
airplane,airplane_194.pt,1b171503b1d0a074bc0909d98a1ff2b4.pt,02691156
airplane,airplane_1940.pt,828176e6eaee542ceb532c8487004b3c.pt,02691156
airplane,airplane_1941.pt,829108f586f9d0ac7f5c403400264eea.pt,02691156
airplane,airplane_1942.pt,82a2a1830758bacba389345bd31e2871.pt,02691156
airplane,airplane_1943.pt,82a472004d00b288b4d569aa61960548.pt,02691156
airplane,airplane_1944.pt,82cd0676627c20b0879eac31511e27a8.pt,02691156
airplane,airplane_1945.pt,82e50255f14e7d9e60c9b6e4c75a092a.pt,02691156
airplane,airplane_1946.pt,830f3e14a8882ea0f4fb6842b3610149.pt,02691156
airplane,airplane_1947.pt,831171fab182f62eb115cf6cc3371017.pt,02691156
airplane,airplane_1948.pt,8325baeca433510f4e8c959f70e2c0d8.pt,02691156
airplane,airplane_1949.pt,8338cdc32688a863bc0909d98a1ff2b4.pt,02691156
airplane,airplane_195.pt,1b300fd9ad4050e6301fa0a0663ee996.pt,02691156
airplane,airplane_1950.pt,8341ff3b44ed2e30473f10e6caaeca56.pt,02691156
airplane,airplane_1951.pt,83778fc8ddde4a937d5bc8e1d7e1af86.pt,02691156
airplane,airplane_1952.pt,8383c4706c60ea2fc1006ed55bc1a3fc.pt,02691156
airplane,airplane_1953.pt,8383e10a1d1faf89c7749c7e68c22ddc.pt,02691156
airplane,airplane_1954.pt,839a950d0264cbb89a162c818d22a620.pt,02691156
airplane,airplane_1955.pt,83b55a6e1677563d6ae6891f58c50f.pt,02691156
airplane,airplane_1956.pt,83cb2b58d88c0ae3f4fc64fb3aaf41d7.pt,02691156
airplane,airplane_1957.pt,83dd9dd45724d5fbbeb310a83b693887.pt,02691156
airplane,airplane_1958.pt,83e4e523003294ab9a6e43b878d5b335.pt,02691156
airplane,airplane_1959.pt,83ed7c81a011d72a179137acc8d4437.pt,02691156
airplane,airplane_196.pt,1b3c6b2fbcf834cf62b600da24e0965.pt,02691156
airplane,airplane_1960.pt,8406b2372f6e1478d62bfd1579f9a1c2.pt,02691156
airplane,airplane_1961.pt,842e5dcd452f34aa8caa71b1fbf7fb98.pt,02691156
airplane,airplane_1962.pt,8448475504ba9fdeca8607f540cc62ba.pt,02691156
airplane,airplane_1963.pt,844d36a369cdeed3ac4f72bf08dc79a6.pt,02691156
airplane,airplane_1964.pt,845364350601ca0cbdf0b44e2f8f4e6d.pt,02691156
airplane,airplane_1965.pt,845d7718879d26f9a45fa73059b12336.pt,02691156
airplane,airplane_1966.pt,84615b34a2c8a2868699933784576e73.pt,02691156
airplane,airplane_1967.pt,8463c1f30bcd9151b92527b70e93ee2c.pt,02691156
airplane,airplane_1968.pt,847bfe2bea87c55b2d49d91e9a282aa0.pt,02691156
airplane,airplane_1969.pt,84a167f743ec4f4de6f558e7f4a68d3.pt,02691156
airplane,airplane_197.pt,1b626fd06226b600adcbeb54f3d014e9.pt,02691156
airplane,airplane_1970.pt,84b07419645a3418bbf3143b1cb6076a.pt,02691156
airplane,airplane_1971.pt,84b396dde837c81994445a3e8b9de59d.pt,02691156
airplane,airplane_1972.pt,84b84d39581a6766925c10fa44a32fd7.pt,02691156
airplane,airplane_1973.pt,84d5ab52436c832d36813a9f7d8d3045.pt,02691156
airplane,airplane_1974.pt,84de1d44d8795d5876817284cd40c7c1.pt,02691156
airplane,airplane_1975.pt,84e45a6f079cfb9526360e1e29a956c7.pt,02691156
airplane,airplane_1976.pt,8504e370736b26604d210d9468aedaf2.pt,02691156
airplane,airplane_1977.pt,852e1b84dfa1f7e8e075f0bda7acfbe2.pt,02691156
airplane,airplane_1978.pt,85396c57cdbf919f83467b3671ddaea2.pt,02691156
airplane,airplane_1979.pt,853dc1e740631bf2ffa79951b9f955a3.pt,02691156
airplane,airplane_198.pt,1b7ac690067010e26b7bd17e458d0dcb.pt,02691156
airplane,airplane_1980.pt,85462aa8b58d5a1ae753c4c9af8a19d7.pt,02691156
airplane,airplane_1981.pt,854c2f430e7aa00f4d210d9468aedaf2.pt,02691156
airplane,airplane_1982.pt,856a4d86ea105d97be13ce34aa7c0c1c.pt,02691156
airplane,airplane_1983.pt,857350d3e780366537678474be485ca.pt,02691156
airplane,airplane_1984.pt,85738a291d67c649f019a51d1a3b2e07.pt,02691156
airplane,airplane_1985.pt,85743f17e13271e0709eb7790ef48e0c.pt,02691156
airplane,airplane_1986.pt,858c0e466deead2c66cf1b4a8fc3914e.pt,02691156
airplane,airplane_1987.pt,85a15c26a6e9921ae008cc4902bfe3cd.pt,02691156
airplane,airplane_1988.pt,85a62cdab580058925149ab881d5692e.pt,02691156
airplane,airplane_1989.pt,85c9fba37bb685d7ca8607f540cc62ba.pt,02691156
airplane,airplane_199.pt,1b90541c9d95d65d2b48e2e94b50fd01.pt,02691156
airplane,airplane_1990.pt,85cf5445f44a49f5cf35fd096a07bc43.pt,02691156
airplane,airplane_1991.pt,85d3691b7bde76548b96ae1a0a8b84ec.pt,02691156
airplane,airplane_1992.pt,85da8ecc055fc6cb58328b65a4733701.pt,02691156
airplane,airplane_1993.pt,85fd79b9fe5948ff62b600da24e0965.pt,02691156
airplane,airplane_1994.pt,86012cd0bb6727e9e80771be8faac585.pt,02691156
airplane,airplane_1995.pt,86099a00dd63ac05aac413eef609e99b.pt,02691156
airplane,airplane_1996.pt,8615ac14d65e76efbde09007ce74853c.pt,02691156
airplane,airplane_1997.pt,8615e879f5d72ed5860c8fc9227db68d.pt,02691156
airplane,airplane_1998.pt,8615fe6e2a959ac1efe5f291bc2f5fd0.pt,02691156
airplane,airplane_1999.pt,861dbd415c83e12e67c647d96462f673.pt,02691156
airplane,airplane_2.pt,1021a0914a7207aff927ed529ad90a11.pt,02691156
airplane,airplane_20.pt,117861b9ebca4f17c69cb28fb4b4d257.pt,02691156
airplane,airplane_200.pt,1ba18539803c12aae75e6a02e772bcee.pt,02691156
airplane,airplane_2000.pt,862d685006637dfef630324ef3baae90.pt,02691156
airplane,airplane_2001.pt,862f246e54900f48ed4212b3ec7c4371.pt,02691156
airplane,airplane_2002.pt,863742f8e07f52ba4c3a35cee92bb95b.pt,02691156
airplane,airplane_2003.pt,86590fb6310cf7361f1ef59130c405d.pt,02691156
airplane,airplane_2004.pt,865f434c71d41326c9d5795160525060.pt,02691156
airplane,airplane_2005.pt,8675974f9f6ec91ceb3b5fc90bde085d.pt,02691156
airplane,airplane_2006.pt,8682729ee0259ceaca8607f540cc62ba.pt,02691156
airplane,airplane_2007.pt,8686ebc30c07b53126360e1e29a956c7.pt,02691156
airplane,airplane_2008.pt,86a5bdbd8c0c70eea7de26672c5fab85.pt,02691156
airplane,airplane_2009.pt,86b11ae736659136ca8607f540cc62ba.pt,02691156
airplane,airplane_201.pt,1bba3fb413b93890947bbeb9022263b8.pt,02691156
airplane,airplane_2010.pt,86bba8b007786db7be00b7fbad2ca0e8.pt,02691156
airplane,airplane_2011.pt,86c8e75179f00b725b7d3d0361fc611b.pt,02691156
airplane,airplane_2012.pt,86e19045d9f27bfe269856bd6e519d10.pt,02691156
airplane,airplane_2013.pt,86f2c71ef3700ca2cca362d2a61f33e4.pt,02691156
airplane,airplane_2014.pt,8700f6db654c5d2aca52e8e28cb200ce.pt,02691156
airplane,airplane_2015.pt,87069f21b11c180799a771d197c7b487.pt,02691156
airplane,airplane_2016.pt,870dc1667e957672c66e7238ddb322f4.pt,02691156
airplane,airplane_2017.pt,87348bdeb8bc74139ebd7d1067b13a.pt,02691156
airplane,airplane_2018.pt,873f4d2e92681d12709eb7790ef48e0c.pt,02691156
airplane,airplane_2019.pt,875c4b43e35b6803a85b9ef94e886600.pt,02691156
airplane,airplane_202.pt,1bcbb0267f5f1d53c6c0edf9d2d89150.pt,02691156
airplane,airplane_2020.pt,875d75a0aef86850b6b87e72ead132ed.pt,02691156
airplane,airplane_2021.pt,876127a17b7285b3c1fbdb352261d023.pt,02691156
airplane,airplane_2022.pt,879a8f69cd931fe9f64801ad2940cdd5.pt,02691156
airplane,airplane_2023.pt,879ebdd198cf4aa58f6810e1a2b6aa04.pt,02691156
airplane,airplane_2024.pt,87ac28e0b2342ac19a6e43b878d5b335.pt,02691156
airplane,airplane_2025.pt,87b4476ce2df563972459a40bb821ba6.pt,02691156
airplane,airplane_2026.pt,87cf8f265536d4369a6e43b878d5b335.pt,02691156
airplane,airplane_2027.pt,87d37c43f41871fb4dd260a1dd3357bc.pt,02691156
airplane,airplane_2028.pt,87d764f79c2f3af24c2c88971423d0be.pt,02691156
airplane,airplane_2029.pt,87edb38cd76e89f5996d31205aa7f7a.pt,02691156
airplane,airplane_203.pt,1bdeb4aaa0aaea4b4f95630cc18536e0.pt,02691156
airplane,airplane_2030.pt,87fb26b8e56d25f2b87697d3904b168b.pt,02691156
airplane,airplane_2031.pt,880715a3ef69f47e62b600da24e0965.pt,02691156
airplane,airplane_2032.pt,881a9dd186e1d5c3ca8607f540cc62ba.pt,02691156
airplane,airplane_2033.pt,881e02b2d5a2c306f7fe0727acb55c39.pt,02691156
airplane,airplane_2034.pt,882b5868ee1382ab1608512333cae245.pt,02691156
airplane,airplane_2035.pt,882c6bdea5fc5e82a3ee83e6cad78356.pt,02691156
airplane,airplane_2036.pt,884adbb15fcb934051279f7b42f4d889.pt,02691156
airplane,airplane_2037.pt,8855c5531c093275146f724acb952fba.pt,02691156
airplane,airplane_2038.pt,885b7ba506c9d68ab6ecbbb2e4d05900.pt,02691156
airplane,airplane_2039.pt,886942791e830bf1d32b1717fde97410.pt,02691156
airplane,airplane_204.pt,1bea1445065705eb37abdc1aa610476c.pt,02691156
airplane,airplane_2040.pt,88771c5b02d6e267b02bf6205401969.pt,02691156
airplane,airplane_2041.pt,88883a7ad39baf47bd46d022fd7d80aa.pt,02691156
airplane,airplane_2042.pt,88af6c30339602c2c87c199a35aa58d6.pt,02691156
airplane,airplane_2043.pt,88c4ef9645eee90866876073bf7a9ab0.pt,02691156
airplane,airplane_2044.pt,88fe762bfda775f84c3a35cee92bb95b.pt,02691156
airplane,airplane_2045.pt,89175682a6cecf548966fecb9138dba7.pt,02691156
airplane,airplane_2046.pt,892ae1180c58b3e671d03b466c72ce41.pt,02691156
airplane,airplane_2047.pt,8938ab05c9dd830cb422638f4c34a0ac.pt,02691156
airplane,airplane_2048.pt,893c03e02dd0e1ad7d64cad20089f027.pt,02691156
airplane,airplane_2049.pt,8951b4f9834869a6673a028ac04b7de3.pt,02691156
airplane,airplane_205.pt,1beb0776148870d4c511571426f8b16d.pt,02691156
airplane,airplane_2050.pt,895939bb0da197f8303d346f4be7d4f.pt,02691156
airplane,airplane_2051.pt,895ae296f701f5e2ee7ff700fef7cd22.pt,02691156
airplane,airplane_2052.pt,895e49f92ff5003032611f2edb791b8c.pt,02691156
airplane,airplane_2053.pt,896508fa65b8a31c12b38b1d99376c0b.pt,02691156
airplane,airplane_2054.pt,89836a37ce10a26c8699933784576e73.pt,02691156
airplane,airplane_2055.pt,89887eb7413e51a55970a7489fd4b4fc.pt,02691156
airplane,airplane_2056.pt,898b4899114d9bb890baeef8ba5b93e5.pt,02691156
airplane,airplane_2057.pt,8996445c6d2407c0fb5c1b0f759e2bc1.pt,02691156
airplane,airplane_2058.pt,89a5679cb03f30caf5c7319b71bdce6e.pt,02691156
airplane,airplane_2059.pt,89a6407ce86efaeee1211756a8e887aa.pt,02691156
airplane,airplane_206.pt,1c16739bbf3fa7c44276157eea5f8676.pt,02691156
airplane,airplane_2060.pt,89a697d339c01c19452b96e716decae1.pt,02691156
airplane,airplane_2061.pt,89a6af782a025acc62b600da24e0965.pt,02691156
airplane,airplane_2062.pt,89b42bde2332e5c067c5e3041553656b.pt,02691156
airplane,airplane_2063.pt,89b6f678789287a3d3128304aa2279ec.pt,02691156
airplane,airplane_2064.pt,89bc3fa2ecf1425f6c32d954b1c7f41e.pt,02691156
airplane,airplane_2065.pt,89e0a038b52184e04f856435f28995af.pt,02691156
airplane,airplane_2066.pt,89f21747e6403735d9e1375411b582e.pt,02691156
airplane,airplane_2067.pt,8a050edf3d971a617b17a3f88bbfbb61.pt,02691156
airplane,airplane_2068.pt,8a25b5ee4421f96a349a1add3c9c4a87.pt,02691156
airplane,airplane_2069.pt,8a343fecfe2b8660d0fe0309648c1f07.pt,02691156
airplane,airplane_207.pt,1c26ecb4cd01759dc1006ed55bc1a3fc.pt,02691156
airplane,airplane_2070.pt,8a47b24f85a0eafa12234b062bc6c471.pt,02691156
airplane,airplane_2071.pt,8a674703723db7a390baeef8ba5b93e5.pt,02691156
airplane,airplane_2072.pt,8a6ab7486ecbecdb203936772104a82d.pt,02691156
airplane,airplane_2073.pt,8a84a26158da1db7668586dcfb752ad.pt,02691156
airplane,airplane_2074.pt,8ac48eb3349098b535fc197bbabcd5bd.pt,02691156
airplane,airplane_2075.pt,8ac8c21b63ff535fca8607f540cc62ba.pt,02691156
airplane,airplane_2076.pt,8adc6a0f45a1ef2e71d03b466c72ce41.pt,02691156
airplane,airplane_2077.pt,8add45a11c9fcb446eb5821e78d8898a.pt,02691156
airplane,airplane_2078.pt,8af350191d35e65cc3fe7930fce05ded.pt,02691156
airplane,airplane_2079.pt,8af46946b9b2b3aacf0820a704ed425d.pt,02691156
airplane,airplane_208.pt,1c27d282735f81211063b9885ddcbb1.pt,02691156
airplane,airplane_2080.pt,8af65c495c966cd7c337e45399cf632.pt,02691156
airplane,airplane_2081.pt,8af730a8f082af9167b9bb226efd81df.pt,02691156
airplane,airplane_2082.pt,8b0d9118e9e7dc3f95c9af648ce95367.pt,02691156
airplane,airplane_2083.pt,8b1b372c0ea200bd225a23c790f08fdd.pt,02691156
airplane,airplane_2084.pt,8b3bccc84ac7d534d56132409b00c58b.pt,02691156
airplane,airplane_2085.pt,8b4309aac2f7f6b3b97c9314bd4647d5.pt,02691156
airplane,airplane_2086.pt,8b594934c14ac5db66cf1b4a8fc3914e.pt,02691156
airplane,airplane_2087.pt,8b59ed9a391c86cdb4910ab5b756f3ae.pt,02691156
airplane,airplane_2088.pt,8b61ba80d9e487deca8607f540cc62ba.pt,02691156
airplane,airplane_2089.pt,8b65813c6ab0c972ca2bd098b9203af.pt,02691156
airplane,airplane_209.pt,1c2e9dedbcf511e616a077c4c0fc1181.pt,02691156
airplane,airplane_2090.pt,8b72934186e1d8b0f510cd52a5f27547.pt,02691156
airplane,airplane_2091.pt,8b851217c2ef15b8eeb11afd6f15c99e.pt,02691156
airplane,airplane_2092.pt,8b9a404737736ece774a720fca15e35b.pt,02691156
airplane,airplane_2093.pt,8ba22e93df58242b61c0a7e9e23d6288.pt,02691156
airplane,airplane_2094.pt,8baeb2c664b0bdf4ca8607f540cc62ba.pt,02691156
airplane,airplane_2095.pt,8bb827904cd9acd36c1cd53dbc9f7b8e.pt,02691156
airplane,airplane_2096.pt,8bb8876d55433eed216b327569dd806e.pt,02691156
airplane,airplane_2097.pt,8bde5a00c3caf9771d03b466c72ce41.pt,02691156
airplane,airplane_2098.pt,8bfcf5618f2d169c9a6e43b878d5b335.pt,02691156
airplane,airplane_2099.pt,8c0c8307c5de1b65ac96c03d6280efb7.pt,02691156
airplane,airplane_21.pt,118e8142a8cb1fe19a4a28ef635593ce.pt,02691156
airplane,airplane_210.pt,1c4b8662938adf41da2b0f839aba40f9.pt,02691156
airplane,airplane_2100.pt,8c11ef88dd944d00fca1f1143bb6bc17.pt,02691156
airplane,airplane_2101.pt,8c1d67bf88f34ac55823df672991ed66.pt,02691156
airplane,airplane_2102.pt,8c2d5c6dd599a5bb68c7efc443fd2354.pt,02691156
airplane,airplane_2103.pt,8c2f2570e178823562b600da24e0965.pt,02691156
airplane,airplane_2104.pt,8c3419a655600e5766cf1b4a8fc3914e.pt,02691156
airplane,airplane_2105.pt,8c344cf05ad1bcb7709f5d258bc9a906.pt,02691156
airplane,airplane_2106.pt,8c42e3042a4beaa7d5c40787c7bb7824.pt,02691156
airplane,airplane_2107.pt,8c622c7e0b15a0243ec67cba9d24f2c9.pt,02691156
airplane,airplane_2108.pt,8c6ab402ad29ff5c3b9dffcb3e0245d9.pt,02691156
airplane,airplane_2109.pt,8c6ec24418f0af1950e187c1fbdbf3ba.pt,02691156
airplane,airplane_211.pt,1c673748703c99207f1f82f6fc8747b8.pt,02691156
airplane,airplane_2110.pt,8c746468d3dcb6d3ff3a35e90542981d.pt,02691156
airplane,airplane_2111.pt,8c851663113c3f6790baeef8ba5b93e5.pt,02691156
airplane,airplane_2112.pt,8ccaaa2429c01bd15e33fa4a58c78442.pt,02691156
airplane,airplane_2113.pt,8cd5191c587341029aa2a8cabf259b68.pt,02691156
airplane,airplane_2114.pt,8ce12b6b3b451b8ad0671652a4c42f7b.pt,02691156
airplane,airplane_2115.pt,8ceca54101f96a96d972c9dd75ed77d4.pt,02691156
airplane,airplane_2116.pt,8cf06a71987992cf90a51833252023c7.pt,02691156
airplane,airplane_2117.pt,8d148580eda6994c2a8810071030bd25.pt,02691156
airplane,airplane_2118.pt,8d2903595298549959bf29282ea7962d.pt,02691156
airplane,airplane_2119.pt,8d49b7496a2575d5146e44cc99f07c52.pt,02691156
airplane,airplane_212.pt,1c798f3e8bcaaed6f34c3a85e57ba71c.pt,02691156
airplane,airplane_2120.pt,8d54e30dea0e2508bbf3143b1cb6076a.pt,02691156
airplane,airplane_2121.pt,8d5c3d38de9c3685f2e77d54f4da142.pt,02691156
airplane,airplane_2122.pt,8d5ecf095e56cf8cca8607f540cc62ba.pt,02691156
airplane,airplane_2123.pt,8d62d327fb15c9b42ff26728ed9d7bc3.pt,02691156
airplane,airplane_2124.pt,8d847b813fa70470bc0909d98a1ff2b4.pt,02691156
airplane,airplane_2125.pt,8d84a34d5aac3bffc6f6da58b133bae0.pt,02691156
airplane,airplane_2126.pt,8da05b28d9b2e2fddd01eabba9d45203.pt,02691156
airplane,airplane_2127.pt,8da50272a54dee98d972c9dd75ed77d4.pt,02691156
airplane,airplane_2128.pt,8daba5f5c906b3b331fec775e1dce6b3.pt,02691156
airplane,airplane_2129.pt,8db0b83cee14e1e5eacd58bc9fc5db51.pt,02691156
airplane,airplane_213.pt,1c87b854cceb778615aa5b227c027ee0.pt,02691156
airplane,airplane_2130.pt,8ddc3bfd5a86d4be2e7c68eb5d1b9123.pt,02691156
airplane,airplane_2131.pt,8de793e2e964f40a26c713777861983a.pt,02691156
airplane,airplane_2132.pt,8def338aaf898d6c26479a182158bae5.pt,02691156
airplane,airplane_2133.pt,8df55e58da6c297b4c3a35cee92bb95b.pt,02691156
airplane,airplane_2134.pt,8df8e2580639b093c1006ed55bc1a3fc.pt,02691156
airplane,airplane_2135.pt,8e2846178e2976fab96212c8f6cd06e.pt,02691156
airplane,airplane_2136.pt,8e2e03ed888e0eace4f2488af2c37f8d.pt,02691156
airplane,airplane_2137.pt,8e47730a471abb7f43afdb9c81ff2967.pt,02691156
airplane,airplane_2138.pt,8e50f707e506f65f66cf1b4a8fc3914e.pt,02691156
airplane,airplane_2139.pt,8eab40ab482a46f04369ac253fd9f7b2.pt,02691156
airplane,airplane_214.pt,1c93b0eb9c313f5d9a6e43b878d5b335.pt,02691156
airplane,airplane_2140.pt,8ec085a86e6d9425f4fb6842b3610149.pt,02691156
airplane,airplane_2141.pt,8eda6d2dcf9302d2d041917556492646.pt,02691156
airplane,airplane_2142.pt,8eeb9f69fc9ef1b0b45fd154bd3b6957.pt,02691156
airplane,airplane_2143.pt,8ef4637cb349584420c6a28228acb628.pt,02691156
airplane,airplane_2144.pt,8f33d2c0c08befe48caa71b1fbf7fb98.pt,02691156
airplane,airplane_2145.pt,8f39cc306f68c89c8139630c61d12904.pt,02691156
airplane,airplane_2146.pt,8f39d2dbb98bce6057b643a522b3d830.pt,02691156
airplane,airplane_2147.pt,8f40518bd30467151e5ae32cb9e3711f.pt,02691156
airplane,airplane_2148.pt,8f4416cb67c3807bcf155ddc002a8f77.pt,02691156
airplane,airplane_2149.pt,8f4c92227704fdf11c568754310e5f73.pt,02691156
airplane,airplane_215.pt,1caa02b831cccff090baeef8ba5b93e5.pt,02691156
airplane,airplane_2150.pt,8f4e31ee9912f54e77fd7318510b8627.pt,02691156
airplane,airplane_2151.pt,8f9fe8d7df1af4e057240bc6888ed016.pt,02691156
airplane,airplane_2152.pt,8fa9e2e8dbed43911f32208e53f871eb.pt,02691156
airplane,airplane_2153.pt,8fc553e3a88b7ad54e461d462a3ccbc4.pt,02691156
airplane,airplane_2154.pt,8fe1c92c1c9ff33fbc0909d98a1ff2b4.pt,02691156
airplane,airplane_2155.pt,8fe406a829c40c933b353a5057e248f5.pt,02691156
airplane,airplane_2156.pt,8ff8f3c845e7ae8443afdb9c81ff2967.pt,02691156
airplane,airplane_2157.pt,900771de03746670ca8607f540cc62ba.pt,02691156
airplane,airplane_2158.pt,902b39a955eeb2bf35569910818956dd.pt,02691156
airplane,airplane_2159.pt,902cc09a60a494a278d0cdddb0c08062.pt,02691156
airplane,airplane_216.pt,1cb757280b862ae52c7575c9089791ff.pt,02691156
airplane,airplane_2160.pt,90489d6f74296c88daf24b8b932d0212.pt,02691156
airplane,airplane_2161.pt,9052a53f45d5f8487d64cad20089f027.pt,02691156
airplane,airplane_2162.pt,90612205109d7458e84aab2e1d454e3c.pt,02691156
airplane,airplane_2163.pt,90769434f2b588c1b675ec196a869fe5.pt,02691156
airplane,airplane_2164.pt,909548225096784cd5cf6c89d6cfc357.pt,02691156
airplane,airplane_2165.pt,909f59399d056983a0a3307f8f7721fc.pt,02691156
airplane,airplane_2166.pt,90bd96c05c0208c642d1180c659735fe.pt,02691156
airplane,airplane_2167.pt,910bd9a7d9ac4738d5c4dc314e25b351.pt,02691156
airplane,airplane_2168.pt,911e9f0246b26b309f789b924eaffb62.pt,02691156
airplane,airplane_2169.pt,912219c657177b17774a720fca15e35b.pt,02691156
airplane,airplane_217.pt,1cc3ebbadfe69e8011f5789deac2dcac.pt,02691156
airplane,airplane_2170.pt,912d89d2d910a81cadcbeb54f3d014e9.pt,02691156
airplane,airplane_2171.pt,914c308ac4a9156842c20743f866e1a6.pt,02691156
airplane,airplane_2172.pt,9159a77918eb86cf408508ea36928b08.pt,02691156
airplane,airplane_2173.pt,916950e40ca7aabc8b96ae1a0a8b84ec.pt,02691156
airplane,airplane_2174.pt,917694a71164f2148e8405d6c51a908.pt,02691156
airplane,airplane_2175.pt,918b46dfb239ee044a8d8b0dca1fd34.pt,02691156
airplane,airplane_2176.pt,91948fbd89e316b9a1efa53c1b6b3c23.pt,02691156
airplane,airplane_2177.pt,9196f5a53aa7756687bac2e90bbe10e8.pt,02691156
airplane,airplane_2178.pt,91a00801903a1f64bc0909d98a1ff2b4.pt,02691156
airplane,airplane_2179.pt,91ad0ff431597651767529f9ae81ac0f.pt,02691156
airplane,airplane_218.pt,1ce5b9a79420e946bff7790df3158906.pt,02691156
airplane,airplane_2180.pt,91bd6e91455f85fddcf9f917545742df.pt,02691156
airplane,airplane_2181.pt,91d3479f5da120a9b4d73e4449062b04.pt,02691156
airplane,airplane_2182.pt,91e3ab3e12059b4a9d92b4de623f5639.pt,02691156
airplane,airplane_2183.pt,91f3ccba290da90671d03b466c72ce41.pt,02691156
airplane,airplane_2184.pt,91f8e08144218e2d23fc69eefd95e6d3.pt,02691156
airplane,airplane_2185.pt,92306925325c9e8a3f3cc56bc9bfcde3.pt,02691156
airplane,airplane_2186.pt,92497dcdab4d0a8de1e82eac4119b0b3.pt,02691156
airplane,airplane_2187.pt,9259906152f9d885a8cba409c4409ba9.pt,02691156
airplane,airplane_2188.pt,926749549b15941e6455d739a5cbd8d7.pt,02691156
airplane,airplane_2189.pt,9267c510247327a2297d46b42718e32f.pt,02691156
airplane,airplane_219.pt,1cfada8b8ad2428fcabcecce1c335df1.pt,02691156
airplane,airplane_2190.pt,92a83ecaa10e8d3f78e919a72d9a39e7.pt,02691156
airplane,airplane_2191.pt,92b7d0035cefb816d13ef00338ba8c52.pt,02691156
airplane,airplane_2192.pt,92cf58c641a4e5af56a793e48de27b07.pt,02691156
airplane,airplane_2193.pt,92e2aee5e86c0fc870d98a97e17b4da3.pt,02691156
airplane,airplane_2194.pt,92e445da194d65873dc5bf61ec5f5588.pt,02691156
airplane,airplane_2195.pt,92fb0d6a866fe7aca8607f540cc62ba.pt,02691156
airplane,airplane_2196.pt,92ffaa5ebef3c4025d85b5c95b248fc3.pt,02691156
airplane,airplane_2197.pt,9300dc1ca5f16b074f95630cc18536e0.pt,02691156
airplane,airplane_2198.pt,9314289f486e58caa8cba409c4409ba9.pt,02691156
airplane,airplane_2199.pt,9321ab235b82ca268c9bdb0f364cdad.pt,02691156
airplane,airplane_22.pt,11d2af04fad0a7e2ce19d55bc5e6a406.pt,02691156
airplane,airplane_220.pt,1d09583e9236b8d149d860a48be37092.pt,02691156
airplane,airplane_2200.pt,93314e5d740a48049a6e43b878d5b335.pt,02691156
airplane,airplane_2201.pt,934b1ff5cf72b25c4310636931b68fdb.pt,02691156
airplane,airplane_2202.pt,934d7c130fd419cdacffbc7889712a99.pt,02691156
airplane,airplane_2203.pt,934dd5529c22cd05bc0909d98a1ff2b4.pt,02691156
airplane,airplane_2204.pt,934e5dbb193dab924d02f09e7a1a5b28.pt,02691156
airplane,airplane_2205.pt,9378f4e9b3bc187e621c837076d6923a.pt,02691156
airplane,airplane_2206.pt,939f3dcf67a1e1adbe13ce34aa7c0c1c.pt,02691156
airplane,airplane_2207.pt,93a635370616538abc0909d98a1ff2b4.pt,02691156
airplane,airplane_2208.pt,93ba822e84586999e3375a6b96a1d765.pt,02691156
airplane,airplane_2209.pt,93c38745ac281f6b8aeaf14658928f6.pt,02691156
airplane,airplane_221.pt,1d0c128592385580e2129f6359ec27e3.pt,02691156
airplane,airplane_2210.pt,93c3ce7904b3258b2285a9bad03a0ac7.pt,02691156
airplane,airplane_2211.pt,93da50dbee3d1f78a7d0c1e4eb8db7dc.pt,02691156
airplane,airplane_2212.pt,93e0290ab5eede3a883f7527225435dc.pt,02691156
airplane,airplane_2213.pt,94056866a14b015a50c626aa72455dae.pt,02691156
airplane,airplane_2214.pt,9407c551466b346450e5128bacca96b5.pt,02691156
airplane,airplane_2215.pt,940c9ed5d7610d915d3bbd70fc7759b7.pt,02691156
airplane,airplane_2216.pt,94351a82955a6136c3f40f6a57084ffb.pt,02691156
airplane,airplane_2217.pt,9436273fc1a5e3ca7af159eaf7625abf.pt,02691156
airplane,airplane_2218.pt,94379090010cd6bb874c9ce092a813ef.pt,02691156
airplane,airplane_2219.pt,9441549e323552f2f001dddaf44c449b.pt,02691156
airplane,airplane_222.pt,1d1244abfefc781f35fc197bbabcd5bd.pt,02691156
airplane,airplane_2220.pt,945b33ed9d6844591596c26b5af806fe.pt,02691156
airplane,airplane_2221.pt,9465be8f818fbf94b01a0cb11141e033.pt,02691156
airplane,airplane_2222.pt,9469590435736800b87697d3904b168b.pt,02691156
airplane,airplane_2223.pt,947a78a898b6aa81f19a675dcc5ca632.pt,02691156
airplane,airplane_2224.pt,947ac452f850e284082bf69673a94f.pt,02691156
airplane,airplane_2225.pt,947d6b9cd1966e2e719b5362fe06bbb.pt,02691156
airplane,airplane_2226.pt,9483e1b0e4222cb4f2b0736dd4d8afe0.pt,02691156
airplane,airplane_2227.pt,94843fffd7d2a8c0dfb86dddee1d6ac3.pt,02691156
airplane,airplane_2228.pt,94981062a6f3748844750bbcfe7b8fee.pt,02691156
airplane,airplane_2229.pt,949acc63ad8f8816e816c75152573ee0.pt,02691156
airplane,airplane_223.pt,1d269dbde96f067966cf1b4a8fc3914e.pt,02691156
airplane,airplane_2230.pt,94b0675bb9f2a7fdf8a8bda5d07839b5.pt,02691156
airplane,airplane_2231.pt,94bb7abec5f1b984dd1c97b5ee3d49a6.pt,02691156
airplane,airplane_2232.pt,94c4ade39534d1902c13e5b9ca0fc656.pt,02691156
airplane,airplane_2233.pt,94cb05b56b89aa2223895f8c849f85e.pt,02691156
airplane,airplane_2234.pt,94ce3a5ad2576e73a5cac89017eae8d1.pt,02691156
airplane,airplane_2235.pt,94d3a666d2dbc4385ff3feb917a6004b.pt,02691156
airplane,airplane_2236.pt,94dffe91af2c8834fca1f1143bb6bc17.pt,02691156
airplane,airplane_2237.pt,94ee700c27e2c05f84fcdb4aed90c145.pt,02691156
airplane,airplane_2238.pt,951358ab93e7380c1ccec171a275967.pt,02691156
airplane,airplane_2239.pt,9513fcab860b113795ff232cd38210b4.pt,02691156
airplane,airplane_224.pt,1d396e76ecfd973575ffe5b08493cffc.pt,02691156
airplane,airplane_2240.pt,95240a3e33d607bd88803e631d9fa455.pt,02691156
airplane,airplane_2241.pt,952c5b41a44f6f3166cf1b4a8fc3914e.pt,02691156
airplane,airplane_2242.pt,953baa426dac775bbc8c4428ef1dffc7.pt,02691156
airplane,airplane_2243.pt,9550774ad1c19b24a5a118bd15e6e34f.pt,02691156
airplane,airplane_2244.pt,958c54f8da7a1359cea2c06142ecb1b3.pt,02691156
airplane,airplane_2245.pt,958cc8251e6f7d8fa9b2becd26dc2fc1.pt,02691156
airplane,airplane_2246.pt,959044f10e27b89ee664ce1de3ddc8b4.pt,02691156
airplane,airplane_2247.pt,9595693b6c0f5157651e8da9cf70afea.pt,02691156
airplane,airplane_2248.pt,959f28c6724979ef9a6e43b878d5b335.pt,02691156
airplane,airplane_2249.pt,95a6c003f5bd8a4acef4e20384a35136.pt,02691156
airplane,airplane_225.pt,1d4f988b009edadf54a2210c7b2aa25.pt,02691156
airplane,airplane_2250.pt,95a79d9ea571592bc3e5025cb598f546.pt,02691156
airplane,airplane_2251.pt,95bc1c56fd50037ce3f3aec01b086ba.pt,02691156
airplane,airplane_2252.pt,95cfdf728da16975c5f6fdebb053ab2f.pt,02691156
airplane,airplane_2253.pt,95d0f4440a694e4a203936772104a82d.pt,02691156
airplane,airplane_2254.pt,95e589163afd0a7a609e2d916fa0da27.pt,02691156
airplane,airplane_2255.pt,95f7a9754cba79469a6e43b878d5b335.pt,02691156
airplane,airplane_2256.pt,95fe3a31e4c084a128132d87f74ffe13.pt,02691156
airplane,airplane_2257.pt,960d086565fd36def0a9e4c23bc75c0.pt,02691156
airplane,airplane_2258.pt,96168894d7331c75acf77e718d93f3e1.pt,02691156
airplane,airplane_2259.pt,9617ea33f17993e76f0c490da56d34b.pt,02691156
airplane,airplane_226.pt,1d4fbbf681ba892ddeddb5c33cb2f8f3.pt,02691156
airplane,airplane_2260.pt,9618b78610150b53825b20c2472ad90a.pt,02691156
airplane,airplane_2261.pt,96291ea39a5c6eda203936772104a82d.pt,02691156
airplane,airplane_2262.pt,9634ed6dc8ecae0026360e1e29a956c7.pt,02691156
airplane,airplane_2263.pt,96409ee8309b4c679c72d95bbb12b7e8.pt,02691156
airplane,airplane_2264.pt,96430e8f2174428ecbc790a63192d2ab.pt,02691156
airplane,airplane_2265.pt,965d457720def9a490b1d6deb98feec6.pt,02691156
airplane,airplane_2266.pt,96600318559071d48caa71b1fbf7fb98.pt,02691156
airplane,airplane_2267.pt,967b1afce4221816cf67c0b63878e138.pt,02691156
airplane,airplane_2268.pt,969455251a1ee3061c517f0fe59ec7ee.pt,02691156
airplane,airplane_2269.pt,9695d544e326baeaebc75cd68927f0b5.pt,02691156
airplane,airplane_227.pt,1d4ff34cdf90d6f9aa2d78d1b8d0b45c.pt,02691156
airplane,airplane_2270.pt,96a69c2add6d55379a6e43b878d5b335.pt,02691156
airplane,airplane_2271.pt,96ed9dcc355f3d34585be1dcf6e59170.pt,02691156
airplane,airplane_2272.pt,96ee3ab4413dca5a48d2ba4615e03b21.pt,02691156
airplane,airplane_2273.pt,9705e3c2d21106ced7f23cd024f22c12.pt,02691156
airplane,airplane_2274.pt,97066012fbca5983c74417871493eae8.pt,02691156
airplane,airplane_2275.pt,9712035b78970ca71e623da3c4e40c05.pt,02691156
airplane,airplane_2276.pt,971ef250f2d0cb389a6e43b878d5b335.pt,02691156
airplane,airplane_2277.pt,973211dfe6bcc4ae90b1d6deb98feec6.pt,02691156
airplane,airplane_2278.pt,973df01cea43c7f690b1d6deb98feec6.pt,02691156
airplane,airplane_2279.pt,9759b89377e9d3f454eefcdc602d4520.pt,02691156
airplane,airplane_228.pt,1d5708929a4ae05842d1180c659735fe.pt,02691156
airplane,airplane_2280.pt,975c00ab85218a05430355e13bc86b4e.pt,02691156
airplane,airplane_2281.pt,97a6bb84720f250122df1994a149e700.pt,02691156
airplane,airplane_2282.pt,97bc5fffde64178f43afdb9c81ff2967.pt,02691156
airplane,airplane_2283.pt,97bd6259fd4dd69a90baeef8ba5b93e5.pt,02691156
airplane,airplane_2284.pt,97c12e6155fdf8ca90baeef8ba5b93e5.pt,02691156
airplane,airplane_2285.pt,97d662e5e6345b46bd46d022fd7d80aa.pt,02691156
airplane,airplane_2286.pt,97e58a98eeee184565d73e2944dbef1d.pt,02691156
airplane,airplane_2287.pt,97eb9cf6c8a11a389967b23b351d6841.pt,02691156
airplane,airplane_2288.pt,97ec5b82d9757b639cb1b92881e8e76.pt,02691156
airplane,airplane_2289.pt,98011d15300361e54f0e6f5b218145e.pt,02691156
airplane,airplane_229.pt,1d5beedb73951ef68649ad8da70da1e.pt,02691156
airplane,airplane_2290.pt,98168c1772b769c0ea1bd6f2443b43e7.pt,02691156
airplane,airplane_2291.pt,9818f0b88fed05b24b0a1bcf2fb497ec.pt,02691156
airplane,airplane_2292.pt,9825919cffec79701944f01d3ab2091b.pt,02691156
airplane,airplane_2293.pt,983cb909846f4e1bbd46d022fd7d80aa.pt,02691156
airplane,airplane_2294.pt,98480ee19ba4dc93ef5f09964a6a1f97.pt,02691156
airplane,airplane_2295.pt,985e020b26adf663acd7e882b88d2b.pt,02691156
airplane,airplane_2296.pt,9873e280d91107fe9a55c6af6f4b2bb3.pt,02691156
airplane,airplane_2297.pt,987e67ef16969b93663e90eaf6b4ca52.pt,02691156
airplane,airplane_2298.pt,98988dc4e5c62dfbc0909d98a1ff2b4.pt,02691156
airplane,airplane_2299.pt,989da7f7bce36747c6c291015ab44100.pt,02691156
airplane,airplane_23.pt,11def84f9fe8ab0acd726e804e5d7a.pt,02691156
airplane,airplane_230.pt,1d63eb2b1f78aa88acf77e718d93f3e1.pt,02691156
airplane,airplane_2300.pt,98b163efbbdf20c898dc7d57268f30d4.pt,02691156
airplane,airplane_2301.pt,98b5a3a8e2ab94ccce19d55bc5e6a406.pt,02691156
airplane,airplane_2302.pt,98c0c90dcce8f9ee3ba77af508a192c0.pt,02691156
airplane,airplane_2303.pt,98ca06c300ad5a6bdc9181d6fa468db3.pt,02691156
airplane,airplane_2304.pt,98dd57d068c8de064c3a35cee92bb95b.pt,02691156
airplane,airplane_2305.pt,990431d8a1ef435bbc913a3935f0ae10.pt,02691156
airplane,airplane_2306.pt,9912b47f0efc512b8d548f89c1029ea3.pt,02691156
airplane,airplane_2307.pt,9912e7eaab960bf0e3639a60ffa58b1e.pt,02691156
airplane,airplane_2308.pt,993599a55057f963ae7c0d0e12bd33da.pt,02691156
airplane,airplane_2309.pt,995d06b3afb755eef446f92b52bbd82a.pt,02691156
airplane,airplane_231.pt,1d663e36e305fa8e2178120752ee7a07.pt,02691156
airplane,airplane_2310.pt,99656ff9d5a8a0fcbc0909d98a1ff2b4.pt,02691156
airplane,airplane_2311.pt,997539bb0a0d8cf852c3271e911ffe19.pt,02691156
airplane,airplane_2312.pt,997cb29f544d6f2726360e1e29a956c7.pt,02691156
airplane,airplane_2313.pt,999539f6290b7072ca2bd098b9203af.pt,02691156
airplane,airplane_2314.pt,99b2ee98a16b3c0b1338b1079208569a.pt,02691156
airplane,airplane_2315.pt,99c0ee178c5a4dbd8d8a353a30b33dd.pt,02691156
airplane,airplane_2316.pt,99c13d3c3f30c34dca8607f540cc62ba.pt,02691156
airplane,airplane_2317.pt,99dc4702d20942da18e0889038e4fb6.pt,02691156
airplane,airplane_2318.pt,99e1961a72bb8ac46177b6d1ecbf989.pt,02691156
airplane,airplane_2319.pt,99ee9ae50909ac0cd3cd0742a4ec7e9b.pt,02691156
airplane,airplane_232.pt,1d68bc47a558ec9b266eb575093ccace.pt,02691156
airplane,airplane_2320.pt,9a007813a38638c379a04281ec8c6618.pt,02691156
airplane,airplane_2321.pt,9a04c7aa6e1655fc90baeef8ba5b93e5.pt,02691156
airplane,airplane_2322.pt,9a0f4dd21a4ca19bf1cb19f636b1c2bd.pt,02691156
airplane,airplane_2323.pt,9a266b3a734e374687bf26680c510802.pt,02691156
airplane,airplane_2324.pt,9a29495f38c07b0526a6eb5f28c0aecb.pt,02691156
airplane,airplane_2325.pt,9a3b5fa35243504124f575085333a65b.pt,02691156
airplane,airplane_2326.pt,9a3cb94af2f2a5b826360e1e29a956c7.pt,02691156
airplane,airplane_2327.pt,9a4bd6fa35e2e59689437db5f9b0a8a1.pt,02691156
airplane,airplane_2328.pt,9a58779da170911a7a571401e6605fc2.pt,02691156
airplane,airplane_2329.pt,9a5d4e2d21506f11c503a3776fc280fe.pt,02691156
airplane,airplane_233.pt,1d6afc44b053ab07941d71475449eb25.pt,02691156
airplane,airplane_2330.pt,9a5f4508a4337d195e48cdafd0101d9.pt,02691156
airplane,airplane_2331.pt,9a84164528544d5690baeef8ba5b93e5.pt,02691156
airplane,airplane_2332.pt,9a847e8c8f9c0acbbb05fba9fce1c1e0.pt,02691156
airplane,airplane_2333.pt,9a84ed39f9a2a3c0b3f2b01de37c0b29.pt,02691156
airplane,airplane_2334.pt,9a878c5f0bfbd964d470a0056f762381.pt,02691156
airplane,airplane_2335.pt,9a8aecab136ce50db7ef47444625afb2.pt,02691156
airplane,airplane_2336.pt,9a9f615801c2dfff4d210d9468aedaf2.pt,02691156
airplane,airplane_2337.pt,9aa371acc735844efdd77aff53f4b7ba.pt,02691156
airplane,airplane_2338.pt,9ac292686a2fcebbe719b5362fe06bbb.pt,02691156
airplane,airplane_2339.pt,9ac7fb5963ae673f7d64cad20089f027.pt,02691156
airplane,airplane_234.pt,1d7eb22189100710ca8607f540cc62ba.pt,02691156
airplane,airplane_2340.pt,9acef1e2e46120f8fdd77aff53f4b7ba.pt,02691156
airplane,airplane_2341.pt,9afe827a622d8ca28699933784576e73.pt,02691156
airplane,airplane_2342.pt,9b09169e0a2b8650dcadc22bf3c23ace.pt,02691156
airplane,airplane_2343.pt,9b1fc3881a5335cb44012f72ba1e15a8.pt,02691156
airplane,airplane_2344.pt,9b285862ababfc3a68222c7df7dc40f1.pt,02691156
airplane,airplane_2345.pt,9b5a1706223b150613f6b7168403d0e9.pt,02691156
airplane,airplane_2346.pt,9b5e193416d5b2c09d608d5eb8e56ba5.pt,02691156
airplane,airplane_2347.pt,9b60b20ea5fe6f002a2fdfabfb4182ed.pt,02691156
airplane,airplane_2348.pt,9b62f887f1839e5f4c3a35cee92bb95b.pt,02691156
airplane,airplane_2349.pt,9b687f9cff46d43d89c2da356f872ebc.pt,02691156
airplane,airplane_235.pt,1d96d1c7cfb1085e61f1ef59130c405d.pt,02691156
airplane,airplane_2350.pt,9ba460913d86466f62347b4731688b0f.pt,02691156
airplane,airplane_2351.pt,9baf5b31d70e0d05e98d814cc4d9c5e3.pt,02691156
airplane,airplane_2352.pt,9bd8d0fa75bc21c5e3375a6b96a1d765.pt,02691156
airplane,airplane_2353.pt,9be01448f3b2b932828204947d78b9af.pt,02691156
airplane,airplane_2354.pt,9bf3c126d5918c41f5c7319b71bdce6e.pt,02691156
airplane,airplane_2355.pt,9bfd7f4ecdd8efd8bd46d022fd7d80aa.pt,02691156
airplane,airplane_2356.pt,9c0431249dd5a50dfaf7f0ef9aa8fd9e.pt,02691156
airplane,airplane_2357.pt,9c41b0040048581c32387cdb9b2a84d5.pt,02691156
airplane,airplane_2358.pt,9c7268dd8ec3a3bb590874dcd9dc8481.pt,02691156
airplane,airplane_2359.pt,9c7395d87c59aa54a79f2ed56427c6e6.pt,02691156
airplane,airplane_236.pt,1db7bca33ba446aba5cac89017eae8d1.pt,02691156
airplane,airplane_2360.pt,9c916b72d9f9f93b9f2700a6b7be99ac.pt,02691156
airplane,airplane_2361.pt,9c9d6469ecdfc54fc2a9d7232db0ed61.pt,02691156
airplane,airplane_2362.pt,9cb21d68582e1c4ec1ccec171a275967.pt,02691156
airplane,airplane_2363.pt,9cbbede82cf4f7e463a33dad5001f8d7.pt,02691156
airplane,airplane_2364.pt,9cda097e69ef82beace5721ccacba16.pt,02691156
airplane,airplane_2365.pt,9d06f4ff9f1e7932941d71475449eb25.pt,02691156
airplane,airplane_2366.pt,9d230551c65af968b207f792ce9b3f25.pt,02691156
airplane,airplane_2367.pt,9d292c07f1dff16e1304733e0af0907.pt,02691156
airplane,airplane_2368.pt,9d3eb87e69fba56890b1d6deb98feec6.pt,02691156
airplane,airplane_2369.pt,9d65814e1b252fb01636caafca838500.pt,02691156
airplane,airplane_237.pt,1dbcb49dfbfd0844a480511cbe2c4655.pt,02691156
airplane,airplane_2370.pt,9d72d4ac799977bb71d03b466c72ce41.pt,02691156
airplane,airplane_2371.pt,9d7e431ebd35cdc2bd46d022fd7d80aa.pt,02691156
airplane,airplane_2372.pt,9daa49ab2f97fc14d85e5191b992b560.pt,02691156
airplane,airplane_2373.pt,9dbab9e46b372e837645a27090729af6.pt,02691156
airplane,airplane_2374.pt,9dbc0aba1311e7b8663e90eaf6b4ca52.pt,02691156
airplane,airplane_2375.pt,9de5723b085c9dd8f4fb6842b3610149.pt,02691156
airplane,airplane_2376.pt,9e06044df59e7f9f953041d9e16fa262.pt,02691156
airplane,airplane_2377.pt,9e30fc9f2d9ae56e3ec83bd6bef75c92.pt,02691156
airplane,airplane_2378.pt,9e4c0840aeacbf10f119374ee5d5f944.pt,02691156
airplane,airplane_2379.pt,9e524a14078824b5cfe15db7c5db913.pt,02691156
airplane,airplane_238.pt,1de008320c90274d366b1ebd023111a8.pt,02691156
airplane,airplane_2380.pt,9e57a7d6a7f488dfbd46d022fd7d80aa.pt,02691156
airplane,airplane_2381.pt,9e617d72fabc718b90b1d6deb98feec6.pt,02691156
airplane,airplane_2382.pt,9e75560008080a8529348d14ca881f7d.pt,02691156
airplane,airplane_2383.pt,9e8ab1862683399f570726399d67ccc3.pt,02691156
airplane,airplane_2384.pt,9e8f908bc6c822ae3f6fe63822cb343c.pt,02691156
airplane,airplane_2385.pt,9e998a06601e9f944b2bd73664dd1844.pt,02691156
airplane,airplane_2386.pt,9eef6307dc504b88392b84e3285cce39.pt,02691156
airplane,airplane_2387.pt,9efbd65b09daf8358b96ae1a0a8b84ec.pt,02691156
airplane,airplane_2388.pt,9f18925334b6f37bd560687a81f263dd.pt,02691156
airplane,airplane_2389.pt,9f21e660ba62b9c8ac055f4f708c624f.pt,02691156
airplane,airplane_239.pt,1de58c7eec71b438bbb26c14135f164e.pt,02691156
airplane,airplane_2390.pt,9f25e4e0aa598c7fabda204c62559ac3.pt,02691156
airplane,airplane_2391.pt,9f40666fcc14828abc2db24227b9dabf.pt,02691156
airplane,airplane_2392.pt,9f525ad90573de3dccc19f6800e20c43.pt,02691156
airplane,airplane_2393.pt,9f5dda6f01bbe29bf810506e9ae2dcc2.pt,02691156
airplane,airplane_2394.pt,9f75309b9744f1b54eefcdc602d4520.pt,02691156
airplane,airplane_2395.pt,9f7d4125c4b705208b96ae1a0a8b84ec.pt,02691156
airplane,airplane_2396.pt,9f90f3298d7b6c6f938204d34a891739.pt,02691156
airplane,airplane_2397.pt,9f9cc77c5e32664e6a8a5e39588ebf68.pt,02691156
airplane,airplane_2398.pt,9facc516914dcfee6c32d954b1c7f41e.pt,02691156
airplane,airplane_2399.pt,9fb0988ef701a11388170d426b6605b5.pt,02691156
airplane,airplane_24.pt,1203825bf97bc3524722e1824a086fad.pt,02691156
airplane,airplane_240.pt,1deb997079e0b3cd6c1cd53dbc9f7b8e.pt,02691156
airplane,airplane_2400.pt,9fb60716f0f5a2b84408eb298433d643.pt,02691156
airplane,airplane_2401.pt,9fe677b21938f6bfcc14f1e6f4f4f49b.pt,02691156
airplane,airplane_2402.pt,9ff7d7d71bcf50ff4fb6842b3610149.pt,02691156
airplane,airplane_2403.pt,a0095db392a8b520884a857d19f7439f.pt,02691156
airplane,airplane_2404.pt,a00c0bdf007689619ebe905ef4009f84.pt,02691156
airplane,airplane_2405.pt,a00ed5d078c6244c37678474be485ca.pt,02691156
airplane,airplane_2406.pt,a00f6bbbba234739b92527b70e93ee2c.pt,02691156
airplane,airplane_2407.pt,a02387f2b9d73a01a5cbab5aded19a14.pt,02691156
airplane,airplane_2408.pt,a0359a8d86947a2049fe495b383f9f0a.pt,02691156
airplane,airplane_2409.pt,a04d10b24ede5e9a3de778e85611513b.pt,02691156
airplane,airplane_241.pt,1df217928b39b927a8cba409c4409ba9.pt,02691156
airplane,airplane_2410.pt,a051219f3f444fadc5e2bf7b5a5f1c56.pt,02691156
airplane,airplane_2411.pt,a05347463ea86f1ecc777fcc6b5f19eb.pt,02691156
airplane,airplane_2412.pt,a053f49d808b7b36c8db97d9bc169245.pt,02691156
airplane,airplane_2413.pt,a05cb1f091b01cc87aaa57326478bd1f.pt,02691156
airplane,airplane_2414.pt,a07446a1799bdea7afd477f714c68df9.pt,02691156
airplane,airplane_2415.pt,a074750e28ed3818203936772104a82d.pt,02691156
airplane,airplane_2416.pt,a097428376f298abd872dc56d048665c.pt,02691156
airplane,airplane_2417.pt,a09773e513ca86ba8699933784576e73.pt,02691156
airplane,airplane_2418.pt,a0a7e673a1e1bca78699933784576e73.pt,02691156
airplane,airplane_2419.pt,a0bca89b37e69d349f66d5781c13189.pt,02691156
airplane,airplane_242.pt,1e0a24e1135e75a831518807a840c4f4.pt,02691156
airplane,airplane_2420.pt,a0c9b929b9a57fc8f0ea53ad10b4d47.pt,02691156
airplane,airplane_2421.pt,a0d3a490ee1b74762a4947824596dce3.pt,02691156
airplane,airplane_2422.pt,a0d63ee7fd87f93619ba010ddb4974fe.pt,02691156
airplane,airplane_2423.pt,a0fd595fdbd3a85113a96c178eda1cb8.pt,02691156
airplane,airplane_2424.pt,a1017765200c668c6ecd5ddc73f570a8.pt,02691156
airplane,airplane_2425.pt,a12179d6f8b753a934a446df7eff04e9.pt,02691156
airplane,airplane_2426.pt,a14b262838529c2c81e1d9f6b27f1a92.pt,02691156
airplane,airplane_2427.pt,a153353168cd47869a6e43b878d5b335.pt,02691156
airplane,airplane_2428.pt,a162465f9664d92a94eaa56dbee38b5b.pt,02691156
airplane,airplane_2429.pt,a1708ad923f3b51abbf3143b1cb6076a.pt,02691156
airplane,airplane_243.pt,1e155559446469112e690fa6dfd5d610.pt,02691156
airplane,airplane_2430.pt,a1784ead19fb7645b6dd6448cb8a70ee.pt,02691156
airplane,airplane_2431.pt,a1848a4a69b14704ca8607f540cc62ba.pt,02691156
airplane,airplane_2432.pt,a18f4e4c291761fa7cebb3dd777c66be.pt,02691156
airplane,airplane_2433.pt,a1947665b3f56b584f127ea45c2fea1c.pt,02691156
airplane,airplane_2434.pt,a19a5a459d234919c1ccec171a275967.pt,02691156
airplane,airplane_2435.pt,a1a419007c828bf290b1d6deb98feec6.pt,02691156
airplane,airplane_2436.pt,a1a58070ca1749d76abbb3e202b76402.pt,02691156
airplane,airplane_2437.pt,a1b95d2e1264f6bd66ccbd11a6ef0f68.pt,02691156
airplane,airplane_2438.pt,a1bb5d1a075bf7fc37d1c8fcb5a639e2.pt,02691156
airplane,airplane_2439.pt,a1c3287d5e847f866b7bd17e458d0dcb.pt,02691156
airplane,airplane_244.pt,1e2de00cf19a0a33554ccf8c30febe7.pt,02691156
airplane,airplane_2440.pt,a1ca5014ee1048081e06124bec25a766.pt,02691156
airplane,airplane_2441.pt,a1ce38065b93520335fc197bbabcd5bd.pt,02691156
airplane,airplane_2442.pt,a1d2c8b24476c8ee70d98a97e17b4da3.pt,02691156
airplane,airplane_2443.pt,a1db8dcb7f1fcdd597190b73ffeacc5f.pt,02691156
airplane,airplane_2444.pt,a1e5e9561b501f2a19e06ee1b2e7b1b4.pt,02691156
airplane,airplane_2445.pt,a1f740e10229b43a82401bb74114a99.pt,02691156
airplane,airplane_2446.pt,a2041f74f316e7b9585e3fa372e910b7.pt,02691156
airplane,airplane_2447.pt,a20490d0ffcd3be6e0d6812cdcf8799b.pt,02691156
airplane,airplane_2448.pt,a20db17555286e06f5e83e93ffcfd3f0.pt,02691156
airplane,airplane_2449.pt,a211208ba6b752b1e75e6a02e772bcee.pt,02691156
airplane,airplane_245.pt,1e358e70c047687a1a8831797284b67.pt,02691156
airplane,airplane_2450.pt,a211cfc04bf47039e933de2bdfbab002.pt,02691156
airplane,airplane_2451.pt,a224182f76e4a44fe1a65cde8802138c.pt,02691156
airplane,airplane_2452.pt,a231f85d38f2b52154eefcdc602d4520.pt,02691156
airplane,airplane_2453.pt,a2491ac51414429e422ceeb181af6a7f.pt,02691156
airplane,airplane_2454.pt,a2661597dd2e8a2eb87697d3904b168b.pt,02691156
airplane,airplane_2455.pt,a26639a06e2ae1ede7d756565593b850.pt,02691156
airplane,airplane_2456.pt,a2712db5540766cdf6a602e459585636.pt,02691156
airplane,airplane_2457.pt,a271ac76b0e6bbbbb87697d3904b168b.pt,02691156
airplane,airplane_2458.pt,a273a18b004c209c90b1d6deb98feec6.pt,02691156
airplane,airplane_2459.pt,a281b2664e7e5b2fad9d7d48f3cddb17.pt,02691156
airplane,airplane_246.pt,1e40d41905a9be766ed8c57a1980bb26.pt,02691156
airplane,airplane_2460.pt,a287dc5d0e28d3d3325212819caa597d.pt,02691156
airplane,airplane_2461.pt,a28b92f0ed237d6d13256b8319a93100.pt,02691156
airplane,airplane_2462.pt,a2b6edd3f2f060c7ca8607f540cc62ba.pt,02691156
airplane,airplane_2463.pt,a2b758aa5d51642bd32761b337f8b72a.pt,02691156
airplane,airplane_2464.pt,a2c2ad021c80f08c973e06016b069172.pt,02691156
airplane,airplane_2465.pt,a2c5e769f19c7e97b7d7aa9b9ebcccb0.pt,02691156
airplane,airplane_2466.pt,a2de53a5de7ea01dd01b5600c06c528d.pt,02691156
airplane,airplane_2467.pt,a2f0c1bdfe1475bdc1a897657d9a1924.pt,02691156
airplane,airplane_2468.pt,a312cb2c9bb4665bd44389c0c0e68465.pt,02691156
airplane,airplane_2469.pt,a331e93c3184742853a6ddb5892da51a.pt,02691156
airplane,airplane_247.pt,1e44b99c8de5eb01ebc54ed98d6399b2.pt,02691156
airplane,airplane_2470.pt,a34a2fa46d7a0a6390b1d6deb98feec6.pt,02691156
airplane,airplane_2471.pt,a34a6611fd6b2451690ce339b831e7e2.pt,02691156
airplane,airplane_2472.pt,a359cd0297d4e655a871065f9ebc6ac5.pt,02691156
airplane,airplane_2473.pt,a361d82b2c510ca5208842e3d616cb23.pt,02691156
airplane,airplane_2474.pt,a367bcfb5d26801a848c716e284f561f.pt,02691156
airplane,airplane_2475.pt,a36d00e2f7414043f2b0736dd4d8afe0.pt,02691156
airplane,airplane_2476.pt,a374b0448461438ef3d4cc10d9776c62.pt,02691156
airplane,airplane_2477.pt,a3927542339a2c491b1cc145b0144991.pt,02691156
airplane,airplane_2478.pt,a39880327ac8815e62b600da24e0965.pt,02691156
airplane,airplane_2479.pt,a39940973102985635fc197bbabcd5bd.pt,02691156
airplane,airplane_248.pt,1e4bb798f236f0b17f1f82f6fc8747b8.pt,02691156
airplane,airplane_2480.pt,a3a3a3d2ccc590eeaef99de91a3e555.pt,02691156
airplane,airplane_2481.pt,a3bafea9edc457463da2ae40e7681e7e.pt,02691156
airplane,airplane_2482.pt,a3bcd8767d2827626f5b49394e7f4cdb.pt,02691156
airplane,airplane_2483.pt,a3c1b9b0c75af9a65cbd1a70b5b90a8.pt,02691156
airplane,airplane_2484.pt,a3c928995562fca8ca8607f540cc62ba.pt,02691156
airplane,airplane_2485.pt,a3e15e215144dda0a03ebab0e8b8f7a0.pt,02691156
airplane,airplane_2486.pt,a3fc9ef9f611a783525e60273896d30a.pt,02691156
airplane,airplane_2487.pt,a42bfdd67b3fc9926b2f6b824c9990c0.pt,02691156
airplane,airplane_2488.pt,a430ba73d3ee2c0fca9f0727e23831d9.pt,02691156
airplane,airplane_2489.pt,a4391c7977d990142c20743f866e1a6.pt,02691156
airplane,airplane_249.pt,1e4fb40e5908f2bddf2f34e1100f0241.pt,02691156
airplane,airplane_2490.pt,a4462b31326da9493ea703383c665f30.pt,02691156
airplane,airplane_2491.pt,a4678e6798e768c3b6a66ea321171690.pt,02691156
airplane,airplane_2492.pt,a48676cfe44fd9bee40acb87a6be88b3.pt,02691156
airplane,airplane_2493.pt,a487d7527a0d0c2076b0a025d05432d.pt,02691156
airplane,airplane_2494.pt,a49a75d2b22c9eeeb87697d3904b168b.pt,02691156
airplane,airplane_2495.pt,a4b26e08b6080277a47575cd04a1d851.pt,02691156
airplane,airplane_2496.pt,a4c41dc85210c3a0ae049cb809622fee.pt,02691156
airplane,airplane_2497.pt,a4ca564574e55f1a66cf1b4a8fc3914e.pt,02691156
airplane,airplane_2498.pt,a4cbb0489a3a680eca8607f540cc62ba.pt,02691156
airplane,airplane_2499.pt,a4d75675f0f871c96466a07aedd68378.pt,02691156
airplane,airplane_25.pt,121b5c1c81aa77906b153e6e0582b3ac.pt,02691156
airplane,airplane_250.pt,1e6a71e0cb436a88a3a1394d6e3d2c63.pt,02691156
airplane,airplane_2500.pt,a4ea22087dec2f32c7575c9089791ff.pt,02691156
airplane,airplane_2501.pt,a4f5529edc990706e719b5362fe06bbb.pt,02691156
airplane,airplane_2502.pt,a4f5ce5926123e472e78e1154b9a2647.pt,02691156
airplane,airplane_2503.pt,a5021faf372fa2c48f329df3701cbb3d.pt,02691156
airplane,airplane_2504.pt,a50b4b0ac82a67d0bbb9a486df472172.pt,02691156
airplane,airplane_2505.pt,a516f9a6947bd0d639cb1b92881e8e76.pt,02691156
airplane,airplane_2506.pt,a51d836a9349b2a1f42bc0eea174f82b.pt,02691156
airplane,airplane_2507.pt,a5215569ae825265ff3feb917a6004b.pt,02691156
airplane,airplane_2508.pt,a53846c68d0df55fbaa5dc5e42189b81.pt,02691156
airplane,airplane_2509.pt,a55a46c1442470aeace5721ccacba16.pt,02691156
airplane,airplane_251.pt,1e7dbf0057e067586e88b250ea6544d0.pt,02691156
airplane,airplane_2510.pt,a56143efe74ee89ebbf3143b1cb6076a.pt,02691156
airplane,airplane_2511.pt,a5639c976e677ce6e719b5362fe06bbb.pt,02691156
airplane,airplane_2512.pt,a57802c776ba1b69e44b1dd0f956e84.pt,02691156
airplane,airplane_2513.pt,a591b49406ab0d2abbf3143b1cb6076a.pt,02691156
airplane,airplane_2514.pt,a5be00166e57ce5dd92de1e594e3dc28.pt,02691156
airplane,airplane_2515.pt,a5beb33ba75edd59485e40e44ec62786.pt,02691156
airplane,airplane_2516.pt,a5ca77bfabfad028b56059027b9b30d2.pt,02691156
airplane,airplane_2517.pt,a5cd14be786fc8175e9e2656aff7dd5b.pt,02691156
airplane,airplane_2518.pt,a5cdc19967a8f69fedf24d76037ce02d.pt,02691156
airplane,airplane_2519.pt,a5d68126acbd43395e9e2656aff7dd5b.pt,02691156
airplane,airplane_252.pt,1e827425b289432e8b96ae1a0a8b84ec.pt,02691156
airplane,airplane_2520.pt,a60569e3e80d24939bff604afc480b65.pt,02691156
airplane,airplane_2521.pt,a60b2775f1955153ca8607f540cc62ba.pt,02691156
airplane,airplane_2522.pt,a60cd34f71c3c0549288437ebbe47284.pt,02691156
airplane,airplane_2523.pt,a611fb88b28c3f2ec231d70e1e0cc567.pt,02691156
airplane,airplane_2524.pt,a61a59a4c48154db37678474be485ca.pt,02691156
airplane,airplane_2525.pt,a61bb94e08709f2bd0734afa0d357999.pt,02691156
airplane,airplane_2526.pt,a61d4ad108af6eecca8607f540cc62ba.pt,02691156
airplane,airplane_2527.pt,a63e9d5df0c56b3f099bfb561edad43.pt,02691156
airplane,airplane_2528.pt,a657a0dec941d40772fe60ad306aa5.pt,02691156
airplane,airplane_2529.pt,a660b01d17f929f54e61a0c2eaaabe87.pt,02691156
airplane,airplane_253.pt,1e8adc1e176bc68571d03b466c72ce41.pt,02691156
airplane,airplane_2530.pt,a6693555a4c0bd47434e905131c8d6c6.pt,02691156
airplane,airplane_2531.pt,a675480b02f939424131d9ef9081c198.pt,02691156
airplane,airplane_2532.pt,a68e67e5fa7ae694d9a7daf2d70e57bd.pt,02691156
airplane,airplane_2533.pt,a692309cd39291106055329cd9432d36.pt,02691156
airplane,airplane_2534.pt,a69c25f93540eaed6370c33da8a7988f.pt,02691156
airplane,airplane_2535.pt,a69d6f9ea766b9d1a13079850f677b69.pt,02691156
airplane,airplane_2536.pt,a69edb40dbc1fc6c66cf1b4a8fc3914e.pt,02691156
airplane,airplane_2537.pt,a6a27c5acbf70ebd3df325aac2f73830.pt,02691156
airplane,airplane_2538.pt,a6aa2281ebfd822e9b2acbfd8323f804.pt,02691156
airplane,airplane_2539.pt,a6afd80fa3d70682ca8607f540cc62ba.pt,02691156
airplane,airplane_254.pt,1e8c56bac4e66672e85e222f6559b47.pt,02691156
airplane,airplane_2540.pt,a6b09752263b1de2296d88107d065f6.pt,02691156
airplane,airplane_2541.pt,a6b9d686a7b977035bae66e2c509821b.pt,02691156
airplane,airplane_2542.pt,a6cbada42d1a30d0f5c7319b71bdce6e.pt,02691156
airplane,airplane_2543.pt,a702da03d770f5096e2738fc9da60e6f.pt,02691156
airplane,airplane_2544.pt,a726f95306ce6e1071616ead796bdece.pt,02691156
airplane,airplane_2545.pt,a72bf66e9213b313a9b2becd26dc2fc1.pt,02691156
airplane,airplane_2546.pt,a73231f3d0342db94e8b48a4c01e36f8.pt,02691156
airplane,airplane_2547.pt,a7394a6f2dcf8e9b3cbb132878a747df.pt,02691156
airplane,airplane_2548.pt,a73be4c48272735df64801ad2940cdd5.pt,02691156
airplane,airplane_2549.pt,a75977cd75acf0f05ff3feb917a6004b.pt,02691156
airplane,airplane_255.pt,1e9acb74ad09ba97192ddbe75f0b85fe.pt,02691156
airplane,airplane_2550.pt,a75ab6e99a3542eb203936772104a82d.pt,02691156
airplane,airplane_2551.pt,a762fe69269fc34b2625832ae05a7344.pt,02691156
airplane,airplane_2552.pt,a7751857e571d6bd3c326782eb2d380e.pt,02691156
airplane,airplane_2553.pt,a777672f17d3641f1aa9d8d95b6740cc.pt,02691156
airplane,airplane_2554.pt,a799568755357be8a07b3b853565360b.pt,02691156
airplane,airplane_2555.pt,a7a0e7eddf4ffb8c19378fd691582500.pt,02691156
airplane,airplane_2556.pt,a7d29332d98b7b8340a4a448803b06f7.pt,02691156
airplane,airplane_2557.pt,a7df65b30f1e6a3663d1bfc21cc05e4c.pt,02691156
airplane,airplane_2558.pt,a805c30d4b09f11f62347b4731688b0f.pt,02691156
airplane,airplane_2559.pt,a80a6ec94928f7dfe87d0cb113e517d2.pt,02691156
airplane,airplane_256.pt,1e9ef313876bfba7d02c6d35cc802839.pt,02691156
airplane,airplane_2560.pt,a82400edb160c18fc8727b27ee96a4b7.pt,02691156
airplane,airplane_2561.pt,a828cbaf4b3bd253e163b5a191403a0f.pt,02691156
airplane,airplane_2562.pt,a839663396fe378a896facc4c7b99761.pt,02691156
airplane,airplane_2563.pt,a839884fba87173ce25031ee39d82b94.pt,02691156
airplane,airplane_2564.pt,a8471560d4dd5a31ebc34aaab30ca460.pt,02691156
airplane,airplane_2565.pt,a849d4325008fbea85dfb1711fe4ff6d.pt,02691156
airplane,airplane_2566.pt,a85dbb5bb889881419bf80b167cee3a3.pt,02691156
airplane,airplane_2567.pt,a8773829298f492cbcb9a99298d16322.pt,02691156
airplane,airplane_2568.pt,a87adc4fb1229b7f6d0f2528dd6f85b9.pt,02691156
airplane,airplane_2569.pt,a87c4bebcad260edc05997f3aeab04c6.pt,02691156
airplane,airplane_257.pt,1ea7a36e4f353416fe1f6e05091d5d9.pt,02691156
airplane,airplane_2570.pt,a87cad03c8f717e230dd29e8b6a554b3.pt,02691156
airplane,airplane_2571.pt,a8c4288e4027e6a319ba010ddb4974fe.pt,02691156
airplane,airplane_2572.pt,a90230831ba263e5f7fe0727acb55c39.pt,02691156
airplane,airplane_2573.pt,a922f408bb1b1ea1f2cb090f7f07d463.pt,02691156
airplane,airplane_2574.pt,a9240313c39307574c3a35cee92bb95b.pt,02691156
airplane,airplane_2575.pt,a931895438ae4502a9f468923d4ea2fd.pt,02691156
airplane,airplane_2576.pt,a93a20767d70220cd3b936925082270f.pt,02691156
airplane,airplane_2577.pt,a94057f15ca19a33fd98271adcb6e31a.pt,02691156
airplane,airplane_2578.pt,a9545fac33430c6062347b4731688b0f.pt,02691156
airplane,airplane_2579.pt,a95734cb8f7511cb46ed10e8f7fe336e.pt,02691156
airplane,airplane_258.pt,1ea8a685cdc71effb8494b55ada518dc.pt,02691156
airplane,airplane_2580.pt,a9668a32a91787a6be5437d0813f18f0.pt,02691156
airplane,airplane_2581.pt,a96c1589731b06a1efbd0f357ff7c40a.pt,02691156
airplane,airplane_2582.pt,a98038807a61926abce962d6c4b37336.pt,02691156
airplane,airplane_2583.pt,a991428cd388fa7278afdab27190395e.pt,02691156
airplane,airplane_2584.pt,a99ffd1b1fd121bcf2b0736dd4d8afe0.pt,02691156
airplane,airplane_2585.pt,a9a7f21271b3efbaf446f92b52bbd82a.pt,02691156
airplane,airplane_2586.pt,a9b2d531e073113f9d1eb836604648db.pt,02691156
airplane,airplane_2587.pt,a9b808a446c498f475df24d58e852c90.pt,02691156
airplane,airplane_2588.pt,a9b95631bcbefe9ad225a1c252daae25.pt,02691156
airplane,airplane_2589.pt,a9bbba73d3fb7688b6b87e72ead132ed.pt,02691156
airplane,airplane_259.pt,1eb1d7d471f3c4c0634efb708169415.pt,02691156
airplane,airplane_2590.pt,a9cdbca070047fe61e9dc95dd6a9f6.pt,02691156
airplane,airplane_2591.pt,a9dff753cf97f9c5354ab1decf4fe605.pt,02691156
airplane,airplane_2592.pt,a9e6abca0f6bf69416ee5e3e330ec691.pt,02691156
airplane,airplane_2593.pt,aa05bf3c5a7bb61bcacf204c07dae519.pt,02691156
airplane,airplane_2594.pt,aa07239e9397cf189601fb40d0d298b9.pt,02691156
airplane,airplane_2595.pt,aa0802b8b940b7222296d88107d065f6.pt,02691156
airplane,airplane_2596.pt,aa0b34d9bc5b77e0d86ebdaa02a63c4b.pt,02691156
airplane,airplane_2597.pt,aa21bf2a545e710cf68a010d0fc56333.pt,02691156
airplane,airplane_2598.pt,aa2af754642256c08699933784576e73.pt,02691156
airplane,airplane_2599.pt,aa3a317001bb8617f7fe0727acb55c39.pt,02691156
airplane,airplane_26.pt,121e9fceb90440efed79d3bd546890bd.pt,02691156
airplane,airplane_260.pt,1eb3af39d93c8bf2ddea2f4a0e0f0d2e.pt,02691156
airplane,airplane_2600.pt,aa3a801045f6fea9afd51f67d3985e6e.pt,02691156
airplane,airplane_2601.pt,aa4df918db6c5973db6e67bf56014264.pt,02691156
airplane,airplane_2602.pt,aa5cdbe94abd2ee15042e5fc5b753f1.pt,02691156
airplane,airplane_2603.pt,aa70737ddaede2e3368d7e7849f8df62.pt,02691156
airplane,airplane_2604.pt,aa780af4d9cc83c3669c7dec71cfc5b0.pt,02691156
airplane,airplane_2605.pt,aabbf242aabd1af7766c6046535346e7.pt,02691156
airplane,airplane_2606.pt,aac4ceced7042e4c1a6d59f1fe711d12.pt,02691156
airplane,airplane_2607.pt,aad1733e7bc7152bcc14f1e6f4f4f49b.pt,02691156
airplane,airplane_2608.pt,aad69c419b27d6744d8e7d3c15c98c3b.pt,02691156
airplane,airplane_2609.pt,aaefbfb4765df684cf9f662004cc77d8.pt,02691156
airplane,airplane_261.pt,1ed9876ed48c145d663e90eaf6b4ca52.pt,02691156
airplane,airplane_2610.pt,aafb38ca8d8f27de350ef9fb5390c42a.pt,02691156
airplane,airplane_2611.pt,aafbf69ed97274cd462a084c3c6d8557.pt,02691156
airplane,airplane_2612.pt,ab06b28f95e4c2caca8607f540cc62ba.pt,02691156
airplane,airplane_2613.pt,ab0ab979406ed687a8e091cb544689d5.pt,02691156
airplane,airplane_2614.pt,ab2f47cda3622573c231d70e1e0cc567.pt,02691156
airplane,airplane_2615.pt,ab35aa631852d30685dfb1711fe4ff6d.pt,02691156
airplane,airplane_2616.pt,ab399dca637174fb9a4a28ef635593ce.pt,02691156
airplane,airplane_2617.pt,ab7001e6d0321374b378822897b79a81.pt,02691156
airplane,airplane_2618.pt,ab8eadee08cba8d8303d346f4be7d4f.pt,02691156
airplane,airplane_2619.pt,ab95a4e7f2d3cf9ca8607f540cc62ba.pt,02691156
airplane,airplane_262.pt,1f08b579e153b2de313f9af5275b7c70.pt,02691156
airplane,airplane_2620.pt,ab9e9045e6c7bc6537678474be485ca.pt,02691156
airplane,airplane_2621.pt,aba51f26f4da1b44b785bc4e6e3fb739.pt,02691156
airplane,airplane_2622.pt,abb19f2adc42aea2579c3d4943e463ef.pt,02691156
airplane,airplane_2623.pt,abb3c5d793e4c26d7aeb2194e56698b4.pt,02691156
airplane,airplane_2624.pt,abbe69a6f94918c79eb9aa3111a82815.pt,02691156
airplane,airplane_2625.pt,abc465975af79827dfb86dddee1d6ac3.pt,02691156
airplane,airplane_2626.pt,ac0234f2b9f195e3cc1281a5f11b5a5b.pt,02691156
airplane,airplane_2627.pt,ac026df0c0add322f37f38dedb2f1219.pt,02691156
airplane,airplane_2628.pt,ac06ebedebe86a7b4c3a35cee92bb95b.pt,02691156
airplane,airplane_2629.pt,ac0d1320328f5636b819f3a4f3895504.pt,02691156
airplane,airplane_263.pt,1f3fd9b2ce99e4ed164ee3a88aef3755.pt,02691156
airplane,airplane_2630.pt,ac3336c2f47b17d5acf77e718d93f3e1.pt,02691156
airplane,airplane_2631.pt,ac39424c7666c318cde5b07c0f09692a.pt,02691156
airplane,airplane_2632.pt,ac463974cee5a8867bd1a5c452e6bb5f.pt,02691156
airplane,airplane_2633.pt,ac4774b7a9fd06d55e6724a7c6e30991.pt,02691156
airplane,airplane_2634.pt,ac75db84aa4e72e28f21c6f032637775.pt,02691156
airplane,airplane_2635.pt,ac76572656c1e36ea79176d3c96ca1af.pt,02691156
airplane,airplane_2636.pt,aca6b424287392cf3438e17bc657daf1.pt,02691156
airplane,airplane_2637.pt,acaccf2af6ed78925a25a01ca5b91f98.pt,02691156
airplane,airplane_2638.pt,acb398aa5605abe5a8cba409c4409ba9.pt,02691156
airplane,airplane_2639.pt,acb99bd964b1b23ad13ef00338ba8c52.pt,02691156
airplane,airplane_264.pt,1f47381312c9bebc9bff604afc480b65.pt,02691156
airplane,airplane_2640.pt,accb9ee4edf6af6ce4080dcedcbec993.pt,02691156
airplane,airplane_2641.pt,acd8f367c36a3d84fc7a6d75b3d807ff.pt,02691156
airplane,airplane_2642.pt,ace4fe6e9c97150a35fc197bbabcd5bd.pt,02691156
airplane,airplane_2643.pt,ad10ae20ac2e87a2adcbeb54f3d014e9.pt,02691156
airplane,airplane_2644.pt,ad2bebd9c3004b2e151f2df200a24ac.pt,02691156
airplane,airplane_2645.pt,ad546b049b2246bd609e2d916fa0da27.pt,02691156
airplane,airplane_2646.pt,ad66ac8155a316422068b7c500584ade.pt,02691156
airplane,airplane_2647.pt,ad66ece988a63911643ae903098a314.pt,02691156
airplane,airplane_2648.pt,ad6e93a1db3e1da5977e4bb19a62128e.pt,02691156
airplane,airplane_2649.pt,ad85ce4dde9fde14a13757cba42c461a.pt,02691156
airplane,airplane_265.pt,1f5537f4747ec847622c69c3abc6f80.pt,02691156
airplane,airplane_2650.pt,ad9059778f3e34ed4c3a35cee92bb95b.pt,02691156
airplane,airplane_2651.pt,ad98f06fa29c52eb23db3adbb2f1dce.pt,02691156
airplane,airplane_2652.pt,adaadca2be822544d81b6465d8dc20b5.pt,02691156
airplane,airplane_2653.pt,adad9536c34c673862b600da24e0965.pt,02691156
airplane,airplane_2654.pt,adb3ea03d7b954255e9e2656aff7dd5b.pt,02691156
airplane,airplane_2655.pt,ade0163327c8c7f5847335355bf4459e.pt,02691156
airplane,airplane_2656.pt,ade3c4987f49895ff960bc420d751255.pt,02691156
airplane,airplane_2657.pt,adeb5d68e8d65cc419ba010ddb4974fe.pt,02691156
airplane,airplane_2658.pt,adee8f091d7cc677508af777f11ed409.pt,02691156
airplane,airplane_2659.pt,ae3556f7151098b0f64801ad2940cdd5.pt,02691156
airplane,airplane_266.pt,1f672d2fd5e3f4e78026abe712c1ab05.pt,02691156
airplane,airplane_2660.pt,ae4a9574248395b671d03b466c72ce41.pt,02691156
airplane,airplane_2661.pt,ae4fff8877a5a64b3ae1361afc45ac52.pt,02691156
airplane,airplane_2662.pt,ae8073beb28788809f576466d21c96ff.pt,02691156
airplane,airplane_2663.pt,ae837be3456bd54f71d03b466c72ce41.pt,02691156
airplane,airplane_2664.pt,ae857883c77d156b71d03b466c72ce41.pt,02691156
airplane,airplane_2665.pt,ae8a5344a37b2649eda3a29d4e1368cb.pt,02691156
airplane,airplane_2666.pt,aea5192a4a7bda94d33646b0990bb4a.pt,02691156
airplane,airplane_2667.pt,aeaa3ef74dc4c60c95175320d65fc89b.pt,02691156
airplane,airplane_2668.pt,aeb10a6725afb1abc79f92df566f8c6b.pt,02691156
airplane,airplane_2669.pt,aeb538b2f1c36a8d9e811b082458229e.pt,02691156
airplane,airplane_267.pt,1f7a516fdf80dcdc1006ed55bc1a3fc.pt,02691156
airplane,airplane_2670.pt,aebc4c46b3cb7c3bca8607f540cc62ba.pt,02691156
airplane,airplane_2671.pt,aecd996b2ec3832771d03b466c72ce41.pt,02691156
airplane,airplane_2672.pt,af04f04964fc2f1b64a62403221fd59f.pt,02691156
airplane,airplane_2673.pt,af188ff4bc1ed0693faf1ff99e423b8.pt,02691156
airplane,airplane_2674.pt,af3863d4ce7dd92ac6f6da58b133bae0.pt,02691156
airplane,airplane_2675.pt,af55f398af2373aa18b14db3b83de9ff.pt,02691156
airplane,airplane_2676.pt,af696fc30a96a0c8bc0909d98a1ff2b4.pt,02691156
airplane,airplane_2677.pt,af69c8020fa9b68366cf1b4a8fc3914e.pt,02691156
airplane,airplane_2678.pt,af6b292c7857c78abb0e5c1799dab683.pt,02691156
airplane,airplane_2679.pt,af6cf1d2b6c00b1233de69c9cd670995.pt,02691156
airplane,airplane_268.pt,1f7dbc112b7375dae0cfe7507a46f0c.pt,02691156
airplane,airplane_2680.pt,af71e72822241808a8ab13c300600dba.pt,02691156
airplane,airplane_2681.pt,af73d05ac86369bf4ce863ea27e2b897.pt,02691156
airplane,airplane_2682.pt,afa65aa66f7ca040873ec74c119307b9.pt,02691156
airplane,airplane_2683.pt,afa83b431ffe73a454eefcdc602d4520.pt,02691156
airplane,airplane_2684.pt,afc2efb530e899634d4cb1c2a5e48b7a.pt,02691156
airplane,airplane_2685.pt,afc975c77f6d5a1bd23d6ce2c840685b.pt,02691156
airplane,airplane_2686.pt,afcb946d2d36a77abc0909d98a1ff2b4.pt,02691156
airplane,airplane_2687.pt,afd02e6d4cf0a342c1ccec171a275967.pt,02691156
airplane,airplane_2688.pt,afd43430bd7c689f251fe573763aebef.pt,02691156
airplane,airplane_2689.pt,afd6b2789e486ad4663191fd557d3a61.pt,02691156
airplane,airplane_269.pt,1f86a689ea6c35f0d9da70c3ab6dcf3b.pt,02691156
airplane,airplane_2690.pt,afe6a70cc5fa98fbd93d05336f155bb9.pt,02691156
airplane,airplane_2691.pt,aff5f5ac9dbabebee5d07633dda45110.pt,02691156
airplane,airplane_2692.pt,aff764398f14383eb87697d3904b168b.pt,02691156
airplane,airplane_2693.pt,b008491b09894384451efd5041dc713.pt,02691156
airplane,airplane_2694.pt,b02aa659514366aa2c6868c67da0489.pt,02691156
airplane,airplane_2695.pt,b04ec55f4960b3b984b7ea000aa0a2b.pt,02691156
airplane,airplane_2696.pt,b0599ecbf78aa615a8e091cb544689d5.pt,02691156
airplane,airplane_2697.pt,b07608c9c3962cf4db73445864b72015.pt,02691156
airplane,airplane_2698.pt,b089abdb33c39321afd477f714c68df9.pt,02691156
airplane,airplane_2699.pt,b092d523bdd320e4ca8607f540cc62ba.pt,02691156
airplane,airplane_27.pt,122776d17b6a118086da73d36506db6f.pt,02691156
airplane,airplane_270.pt,1f96a33a3a461544ca8607f540cc62ba.pt,02691156
airplane,airplane_2700.pt,b0b164107a27986961f6e1cef6b8e434.pt,02691156
airplane,airplane_2701.pt,b0f3f0f754c0129486faacd7b0ac262e.pt,02691156
airplane,airplane_2702.pt,b0fb094d1f0fc2a6766c6046535346e7.pt,02691156
airplane,airplane_2703.pt,b1021932b387da327f58a59a37266b2e.pt,02691156
airplane,airplane_2704.pt,b10ab8efa0aed59e90baeef8ba5b93e5.pt,02691156
airplane,airplane_2705.pt,b11c03976f121b3537007500db3b770e.pt,02691156
airplane,airplane_2706.pt,b151573056013eaf71d03b466c72ce41.pt,02691156
airplane,airplane_2707.pt,b152548ae1a12bcb680558279a114842.pt,02691156
airplane,airplane_2708.pt,b153004c293d4b151f32208e53f871eb.pt,02691156
airplane,airplane_2709.pt,b1696ffd98c753ccea88a0a7eb1222bb.pt,02691156
airplane,airplane_271.pt,1f9b49f320eeb2f5d0226d12d397045.pt,02691156
airplane,airplane_2710.pt,b17142a2f2fee3d4e2c19eec35e842ff.pt,02691156
airplane,airplane_2711.pt,b174db77afdcdd055b2a16b1d9c48e6b.pt,02691156
airplane,airplane_2712.pt,b1762428d609674598aeb62a3dfc01d8.pt,02691156
airplane,airplane_2713.pt,b1835836e541766882568aa50e4e5dba.pt,02691156
airplane,airplane_2714.pt,b19771099e1d3cd4d86ebdaa02a63c4b.pt,02691156
airplane,airplane_2715.pt,b19927db257219bb26360e1e29a956c7.pt,02691156
airplane,airplane_2716.pt,b1998932482a6215a9b2becd26dc2fc1.pt,02691156
airplane,airplane_2717.pt,b1deb3638098e9c92a4947824596dce3.pt,02691156
airplane,airplane_2718.pt,b1dfa9a6274688cd29ba25678ec45698.pt,02691156
airplane,airplane_2719.pt,b1f056090f81f992301e72365eacb45b.pt,02691156
airplane,airplane_272.pt,1fc2625479e798b11944f01d3ab2091b.pt,02691156
airplane,airplane_2720.pt,b1f08c51a098c43696d224195a988f09.pt,02691156
airplane,airplane_2721.pt,b1f40266ad9da400d90bfc986bc4c94d.pt,02691156
airplane,airplane_2722.pt,b22014408721ec314567cadca15fe337.pt,02691156
airplane,airplane_2723.pt,b2235fbc13fc2ae0bbf3143b1cb6076a.pt,02691156
airplane,airplane_2724.pt,b224e74c6de1185a6f498c6206a06582.pt,02691156
airplane,airplane_2725.pt,b237bc484545cb46d8f63fb451ae8aba.pt,02691156
airplane,airplane_2726.pt,b23e79036b214fd4ca27bba175814d1.pt,02691156
airplane,airplane_2727.pt,b2509e9f52a19466c1006ed55bc1a3fc.pt,02691156
airplane,airplane_2728.pt,b253d5dd187679c74a9ee9951c24bdb0.pt,02691156
airplane,airplane_2729.pt,b26c50c3dd4a1cbb16b34c3751bc447d.pt,02691156
airplane,airplane_273.pt,1fccf0064e0aebfeb179f2ac46747670.pt,02691156
airplane,airplane_2730.pt,b26d238e335c59b567b13a456b2224a6.pt,02691156
airplane,airplane_2731.pt,b273c9007d1e364fca8607f540cc62ba.pt,02691156
airplane,airplane_2732.pt,b27de883a83409a86bd2a0f0614d73d.pt,02691156
airplane,airplane_2733.pt,b2960c2be8fad9dac140e34b6af37a1d.pt,02691156
airplane,airplane_2734.pt,b29c650e4d7582d11ae96ac7591d0dc5.pt,02691156
airplane,airplane_2735.pt,b2ae4acd6774f410833bb0b457d51a52.pt,02691156
airplane,airplane_2736.pt,b2b1c1d5c757af8a7209009cfb89d4bd.pt,02691156
airplane,airplane_2737.pt,b2b3fc16b9a676f5950bd071d87a18b3.pt,02691156
airplane,airplane_2738.pt,b2bb5a56b3d805b298b8c800ae001b66.pt,02691156
airplane,airplane_2739.pt,b2c69aa6c8d78b59f119374ee5d5f944.pt,02691156
airplane,airplane_274.pt,20150c9c3038d08419bf31399c6e39e0.pt,02691156
airplane,airplane_2740.pt,b2ceeee3c5b75962ac4f72bf08dc79a6.pt,02691156
airplane,airplane_2741.pt,b2dd8a3e977d8e5f23c640e813cbc041.pt,02691156
airplane,airplane_2742.pt,b2e86c7880a56b6f71c382fe82cf6e04.pt,02691156
airplane,airplane_2743.pt,b3066d613364710797020a1f4453e3a4.pt,02691156
airplane,airplane_2744.pt,b30bd72e684744c521b1ceea9c93aa79.pt,02691156
airplane,airplane_2745.pt,b3135ae5bad8cc23cbaac693398e53fa.pt,02691156
airplane,airplane_2746.pt,b31bbc50a0d3a4366cf1b4a8fc3914e.pt,02691156
airplane,airplane_2747.pt,b3323a51c2c1af9937678474be485ca.pt,02691156
airplane,airplane_2748.pt,b34526d94a00ab55f5a25dd70eb863e0.pt,02691156
airplane,airplane_2749.pt,b356ef92a2052648b8494b55ada518dc.pt,02691156
airplane,airplane_275.pt,2018b7614e77d726c1ccec171a275967.pt,02691156
airplane,airplane_2750.pt,b3950d8c2c1da884e52afb4158d0847e.pt,02691156
airplane,airplane_2751.pt,b3a59a941500e76535592b447835a16e.pt,02691156
airplane,airplane_2752.pt,b3ac8c2c48af1c07ca8607f540cc62ba.pt,02691156
airplane,airplane_2753.pt,b3bfc198214215397b5fa2b5a4fdb00c.pt,02691156
airplane,airplane_2754.pt,b3c37b67cdcfd68571d03b466c72ce41.pt,02691156
airplane,airplane_2755.pt,b3c7044fcd6f15c24b0a1bcf2fb497ec.pt,02691156
airplane,airplane_2756.pt,b3d034788411421019ba010ddb4974fe.pt,02691156
airplane,airplane_2757.pt,b3dd0a06e7f727449a55c6af6f4b2bb3.pt,02691156
airplane,airplane_2758.pt,b3fbc7a0b0e3a821fd279055f27928f7.pt,02691156
airplane,airplane_2759.pt,b41f477cd3c6843094b9c9a92aa36f8c.pt,02691156
airplane,airplane_276.pt,201e40e86acd7d34f4c1adce71073351.pt,02691156
airplane,airplane_2760.pt,b42620c214ca7cfc44deee06752bbfaa.pt,02691156
airplane,airplane_2761.pt,b43165635fa89eb11416125fa4d8926a.pt,02691156
airplane,airplane_2762.pt,b43ccbfd5e1d88bd780469afe5e05eb1.pt,02691156
airplane,airplane_2763.pt,b4575e5e6161fd497b164268a44f7712.pt,02691156
airplane,airplane_2764.pt,b458bf7d57d211ee43bc2645d97a220e.pt,02691156
airplane,airplane_2765.pt,b45e5b92bb4623ff151f2df200a24ac.pt,02691156
airplane,airplane_2766.pt,b46244d196a7f66635ae67400a94a6fe.pt,02691156
airplane,airplane_2767.pt,b46455f82ad28fb595ff232cd38210b4.pt,02691156
airplane,airplane_2768.pt,b481294a2692419cba5f6626ebfdf87f.pt,02691156
airplane,airplane_2769.pt,b4a420a55d3db8aca89fa467f217f46.pt,02691156
airplane,airplane_277.pt,2026699e25ba56c5fd6b49391fda17.pt,02691156
airplane,airplane_2770.pt,b4b1b113173a6ec6bbf3143b1cb6076a.pt,02691156
airplane,airplane_2771.pt,b4b21950f0627213fba066e52ee0e502.pt,02691156
airplane,airplane_2772.pt,b4cc2bdefd4f9ce13f4d6518603e8629.pt,02691156
airplane,airplane_2773.pt,b4d64b689e870d1b828204947d78b9af.pt,02691156
airplane,airplane_2774.pt,b4dbf6f6b0cc8ec5ce19d55bc5e6a406.pt,02691156
airplane,airplane_2775.pt,b4de0e888e562f40873ec74c119307b9.pt,02691156
airplane,airplane_2776.pt,b4e9ebb75081f146f6babb7d9ead7011.pt,02691156
airplane,airplane_2777.pt,b4f41b2faeb528fbf37f38dedb2f1219.pt,02691156
airplane,airplane_2778.pt,b501466a5a77f1173d2cc3e9d55f7579.pt,02691156
airplane,airplane_2779.pt,b509fbbe99df854f0478431b5ad57db.pt,02691156
airplane,airplane_278.pt,204f4e737fa14aef33ba31f6ad43c835.pt,02691156
airplane,airplane_2780.pt,b51032670accbd25d11b9a498c2f9ed5.pt,02691156
airplane,airplane_2781.pt,b5130ad12f6db8d0c83b9fdce4d2e0e7.pt,02691156
airplane,airplane_2782.pt,b51c1bb30371852fa325f626d0051e24.pt,02691156
airplane,airplane_2783.pt,b522108c4c08430a71d03b466c72ce41.pt,02691156
airplane,airplane_2784.pt,b53ea9af10f2a151bc0909d98a1ff2b4.pt,02691156
airplane,airplane_2785.pt,b54d9c1ccb737eb6d972c9dd75ed77d4.pt,02691156
airplane,airplane_2786.pt,b552a6155c5b340e70828dc2c11733e1.pt,02691156
airplane,airplane_2787.pt,b55748e796006e18b3f627c3cfda6efb.pt,02691156
airplane,airplane_2788.pt,b5589ad89ceab860123d1d349cb8cfb9.pt,02691156
airplane,airplane_2789.pt,b55af8905ccc3b35102bb5032a53eed8.pt,02691156
airplane,airplane_279.pt,2066f1830765183544bb6b89d63deb6f.pt,02691156
airplane,airplane_2790.pt,b58058567bfe6976b30e3fbc7205ab54.pt,02691156
airplane,airplane_2791.pt,b590adb6d3486f6e90b1d6deb98feec6.pt,02691156
airplane,airplane_2792.pt,b59a7cab8e95f6eaf3a7414a84b5637.pt,02691156
airplane,airplane_2793.pt,b5b0dac4093a61cb3f2b01de37c0b29.pt,02691156
airplane,airplane_2794.pt,b5b6f5ed2031f34cec7a415ac918303f.pt,02691156
airplane,airplane_2795.pt,b5cdecafe353e18ac1006ed55bc1a3fc.pt,02691156
airplane,airplane_2796.pt,b5d0ae4f723bce81f119374ee5d5f944.pt,02691156
airplane,airplane_2797.pt,b63c554a915454b7a8481a97c910a7de.pt,02691156
airplane,airplane_2798.pt,b63f7eb03f91f8a7de04805f7d685d.pt,02691156
airplane,airplane_2799.pt,b644db95fe32d115d8d90babf3c5509a.pt,02691156
airplane,airplane_28.pt,122963149f6a04272620819ddac40644.pt,02691156
airplane,airplane_280.pt,206a4bec609b727566cf1b4a8fc3914e.pt,02691156
airplane,airplane_2800.pt,b64f57298cf3e4328b96ae1a0a8b84ec.pt,02691156
airplane,airplane_2801.pt,b65ac56abaecc35bedcd88be6151afb4.pt,02691156
airplane,airplane_2802.pt,b65ddb8f80d8fb562e38f6d9568202c7.pt,02691156
airplane,airplane_2803.pt,b6a1b55eb79a383542086bcdee59b1cf.pt,02691156
airplane,airplane_2804.pt,b6af488133a67825881b4ad693eafd3.pt,02691156
airplane,airplane_2805.pt,b6d2c4beaec0520e9a6e43b878d5b335.pt,02691156
airplane,airplane_2806.pt,b6d61068ef2bf2d46059aeb39e538eb2.pt,02691156
airplane,airplane_2807.pt,b6da5542f0a81fb5aae46a5cc955c766.pt,02691156
airplane,airplane_2808.pt,b6dc4ddde769573df551b6c3f174499e.pt,02691156
airplane,airplane_2809.pt,b6fb57668129c4cd4c11ffe5517eef5a.pt,02691156
airplane,airplane_281.pt,208114e3aafd381ef27c5ff0af8b0e80.pt,02691156
airplane,airplane_2810.pt,b7023a2bc0b1c28142edba76767f7bf5.pt,02691156
airplane,airplane_2811.pt,b702e35f4a59e81f64801ad2940cdd5.pt,02691156
airplane,airplane_2812.pt,b70b049cacaee0f210af2c858faa12b9.pt,02691156
airplane,airplane_2813.pt,b71bd3c61315abf9ad8a06dbee1d115.pt,02691156
airplane,airplane_2814.pt,b71c16266f1674cd884ccdf529614144.pt,02691156
airplane,airplane_2815.pt,b725f44502906a42dc5a5a67e94552af.pt,02691156
airplane,airplane_2816.pt,b72804a8bd3dbbaca8607f540cc62ba.pt,02691156
airplane,airplane_2817.pt,b738666a0403a7fa6818e4a1f2613507.pt,02691156
airplane,airplane_2818.pt,b74369cf3556cc822fa1bda037a5a7fa.pt,02691156
airplane,airplane_2819.pt,b74611a3b3b3ac72ca8607f540cc62ba.pt,02691156
airplane,airplane_282.pt,20865546e07ab8067c597cd12d99981b.pt,02691156
airplane,airplane_2820.pt,b75575684fa8ffaeac7e7b41e1ebe3e4.pt,02691156
airplane,airplane_2821.pt,b76c6ef211d627efac8c46f8a114a34b.pt,02691156
airplane,airplane_2822.pt,b77aae4fdee662f487dedd9dfc0f1d4d.pt,02691156
airplane,airplane_2823.pt,b785b39d10c33b5de9f07d25f575b2d4.pt,02691156
airplane,airplane_2824.pt,b788ca6fc544c0aff3f3e17ace8695b.pt,02691156
airplane,airplane_2825.pt,b793e65c707e884262bbb378da4fdb53.pt,02691156
airplane,airplane_2826.pt,b7b0068ecf75d279afd477f714c68df9.pt,02691156
airplane,airplane_2827.pt,b7b657d7db3c3b8cd13ef00338ba8c52.pt,02691156
airplane,airplane_2828.pt,b7b743834a6d78c2225a23c790f08fdd.pt,02691156
airplane,airplane_2829.pt,b7b8ffe2f07e4eff95dfd5eb5f06d19.pt,02691156
airplane,airplane_283.pt,2087ba820bd70001243402995adcdc4f.pt,02691156
airplane,airplane_2830.pt,b7b94613ab6076a2a959294e5fb80cf8.pt,02691156
airplane,airplane_2831.pt,b7bd7a753da0aa113ce4891c7dcdfb1c.pt,02691156
airplane,airplane_2832.pt,b7c11baa48456c23149f1a143758cddb.pt,02691156
airplane,airplane_2833.pt,b7eefc4c25dd9e49238581dd5a8af82c.pt,02691156
airplane,airplane_2834.pt,b7f6e94ddb5ecc2366cf1b4a8fc3914e.pt,02691156
airplane,airplane_2835.pt,b7fd11d4af74b4ffddaa0161e9d3dfac.pt,02691156
airplane,airplane_2836.pt,b80131dacfa19f77337e02e3502c7536.pt,02691156
airplane,airplane_2837.pt,b80bd34ab330babbc8727b27ee96a4b7.pt,02691156
airplane,airplane_2838.pt,b812c2df636aa0218b96ae1a0a8b84ec.pt,02691156
airplane,airplane_2839.pt,b81339a2f1dbc0de9598ceb95c7f0752.pt,02691156
airplane,airplane_284.pt,209bb7656231011d7965bced3a0d8967.pt,02691156
airplane,airplane_2840.pt,b82731071bd39b66e4c15ad8a2edd2e.pt,02691156
airplane,airplane_2841.pt,b831f60f211435df5bbc861d0124304c.pt,02691156
airplane,airplane_2842.pt,b837c3b8eec02a4967c54439d6177032.pt,02691156
airplane,airplane_2843.pt,b848dca797986bd69d175f8055b49b9.pt,02691156
airplane,airplane_2844.pt,b87185699318f4b635fc197bbabcd5bd.pt,02691156
airplane,airplane_2845.pt,b8720c5fee3264f735fc197bbabcd5bd.pt,02691156
airplane,airplane_2846.pt,b87cb85be0d8eedb44bf3710e93f8cf7.pt,02691156
airplane,airplane_2847.pt,b88fef1090e6d151b3f2b01de37c0b29.pt,02691156
airplane,airplane_2848.pt,b8ce3803485b620b2c674305897e1782.pt,02691156
airplane,airplane_2849.pt,b8df5a1fb0fa198a9a162c818d22a620.pt,02691156
airplane,airplane_285.pt,209e9845a482333c77c06b43df2749d.pt,02691156
airplane,airplane_2850.pt,b8e4e4994d4674cf2023ec956848b741.pt,02691156
airplane,airplane_2851.pt,b8ed32beb17c3cacafd477f714c68df9.pt,02691156
airplane,airplane_2852.pt,b8fbf59025f18f1ccf5fcd318778a0ea.pt,02691156
airplane,airplane_2853.pt,b9006dadc7ae7f7d21afc48d963f897.pt,02691156
airplane,airplane_2854.pt,b90571e8736a296c549b705aa127253d.pt,02691156
airplane,airplane_2855.pt,b9168b74c6d459e65a73760c6feb254c.pt,02691156
airplane,airplane_2856.pt,b943b632fd36f75ac1ccec171a275967.pt,02691156
airplane,airplane_2857.pt,b94b4edc5e4701093ba0eea71939b1f2.pt,02691156
airplane,airplane_2858.pt,b95510fb88096a208fc2d09ac4aa4e78.pt,02691156
airplane,airplane_2859.pt,b97446f1c30c0ed7b13143dea57f5eda.pt,02691156
airplane,airplane_286.pt,20aec82ef5f61b0bbd46d022fd7d80aa.pt,02691156
airplane,airplane_2860.pt,b976a48c015d6ced5e9e2656aff7dd5b.pt,02691156
airplane,airplane_2861.pt,b97900a7f44bd7dcca8607f540cc62ba.pt,02691156
airplane,airplane_2862.pt,b9794f4722f565e319ba010ddb4974fe.pt,02691156
airplane,airplane_2863.pt,b97b9cde30c23b4d71d03b466c72ce41.pt,02691156
airplane,airplane_2864.pt,b98a46b40d030e8a26360e1e29a956c7.pt,02691156
airplane,airplane_2865.pt,b9ba988dd9a6cf426e8b6dd39a855b69.pt,02691156
airplane,airplane_2866.pt,b9c8536f91ec3bcd3aff44a57f77b39.pt,02691156
airplane,airplane_2867.pt,b9e1ba3782922bab6ad6a28101cd3ecd.pt,02691156
airplane,airplane_2868.pt,b9e6298004d7d422bd46d022fd7d80aa.pt,02691156
airplane,airplane_2869.pt,b9ee9a1ed9296e8c598bfdaf1b614b1.pt,02691156
airplane,airplane_287.pt,20b6bc7d69902db4d3ccdbb72feef61f.pt,02691156
airplane,airplane_2870.pt,b9f486be9d0160349a6e43b878d5b335.pt,02691156
airplane,airplane_2871.pt,b9fabfa6d5fedbc3a8e091cb544689d5.pt,02691156
airplane,airplane_2872.pt,ba0f83a82b18613d2350d07acbcc057a.pt,02691156
airplane,airplane_2873.pt,ba1358d41ef026fbb87697d3904b168b.pt,02691156
airplane,airplane_2874.pt,ba37c8ef604b675be1873a3963e0d14.pt,02691156
airplane,airplane_2875.pt,ba662ec78231c493252b4f9439ef95a6.pt,02691156
airplane,airplane_2876.pt,ba784e6de35a5c6b4f8a08a5e6b028e7.pt,02691156
airplane,airplane_2877.pt,ba7d272a0ef0f06cd165fddf32a925f6.pt,02691156
airplane,airplane_2878.pt,baa3e1edf8870f755f1a3e0b9f8002cd.pt,02691156
airplane,airplane_2879.pt,baa972f48cde1dc290baeef8ba5b93e5.pt,02691156
airplane,airplane_288.pt,20b91c5ceb005cc44947b319a9e09fd.pt,02691156
airplane,airplane_2880.pt,babf58c69501ae6b9b46c030f642fc41.pt,02691156
airplane,airplane_2881.pt,bad8f0b4602df33fbe4274edc10c1c8e.pt,02691156
airplane,airplane_2882.pt,bad95673c40e3bbd66cf1b4a8fc3914e.pt,02691156
airplane,airplane_2883.pt,bb244dba6323f80a126bd036879e7101.pt,02691156
airplane,airplane_2884.pt,bb26678e5faaed16300ca77569ad3884.pt,02691156
airplane,airplane_2885.pt,bb38d29611ba34572af1006be0f51835.pt,02691156
airplane,airplane_2886.pt,bb5844976bf8ec479e8d5aab043eeb56.pt,02691156
airplane,airplane_2887.pt,bb6bc2b0786734a79b2acbfd8323f804.pt,02691156
airplane,airplane_2888.pt,bb785567f73903da2661ac6da30aefd.pt,02691156
airplane,airplane_2889.pt,bb7c6c397143f72fe0cfe7507a46f0c.pt,02691156
airplane,airplane_289.pt,20bf5bba045e5a53fdd77aff53f4b7ba.pt,02691156
airplane,airplane_2890.pt,bb7d526405e9347b8f6810e1a2b6aa04.pt,02691156
airplane,airplane_2891.pt,bb8c3e64da2788b98057ec2068d8fa1.pt,02691156
airplane,airplane_2892.pt,bb91e932504e90ffcc14f1e6f4f4f49b.pt,02691156
airplane,airplane_2893.pt,bb976c45b6812b9254e2b6da60f72ab3.pt,02691156
airplane,airplane_2894.pt,bb9ba5deec9e2a5fca8607f540cc62ba.pt,02691156
airplane,airplane_2895.pt,bbaa22bfada1dc0fc6194c8172019a35.pt,02691156
airplane,airplane_2896.pt,bbb8ec10b86465356630654359fc97d0.pt,02691156
airplane,airplane_2897.pt,bbc645e0c0449532b3c7301213dfb7.pt,02691156
airplane,airplane_2898.pt,bbd1b96d77b8dc08b96212c8f6cd06e.pt,02691156
airplane,airplane_2899.pt,bbd8e6b06d8906d5eccd82bb51193a7f.pt,02691156
airplane,airplane_29.pt,123ac29b0aac8c8e5d07633dda45110.pt,02691156
airplane,airplane_290.pt,20d97069df784e19a80799ffaf21ea7d.pt,02691156
airplane,airplane_2900.pt,bc140e3c54b27bfabe13ce34aa7c0c1c.pt,02691156
airplane,airplane_2901.pt,bc16d2cf6420432cb87697d3904b168b.pt,02691156
airplane,airplane_2902.pt,bc2c90ea00831423908b15214255bff9.pt,02691156
airplane,airplane_2903.pt,bc2deb55a1c952beca9f0727e23831d9.pt,02691156
airplane,airplane_2904.pt,bc33901245943313d6d949577c389a84.pt,02691156
airplane,airplane_2905.pt,bc3b68407bba00d92756c2c914ecfebf.pt,02691156
airplane,airplane_2906.pt,bc3f4d2bf11e1c6382328b5e05417037.pt,02691156
airplane,airplane_2907.pt,bc48b77452fd108adf8f666ba0e601ac.pt,02691156
airplane,airplane_2908.pt,bc58ff3369054fa68f52dc705c3109b9.pt,02691156
airplane,airplane_2909.pt,bc59a1d1f959b6f9b2acbfd8323f804.pt,02691156
airplane,airplane_291.pt,20dbfa169424bb8ed7b90ecb4a11cd32.pt,02691156
airplane,airplane_2910.pt,bc764c59e4bf4e9f508cfa5a106b05fe.pt,02691156
airplane,airplane_2911.pt,bc7ead8b45952ab8822054a0a020bf4a.pt,02691156
airplane,airplane_2912.pt,bc86e4461bd4c955a34fb3db6a11a22d.pt,02691156
airplane,airplane_2913.pt,bc8c26902e912b851a53b454324fd345.pt,02691156
airplane,airplane_2914.pt,bc92b144ec7029782e7c68eb5d1b9123.pt,02691156
airplane,airplane_2915.pt,bcaf04bfae3afc1f4d48ad32fb72c8ce.pt,02691156
airplane,airplane_2916.pt,bce1b10c92fb9fc81b7a4091d85f2e8d.pt,02691156
airplane,airplane_2917.pt,bcf7743f0dc85517bc0909d98a1ff2b4.pt,02691156
airplane,airplane_2918.pt,bd066f14adf6c0a9f6639976815d96b.pt,02691156
airplane,airplane_2919.pt,bd22bcf18a9c8163adecb6fc00604132.pt,02691156
airplane,airplane_292.pt,20f2a121d9dbbf9e98494085d68ad6a0.pt,02691156
airplane,airplane_2920.pt,bd298d2907400418df8fc3a07f996293.pt,02691156
airplane,airplane_2921.pt,bd2a375de8c7374195adb59fcbb6489e.pt,02691156
airplane,airplane_2922.pt,bd46cedafa0568b070d98a97e17b4da3.pt,02691156
airplane,airplane_2923.pt,bd48d0beb5d1acf1d2106c9042f1bde9.pt,02691156
airplane,airplane_2924.pt,bd6966d7d0beae75f5c7319b71bdce6e.pt,02691156
airplane,airplane_2925.pt,bd698089021a4a58e23abb9b807b4cb1.pt,02691156
airplane,airplane_2926.pt,bd8c9f9442124cab5e64c90e34fc13b8.pt,02691156
airplane,airplane_2927.pt,bd91c1eca592312048464d2edba1bcf0.pt,02691156
airplane,airplane_2928.pt,bdb7294dc4742b33bc0909d98a1ff2b4.pt,02691156
airplane,airplane_2929.pt,bdbc01a1bea50bdba6cb562d18000d3d.pt,02691156
airplane,airplane_293.pt,2103dcb213151791acf77e718d93f3e1.pt,02691156
airplane,airplane_2930.pt,bdc5360ff3c62ed69aa9d7f676c1fd7e.pt,02691156
airplane,airplane_2931.pt,bdcc8077771968d67c54439d6177032.pt,02691156
airplane,airplane_2932.pt,bddc2c1a4fae008947a1dbf5fd48a4dd.pt,02691156
airplane,airplane_2933.pt,bdeb0a21cf1d602962347b4731688b0f.pt,02691156
airplane,airplane_2934.pt,bdf120e29b19f77b352526271bef32d2.pt,02691156
airplane,airplane_2935.pt,bdfa5ff6aefd3fb8a57854d2ce086d65.pt,02691156
airplane,airplane_2936.pt,bdfbf1c555dacd9d325212819caa597d.pt,02691156
airplane,airplane_2937.pt,be02fd401a12d23822362be7f5226e91.pt,02691156
airplane,airplane_2938.pt,be080a797406422843afdb9c81ff2967.pt,02691156
airplane,airplane_2939.pt,be11ce096084bd784f95630cc18536e0.pt,02691156
airplane,airplane_294.pt,2117484d4ad547ae719b5362fe06bbb.pt,02691156
airplane,airplane_2940.pt,be5d2c935a36894c92cea77f96988ae6.pt,02691156
airplane,airplane_2941.pt,be92048655bc5b001d4c061b53288f62.pt,02691156
airplane,airplane_2942.pt,be96646f774c7d0e2a23d93958262ccc.pt,02691156
airplane,airplane_2943.pt,bea43bda17ea2ec792e07599d5caede.pt,02691156
airplane,airplane_2944.pt,bed589371c324e896aa3bf023a2b42a5.pt,02691156
airplane,airplane_2945.pt,bee504b4909890df1dfabee9ba27dc70.pt,02691156
airplane,airplane_2946.pt,befcb95d80e0e49119ba010ddb4974fe.pt,02691156
airplane,airplane_2947.pt,bf124ddeb1189a3cb312af71146176c8.pt,02691156
airplane,airplane_2948.pt,bf448fcf33a5349619ba010ddb4974fe.pt,02691156
airplane,airplane_2949.pt,bf54b050d092d1e35b5e900e37653d26.pt,02691156
airplane,airplane_295.pt,211cac5d62271583b85f0298cf43349d.pt,02691156
airplane,airplane_2950.pt,bf57639c6735626282b3aeca5b3e7150.pt,02691156
airplane,airplane_2951.pt,bf5d59729b0c0e336cec6e2299cb4a76.pt,02691156
airplane,airplane_2952.pt,bf5d6902e75fd8812296d88107d065f6.pt,02691156
airplane,airplane_2953.pt,bf77987a13fc34b5b6c7da997b0e5e3.pt,02691156
airplane,airplane_2954.pt,bf78d2e27a671fce4d4cb1c2a5e48b7a.pt,02691156
airplane,airplane_2955.pt,bf93f4dc64eff22b4d4cb1c2a5e48b7a.pt,02691156
airplane,airplane_2956.pt,bfa52c24ed71614f48a7b7802dc31138.pt,02691156
airplane,airplane_2957.pt,bfa8e832618454c0a179137acc8d4437.pt,02691156
airplane,airplane_2958.pt,bfcc89117315f3da90b1d6deb98feec6.pt,02691156
airplane,airplane_2959.pt,bfcdf2928e854d109b6724d4f3457e3e.pt,02691156
airplane,airplane_296.pt,213004db08a787a466cf1b4a8fc3914e.pt,02691156
airplane,airplane_2960.pt,bfd02b9a1ad7ce73fe2d13a096d8b561.pt,02691156
airplane,airplane_2961.pt,bfd606459cace196e7ee2e25a3cfaa4d.pt,02691156
airplane,airplane_2962.pt,bff6cee515cdefa8a5effc03faf54012.pt,02691156
airplane,airplane_2963.pt,c00b97813a9cbd72ec85c5551a78ef2b.pt,02691156
airplane,airplane_2964.pt,c00d38c09ac5e6b8405970680284869.pt,02691156
airplane,airplane_2965.pt,c01746b173e0870b3a4cd082c6787017.pt,02691156
airplane,airplane_2966.pt,c022461863cacb39a2872fda285c0d5f.pt,02691156
airplane,airplane_2967.pt,c0375c2ce28292d9a179137acc8d4437.pt,02691156
airplane,airplane_2968.pt,c049dcd36058a87e75b7e61db54ffec7.pt,02691156
airplane,airplane_2969.pt,c05bb681e0ee27e2eea65ef742e4d989.pt,02691156
airplane,airplane_297.pt,213cdfff847f32135ae839ffe09b9d31.pt,02691156
airplane,airplane_2970.pt,c06b54fce5cc4961c9d5e99e50e5e709.pt,02691156
airplane,airplane_2971.pt,c0796e38ea7a1d9fbc0909d98a1ff2b4.pt,02691156
airplane,airplane_2972.pt,c087319ca6126c51c5b0cf694baa734f.pt,02691156
airplane,airplane_2973.pt,c0bb4f92d12f4504d65766fd3c4f994c.pt,02691156
airplane,airplane_2974.pt,c0c32558decf271df3ad4b0977199f23.pt,02691156
airplane,airplane_2975.pt,c0c49c529f1ac5d8ca8607f540cc62ba.pt,02691156
airplane,airplane_2976.pt,c0edd36fbf8d63fa35fc197bbabcd5bd.pt,02691156
airplane,airplane_2977.pt,c0f9c28c45e7c8354f95630cc18536e0.pt,02691156
airplane,airplane_2978.pt,c107063f573cbfb3ca8607f540cc62ba.pt,02691156
airplane,airplane_2979.pt,c12362906beecc796059aeb39e538eb2.pt,02691156
airplane,airplane_298.pt,214d7c0720b860091f21e5fbc0306e3e.pt,02691156
airplane,airplane_2980.pt,c1260a89eee28413f2acf00738ce9d0d.pt,02691156
airplane,airplane_2981.pt,c1262e16d330f7a0231e16e03ac422a0.pt,02691156
airplane,airplane_2982.pt,c12d132ade345228d75cdfed9b20c6e7.pt,02691156
airplane,airplane_2983.pt,c14cb2e75415dba59a6e43b878d5b335.pt,02691156
airplane,airplane_2984.pt,c14ffb40a37074ed26360e1e29a956c7.pt,02691156
airplane,airplane_2985.pt,c156719444d78942db73445864b72015.pt,02691156
airplane,airplane_2986.pt,c18b1ed6e935b11bca8607f540cc62ba.pt,02691156
airplane,airplane_2987.pt,c1aa42594ad2d80e4c3a35cee92bb95b.pt,02691156
airplane,airplane_2988.pt,c1b5dc92221bcdad5fc84bf2b9ef981.pt,02691156
airplane,airplane_2989.pt,c1b5fd196374203d772a4b403daac29b.pt,02691156
airplane,airplane_299.pt,2176fa9f69e5e1dcca8607f540cc62ba.pt,02691156
airplane,airplane_2990.pt,c1b9934ddbf4f29e77fd7318510b8627.pt,02691156
airplane,airplane_2991.pt,c1c341e597c01d3814a46d7ec44fc258.pt,02691156
airplane,airplane_2992.pt,c1d8614b0e5e3f3bf5a498db2fc1d347.pt,02691156
airplane,airplane_2993.pt,c1e081e8b97b3fc7ca8607f540cc62ba.pt,02691156
airplane,airplane_2994.pt,c1e6d2235406d250e9ca68dea406967d.pt,02691156
airplane,airplane_2995.pt,c1fd4eb9f911851f4352ea917328a5b.pt,02691156
airplane,airplane_2996.pt,c207db490c4acde27b5d32a85e1b7987.pt,02691156
airplane,airplane_2997.pt,c2352a98200942e5b39b85af85a55aef.pt,02691156
airplane,airplane_2998.pt,c235f2c6d1e8c80e7f436bc8bb8973a3.pt,02691156
airplane,airplane_2999.pt,c237b4636625f1b0af8d9a7eb0a2bedf.pt,02691156
airplane,airplane_3.pt,1026dd1b26120799107f68a9cb8e3c.pt,02691156
airplane,airplane_30.pt,123ba1ebe2ee533ef0c45eff2a917cc9.pt,02691156
airplane,airplane_300.pt,21827b0be78dd3e17dd9ca9e282b9209.pt,02691156
airplane,airplane_3000.pt,c271badfb6842c882fd5ed7e39258c7.pt,02691156
airplane,airplane_3001.pt,c27b08dad98f802488a89a28f04ce622.pt,02691156
airplane,airplane_3002.pt,c2923f0931fa539f794f2d24bb38b7d1.pt,02691156
airplane,airplane_3003.pt,c2be303f5abf0db7b3369733e21bbc63.pt,02691156
airplane,airplane_3004.pt,c2d5bd1215248f9c8b6c29bda2bc905a.pt,02691156
airplane,airplane_3005.pt,c2d90cc742f17ce828204947d78b9af.pt,02691156
airplane,airplane_3006.pt,c2e047aa11190a0f3523242fdf9b75a7.pt,02691156
airplane,airplane_3007.pt,c2e38200a238177ebbf3143b1cb6076a.pt,02691156
airplane,airplane_3008.pt,c2ea74539ffe96f8be4274edc10c1c8e.pt,02691156
airplane,airplane_3009.pt,c2f3e3a227aee9ecca8607f540cc62ba.pt,02691156
airplane,airplane_301.pt,218caa58819e10d1fe40308d822f996c.pt,02691156
airplane,airplane_3010.pt,c2f43dd2c483e0d86b7bd17e458d0dcb.pt,02691156
airplane,airplane_3011.pt,c31bdeebd8d74a7dbbf3143b1cb6076a.pt,02691156
airplane,airplane_3012.pt,c31f5303997022c842c20743f866e1a6.pt,02691156
airplane,airplane_3013.pt,c330992ccc6154d82b6925c3587009fe.pt,02691156
airplane,airplane_3014.pt,c3408a7be501f09070d98a97e17b4da3.pt,02691156
airplane,airplane_3015.pt,c3454da26509937d4b4c1e25039af4c8.pt,02691156
airplane,airplane_3016.pt,c353ad7ae6ad2b9df1cb19f636b1c2bd.pt,02691156
airplane,airplane_3017.pt,c359e067e75cfa8693d4024985440d4c.pt,02691156
airplane,airplane_3018.pt,c3600f9ede30352a663e90eaf6b4ca52.pt,02691156
airplane,airplane_3019.pt,c3733e626c07b9ff26360e1e29a956c7.pt,02691156
airplane,airplane_302.pt,219fa6821c9240e42476c2e017302af2.pt,02691156
airplane,airplane_3020.pt,c380dfb1b098757ace19d55bc5e6a406.pt,02691156
airplane,airplane_3021.pt,c398f78fb73ccf29751c7a6f15617f4.pt,02691156
airplane,airplane_3022.pt,c3a03137955f65c5cf67c0b63878e138.pt,02691156
airplane,airplane_3023.pt,c3bd5ab4d3ac6a5a5c351e299b24e355.pt,02691156
airplane,airplane_3024.pt,c4111dbb21e1f17043afdb9c81ff2967.pt,02691156
airplane,airplane_3025.pt,c4433144c905ad0b71d03b466c72ce41.pt,02691156
airplane,airplane_3026.pt,c46336844aa275098b96ae1a0a8b84ec.pt,02691156
airplane,airplane_3027.pt,c476ac72594e39ffbd46d022fd7d80aa.pt,02691156
airplane,airplane_3028.pt,c47954200b78fc32f677dde7945cba25.pt,02691156
airplane,airplane_3029.pt,c47a2cb459ab849c493ab0b98cb45d3.pt,02691156
airplane,airplane_303.pt,21a1049ee5b7f531bc0909d98a1ff2b4.pt,02691156
airplane,airplane_3030.pt,c489f0cb96399da63c326782eb2d380e.pt,02691156
airplane,airplane_3031.pt,c48af98d47f76002deed0e4a55ad5dd6.pt,02691156
airplane,airplane_3032.pt,c494f446954523a8a32748a9f843a0bf.pt,02691156
airplane,airplane_3033.pt,c4ed630f9c0f728090b1d6deb98feec6.pt,02691156
airplane,airplane_3034.pt,c4f22c879e8adbc6aaae11b67645c759.pt,02691156
airplane,airplane_3035.pt,c510e14ac20edee814a46d7ec44fc258.pt,02691156
airplane,airplane_3036.pt,c5143d3be7f1d0eb27745e9b6b461e93.pt,02691156
airplane,airplane_3037.pt,c541b8c49b5d2d8e99ad3ba13045dc42.pt,02691156
airplane,airplane_3038.pt,c54ca35ef1df558850ea677bbfebf3fb.pt,02691156
airplane,airplane_3039.pt,c57409c95dd4bafba5a118bd15e6e34f.pt,02691156
airplane,airplane_304.pt,21adc93a24e86672f054f5e37c7ac323.pt,02691156
airplane,airplane_3040.pt,c581942f40cbb60819ba010ddb4974fe.pt,02691156
airplane,airplane_3041.pt,c58e9f5593a26f75e607cb6cb5eb37ba.pt,02691156
airplane,airplane_3042.pt,c5c726006697aa19b5666ac9dae008e8.pt,02691156
airplane,airplane_3043.pt,c5d0dd7a7b44b079a76ffc04f04676cb.pt,02691156
airplane,airplane_3044.pt,c5d748c352d8eeeb3d4e343a1ac21b93.pt,02691156
airplane,airplane_3045.pt,c5e04f903e3472c31883411175051361.pt,02691156
airplane,airplane_3046.pt,c5e999752db444eb91a464c5de1b632b.pt,02691156
airplane,airplane_3047.pt,c5ff8a911c2780efc03676083f8f4de6.pt,02691156
airplane,airplane_3048.pt,c6009ba1bf947303ca8607f540cc62ba.pt,02691156
airplane,airplane_3049.pt,c600de8c83303e6a441eeb748bfdabb4.pt,02691156
airplane,airplane_305.pt,21bf3d8201e3e41f93358ca8580664d1.pt,02691156
airplane,airplane_3050.pt,c61f67c3f03b10537f3efc94c2d31dc5.pt,02691156
airplane,airplane_3051.pt,c62237ac28c4ed61efe0d4e1eba2e3af.pt,02691156
airplane,airplane_3052.pt,c624907ad60cb9348a69ce464571d8bc.pt,02691156
airplane,airplane_3053.pt,c6306d07f28bc5231309643a94d8a5f.pt,02691156
airplane,airplane_3054.pt,c6342ca5cf5c445cbd46d022fd7d80aa.pt,02691156
airplane,airplane_3055.pt,c641785e297cc8ef74008994fb1880b.pt,02691156
airplane,airplane_3056.pt,c64e43e18b01fb5eca8607f540cc62ba.pt,02691156
airplane,airplane_3057.pt,c68efb547224f1dbed4212b3ec7c4371.pt,02691156
airplane,airplane_3058.pt,c69c73793f459a2c3d4b1f38e3dfce4b.pt,02691156
airplane,airplane_3059.pt,c6ab8acad9e61a3e48227c7754aae2a1.pt,02691156
airplane,airplane_306.pt,21c7cc3e5f27540be6553f96496649c9.pt,02691156
airplane,airplane_3060.pt,c6bcec892954942a83855ba2afe73b0b.pt,02691156
airplane,airplane_3061.pt,c6c525a71215dd5a459f73e379ceb540.pt,02691156
airplane,airplane_3062.pt,c6d39a3c52f8beaf7f6c3adc89eef8e6.pt,02691156
airplane,airplane_3063.pt,c6e4d12318bc4a3b262daac8a0882e96.pt,02691156
airplane,airplane_3064.pt,c76f2214e133a81adbafc7250d0654e.pt,02691156
airplane,airplane_3065.pt,c7749c0a8b61f43bc9b9e28055202e3d.pt,02691156
airplane,airplane_3066.pt,c777a5b86424892c644d8182e9bdf4a3.pt,02691156
airplane,airplane_3067.pt,c781fcd64271dc15224d7b1b956e1382.pt,02691156
airplane,airplane_3068.pt,c78cbd0e53900a1ef34db3de24263f32.pt,02691156
airplane,airplane_3069.pt,c798fdb5baef6b8be36e92960e9f090a.pt,02691156
airplane,airplane_307.pt,21e9ae6cdd3ddc27e1c97634acf0214.pt,02691156
airplane,airplane_3070.pt,c7ae9f9e3f95ce76adecb6fc00604132.pt,02691156
airplane,airplane_3071.pt,c7b1ae292fb3d011511e2f9385a386db.pt,02691156
airplane,airplane_3072.pt,c7b2f5b125bc41056d07c55cf995503e.pt,02691156
airplane,airplane_3073.pt,c7c5bb658cafcc7c67711f7c205c5b63.pt,02691156
airplane,airplane_3074.pt,c7df0d3a924147a49a6e43b878d5b335.pt,02691156
airplane,airplane_3075.pt,c7e74cb0f2dcef904abea106683105f.pt,02691156
airplane,airplane_3076.pt,c7f6766e4e96ca0f444c0cf9e8ad6399.pt,02691156
airplane,airplane_3077.pt,c7fe2215d41c2db3a45193285587808f.pt,02691156
airplane,airplane_3078.pt,c80e8a74a31c6156bac66f0bb664359f.pt,02691156
airplane,airplane_3079.pt,c8143c3384690147d13ef00338ba8c52.pt,02691156
airplane,airplane_308.pt,21feae1212b07575f23c3116d040903f.pt,02691156
airplane,airplane_3080.pt,c814a53c1538cdca4f7e1991902e92f7.pt,02691156
airplane,airplane_3081.pt,c846ad445cc9acbb98427765723d5e48.pt,02691156
airplane,airplane_3082.pt,c85079e83e463fac65f50257ecdfa5c7.pt,02691156
airplane,airplane_3083.pt,c854bf983f2404bc15d4d2fdca08573e.pt,02691156
airplane,airplane_3084.pt,c85a76404b85d94e62b600da24e0965.pt,02691156
airplane,airplane_3085.pt,c85e3f6c572581de7d3b11085e75c7ad.pt,02691156
airplane,airplane_3086.pt,c878cac87819f01490baeef8ba5b93e5.pt,02691156
airplane,airplane_3087.pt,c88275e49bc23ee41af5817af570225e.pt,02691156
airplane,airplane_3088.pt,c8a7eab796be432d5de04aad18bd94c3.pt,02691156
airplane,airplane_3089.pt,c8b848f32a850b15e816c75152573ee0.pt,02691156
airplane,airplane_309.pt,220a911e2e303865f64801ad2940cdd5.pt,02691156
airplane,airplane_3090.pt,c8db76f18f56c1344c2c88971423d0be.pt,02691156
airplane,airplane_3091.pt,c8dcaeda94da8da962b600da24e0965.pt,02691156
airplane,airplane_3092.pt,c8ea73dddcd80d901b1cc145b0144991.pt,02691156
airplane,airplane_3093.pt,c9063c31d7b42fa564ed556128c71bda.pt,02691156
airplane,airplane_3094.pt,c91e7b5681d8aeadb81009266e6622c4.pt,02691156
airplane,airplane_3095.pt,c93d0663035962b01b1cc145b0144991.pt,02691156
airplane,airplane_3096.pt,c93f76888cf5a14c93421b5e4ff654e0.pt,02691156
airplane,airplane_3097.pt,c94efebebb2eaefcedc8262267425d73.pt,02691156
airplane,airplane_3098.pt,c950fc7d559f30016e86a8ae6e1f4d7e.pt,02691156
airplane,airplane_3099.pt,c953df8a3f917663a9b2becd26dc2fc1.pt,02691156
airplane,airplane_31.pt,123bd9e948881939c38a1d3458dafa1b.pt,02691156
airplane,airplane_310.pt,221c079c90d4d5779e9cd6cd13c91bb9.pt,02691156
airplane,airplane_3100.pt,c9584d90a1da19f723a665a253ac8cae.pt,02691156
airplane,airplane_3101.pt,c9620ae77d3eb16ea3123c495342b850.pt,02691156
airplane,airplane_3102.pt,c9764fd84080da3f4fb6842b3610149.pt,02691156
airplane,airplane_3103.pt,c9a6dcf87d1f15bca8607f540cc62ba.pt,02691156
airplane,airplane_3104.pt,c9ad8451915ebe6bbd46d022fd7d80aa.pt,02691156
airplane,airplane_3105.pt,c9aeb20d7cd1b3b45e9e2656aff7dd5b.pt,02691156
airplane,airplane_3106.pt,c9ba5885f6ffc835a8cba409c4409ba9.pt,02691156
airplane,airplane_3107.pt,c9be9f07f5ae7c375d7629390efe0a2.pt,02691156
airplane,airplane_3108.pt,c9f91acaeea4136f2863c6a2c8157d17.pt,02691156
airplane,airplane_3109.pt,ca0f8f701a042689331960c3710d952.pt,02691156
airplane,airplane_311.pt,2228845a400dbad30fb60bd5470eb25.pt,02691156
airplane,airplane_3110.pt,ca11efc8928c10908b96ae1a0a8b84ec.pt,02691156
airplane,airplane_3111.pt,ca16041e31078463afe21c1ae3d91b49.pt,02691156
airplane,airplane_3112.pt,ca2a07b005ad4385ca8607f540cc62ba.pt,02691156
airplane,airplane_3113.pt,ca359fd1ed701d06f119374ee5d5f944.pt,02691156
airplane,airplane_3114.pt,ca4443e9a37c4f0b16ade7bb280a6832.pt,02691156
airplane,airplane_3115.pt,ca45f5d7efba158ca35e371359a547.pt,02691156
airplane,airplane_3116.pt,ca4ec545363b3b8e8c2814a4ead9cb90.pt,02691156
airplane,airplane_3117.pt,ca6e0a1d5cfee53a8cbc4ababb61ad1.pt,02691156
airplane,airplane_3118.pt,ca88882d06ee5468c34c40f49da8010e.pt,02691156
airplane,airplane_3119.pt,ca8c65b83038dddb17486544d154bb2.pt,02691156
airplane,airplane_312.pt,2229bc4e646f506679f56e78e8640bfb.pt,02691156
airplane,airplane_3120.pt,ca8e8a54b54b41eceb1a0518c224975f.pt,02691156
airplane,airplane_3121.pt,ca91bc0603ac0b808303d346f4be7d4f.pt,02691156
airplane,airplane_3122.pt,ca91becbfaf5a094bba1aa1c98256342.pt,02691156
airplane,airplane_3123.pt,caa7e70beee4543f42c20743f866e1a6.pt,02691156
airplane,airplane_3124.pt,caab31ecfe961086bc0909d98a1ff2b4.pt,02691156
airplane,airplane_3125.pt,cabce3320f119855a5131d38588a62b.pt,02691156
airplane,airplane_3126.pt,cae48a376cb607547d3b11085e75c7ad.pt,02691156
airplane,airplane_3127.pt,caf80ecbad22a7384e1799d9d4d697c3.pt,02691156
airplane,airplane_3128.pt,caf92880cf63690188a7f6dddc29eab.pt,02691156
airplane,airplane_3129.pt,cb145792217196e27d64cad20089f027.pt,02691156
airplane,airplane_313.pt,222c0d99446148babe4274edc10c1c8e.pt,02691156
airplane,airplane_3130.pt,cb1aff81a3c6ef71d25fd5e3115979a5.pt,02691156
airplane,airplane_3131.pt,cb55e0710b727bf62e36a049ed2b7f88.pt,02691156
airplane,airplane_3132.pt,cb5fe2eaa25b2518afd477f714c68df9.pt,02691156
airplane,airplane_3133.pt,cb744ec78dd320efd2c2bfa672ed621f.pt,02691156
airplane,airplane_3134.pt,cb7c32bd7266daef37f38dedb2f1219.pt,02691156
airplane,airplane_3135.pt,cb8fb401a278fc36bbf3143b1cb6076a.pt,02691156
airplane,airplane_3136.pt,cb91205ac0f2f62429dc68c96bb3c4.pt,02691156
airplane,airplane_3137.pt,cbabb37711c06d4046ed10e8f7fe336e.pt,02691156
airplane,airplane_3138.pt,cbacce3a17e061251ab9df4be75138d0.pt,02691156
airplane,airplane_3139.pt,cbb5ed444249f0a9e90916c8815b5c43.pt,02691156
airplane,airplane_314.pt,22393fa9307224ec853c6f214c15e60f.pt,02691156
airplane,airplane_3140.pt,cbbf6ca6a621c5f9acf77e718d93f3e1.pt,02691156
airplane,airplane_3141.pt,cbc73e8bc866ecacf7f795409cb230c2.pt,02691156
airplane,airplane_3142.pt,cbc9d6ae9d22fcc57f3efc94c2d31dc5.pt,02691156
airplane,airplane_3143.pt,cbdf611a2146031823a665a253ac8cae.pt,02691156
airplane,airplane_3144.pt,cbe8994d1dea1bcb4c3a35cee92bb95b.pt,02691156
airplane,airplane_3145.pt,cbf4dc1c144ce656ffa79951b9f955a3.pt,02691156
airplane,airplane_3146.pt,cc0c7bf3f0f598db2a9ab3cbfdfd536c.pt,02691156
airplane,airplane_3147.pt,cc113b6e9d4fbeb23df325aac2f73830.pt,02691156
airplane,airplane_3148.pt,cc14512d5fe6e8489a6e43b878d5b335.pt,02691156
airplane,airplane_3149.pt,cc1e143cf7da051a6a6dc7e2bbcd098.pt,02691156
airplane,airplane_315.pt,223b0ac8399bf9c5ea1bd6f2443b43e7.pt,02691156
airplane,airplane_3150.pt,cc23974115a8de15d13ef00338ba8c52.pt,02691156
airplane,airplane_3151.pt,cc40acee83422fe892b90699bc4724f9.pt,02691156
airplane,airplane_3152.pt,cc6041868bf2913312b981fe5abe4a07.pt,02691156
airplane,airplane_3153.pt,cc60baa1a796f5c14c3a35cee92bb95b.pt,02691156
airplane,airplane_3154.pt,cc630f80fc235ab360c9b6e4c75a092a.pt,02691156
airplane,airplane_3155.pt,cc68ac5b18674485475045ea78b20eb7.pt,02691156
airplane,airplane_3156.pt,cc7a48498e745baef828c8b5be2ff54.pt,02691156
airplane,airplane_3157.pt,cc80380c511ec8e2c91a9d486db717.pt,02691156
airplane,airplane_3158.pt,cc86a2ca41e279bc89b1c1fd829ec927.pt,02691156
airplane,airplane_3159.pt,cc9b7118034278fcb4cdad9a5bf52dd5.pt,02691156
airplane,airplane_316.pt,224a8b6776a242f8adcbeb54f3d014e9.pt,02691156
airplane,airplane_3160.pt,ccb9e8dd6453b6c2a2981e27422ad4a7.pt,02691156
airplane,airplane_3161.pt,ccc0bbcc236bdff9c1ccec171a275967.pt,02691156
airplane,airplane_3162.pt,ccca0685aa63308ed54e5c2e672a56dc.pt,02691156
airplane,airplane_3163.pt,cccf4d96e0e3d728c93b40751084c22.pt,02691156
airplane,airplane_3164.pt,ccd448614257253cbc0909d98a1ff2b4.pt,02691156
airplane,airplane_3165.pt,ccdec989c4ca289d9a6e43b878d5b335.pt,02691156
airplane,airplane_3166.pt,cce565137003bb39b2da68ec42b2eaf6.pt,02691156
airplane,airplane_3167.pt,ccf4e9c074c3395c26360e1e29a956c7.pt,02691156
airplane,airplane_3168.pt,ccfe789ebc77be87e71a4f02883f26bc.pt,02691156
airplane,airplane_3169.pt,cd6a3584c3da1db4abcfca680e6d54ff.pt,02691156
airplane,airplane_317.pt,2269715ca42c218fe3921ab5df3d2707.pt,02691156
airplane,airplane_3170.pt,cd846470dd7a135d29ca62020db7d733.pt,02691156
airplane,airplane_3171.pt,cd9062c0065ee3a4727e0d1e650e3b69.pt,02691156
airplane,airplane_3172.pt,cd9f07bc1e5087b7f33a09c02bab9cc.pt,02691156
airplane,airplane_3173.pt,cda1206f9460ece9868255f726935f63.pt,02691156
airplane,airplane_3174.pt,cda3cd7f140fe791ed137f17a6d8e3c8.pt,02691156
airplane,airplane_3175.pt,cdb17eb7b14c83f225e27d5227712286.pt,02691156
airplane,airplane_3176.pt,cdbd857f25b1597c711d3e79ce66dfac.pt,02691156
airplane,airplane_3177.pt,cdccbb56939fcdafa266a0298675ed53.pt,02691156
airplane,airplane_3178.pt,cdd4dc06cea48b5faae529ab4a75c4af.pt,02691156
airplane,airplane_3179.pt,cdeb868930b32468f879f4163a3ec7b.pt,02691156
airplane,airplane_318.pt,226e3f0a844a3b4a77fd7318510b8627.pt,02691156
airplane,airplane_3180.pt,ce00bc7519d595c525a407b55f350179.pt,02691156
airplane,airplane_3181.pt,ce0c461237a21cefdb22b838c125a50b.pt,02691156
airplane,airplane_3182.pt,ce12e8c1a5f5ce1df58f507a9f1e3e03.pt,02691156
airplane,airplane_3183.pt,ce1d767436d9b289e8ac6b4e1f12f978.pt,02691156
airplane,airplane_3184.pt,ce2c4502b06c3c356abde8e1529c422f.pt,02691156
airplane,airplane_3185.pt,ce337df2f75801eeb07412c80bd835.pt,02691156
airplane,airplane_3186.pt,ce339f515469303979e13964f05c24f9.pt,02691156
airplane,airplane_3187.pt,ce3c18550fb997d1107e1ecf38d6ca93.pt,02691156
airplane,airplane_3188.pt,ce4b8076f8f9a5a05be07e24c1d3227d.pt,02691156
airplane,airplane_3189.pt,ce5310bbab4bc178d7a85b8b6dea0a54.pt,02691156
airplane,airplane_319.pt,22795c32b54719dffaa7ec7d870d2e09.pt,02691156
airplane,airplane_3190.pt,ce682d7a2bbf77b6fc4b92d3d335214a.pt,02691156
airplane,airplane_3191.pt,ce6aef9846db6aa5c1a897657d9a1924.pt,02691156
airplane,airplane_3192.pt,ce827e4c857d553f71d03b466c72ce41.pt,02691156
airplane,airplane_3193.pt,ce9246d409f1c688bc0909d98a1ff2b4.pt,02691156
airplane,airplane_3194.pt,cef4d41c07613b658168857903a9552b.pt,02691156
airplane,airplane_3195.pt,cf0cdaa94220ee3f4c3a35cee92bb95b.pt,02691156
airplane,airplane_3196.pt,cf13bbe558f37bab4c3a35cee92bb95b.pt,02691156
airplane,airplane_3197.pt,cf17d0ce34f09f572722fc1bdd7e0e51.pt,02691156
airplane,airplane_3198.pt,cf2bbaaebcadfb282933085759cb1f25.pt,02691156
airplane,airplane_3199.pt,cf310fe73705eb85a099666f6cac75b0.pt,02691156
airplane,airplane_32.pt,124062ccaeae95085e9e2656aff7dd5b.pt,02691156
airplane,airplane_320.pt,22829f20e331d563dd455eb19d4d269e.pt,02691156
airplane,airplane_3200.pt,cf402c23d4ce807d847335355bf4459e.pt,02691156
airplane,airplane_3201.pt,cf4c2d7d836c781e5a59e179e114b9a7.pt,02691156
airplane,airplane_3202.pt,cf61af3c52dae1e0651e8da9cf70afea.pt,02691156
airplane,airplane_3203.pt,cf6fa8a054ed7bce5de04aad18bd94c3.pt,02691156
airplane,airplane_3204.pt,cf71f5442c4120db37678474be485ca.pt,02691156
airplane,airplane_3205.pt,cf911e274fb613fbbf3143b1cb6076a.pt,02691156
airplane,airplane_3206.pt,cf93f33b52900c64bbf3143b1cb6076a.pt,02691156
airplane,airplane_3207.pt,cf96229978efbb488b96ae1a0a8b84ec.pt,02691156
airplane,airplane_3208.pt,cfaff76a1503d4f562b600da24e0965.pt,02691156
airplane,airplane_3209.pt,cfb555a4d82a600aca8607f540cc62ba.pt,02691156
airplane,airplane_321.pt,22831bc32bd744d3f06dea205edf9704.pt,02691156
airplane,airplane_3210.pt,cfc075c635df8a7a94b9c9a92aa36f8c.pt,02691156
airplane,airplane_3211.pt,cfd42bf49322e79d8deb28944f3f72ef.pt,02691156
airplane,airplane_3212.pt,cff4a52406b84da7aaeb49542c2cc445.pt,02691156
airplane,airplane_3213.pt,d0001af4b3c1fe3d6f675e9f2e677792.pt,02691156
airplane,airplane_3214.pt,d004d0e86ea3d77a65a6ed5c458f6a32.pt,02691156
airplane,airplane_3215.pt,d01da87ecbc2deea27e33924ab17ba05.pt,02691156
airplane,airplane_3216.pt,d0456644386d9149ce593c35f70d3f.pt,02691156
airplane,airplane_3217.pt,d05cdbdddb68865d2dcd3faa5a0a5f24.pt,02691156
airplane,airplane_3218.pt,d06035fb4ba89c91f119374ee5d5f944.pt,02691156
airplane,airplane_3219.pt,d06105ee2a2ae27c51008e496c6cfd2e.pt,02691156
airplane,airplane_322.pt,228478022f30a2bef1f87579d4dedbb4.pt,02691156
airplane,airplane_3220.pt,d0614abb68caa5ddac7f1a00b76bd166.pt,02691156
airplane,airplane_3221.pt,d068bfa97f8407e423fc69eefd95e6d3.pt,02691156
airplane,airplane_3222.pt,d07277bc3c95a365bd46d022fd7d80aa.pt,02691156
airplane,airplane_3223.pt,d08471df3e76602427743256ca3834f.pt,02691156
airplane,airplane_3224.pt,d0ab3ed71a4ac9319d1eb836604648db.pt,02691156
airplane,airplane_3225.pt,d0b7060229617935d2a4e6ac398c976f.pt,02691156
airplane,airplane_3226.pt,d0e517321cdcd165939e75b12f2e5480.pt,02691156
airplane,airplane_3227.pt,d0ee4253d406b3f05e9e2656aff7dd5b.pt,02691156
airplane,airplane_3228.pt,d109c08886c2a3dabdf566b587d6b21.pt,02691156
airplane,airplane_3229.pt,d1119217281b8475fe755e3418b63110.pt,02691156
airplane,airplane_323.pt,228fcd24cea34febc0909d98a1ff2b4.pt,02691156
airplane,airplane_3230.pt,d12f7698698bbc8f9b10643ba761a774.pt,02691156
airplane,airplane_3231.pt,d130dd0c96152140bc0909d98a1ff2b4.pt,02691156
airplane,airplane_3232.pt,d13d131a649c5df38b96ae1a0a8b84ec.pt,02691156
airplane,airplane_3233.pt,d15e3519a61c5bad86442c51e82d8d69.pt,02691156
airplane,airplane_3234.pt,d16405b7a4300014ef5bed0139d3780c.pt,02691156
airplane,airplane_3235.pt,d171967c6353177bb87697d3904b168b.pt,02691156
airplane,airplane_3236.pt,d172705764e25e20884a857d19f7439f.pt,02691156
airplane,airplane_3237.pt,d18592d9615b01bbbc0909d98a1ff2b4.pt,02691156
airplane,airplane_3238.pt,d18f2aeae4146464bd46d022fd7d80aa.pt,02691156
airplane,airplane_3239.pt,d199612c22fe9313f4fb6842b3610149.pt,02691156
airplane,airplane_324.pt,22944fabf8a9763f28132d87f74ffe13.pt,02691156
airplane,airplane_3240.pt,d1a887a47991d1b3bc0909d98a1ff2b4.pt,02691156
airplane,airplane_3241.pt,d1a8e79eebf4a0b1579c3d4943e463ef.pt,02691156
airplane,airplane_3242.pt,d1b1c13fdec4d69ccfd264a25791a5e1.pt,02691156
airplane,airplane_3243.pt,d1b28579fde95f19e1873a3963e0d14.pt,02691156
airplane,airplane_3244.pt,d1b407350e61150942d79310bc7e47b3.pt,02691156
airplane,airplane_3245.pt,d1cdd239dcbfd018bbf3143b1cb6076a.pt,02691156
airplane,airplane_3246.pt,d1d308692cb4b6059a6e43b878d5b335.pt,02691156
airplane,airplane_3247.pt,d1df81e184c71e0f26360e1e29a956c7.pt,02691156
airplane,airplane_3248.pt,d1e3bba19cb9447dcf6c095014f481a4.pt,02691156
airplane,airplane_3249.pt,d1e78f6226a9ac76fb2fba771d8219ff.pt,02691156
airplane,airplane_325.pt,229c164fe2c80acc1ca2e8373597f711.pt,02691156
airplane,airplane_3250.pt,d1e81c9479eb1b7da9263338bcc7d067.pt,02691156
airplane,airplane_3251.pt,d20e3ed9b3430672bbf3143b1cb6076a.pt,02691156
airplane,airplane_3252.pt,d21c556af88582754c3a35cee92bb95b.pt,02691156
airplane,airplane_3253.pt,d220ffb04a5ff31abd46d022fd7d80aa.pt,02691156
airplane,airplane_3254.pt,d221f607d5b5c553faac198e88c3dbb7.pt,02691156
airplane,airplane_3255.pt,d22521d217d89f8d5b1bb801ea1e2db7.pt,02691156
airplane,airplane_3256.pt,d23eecb0437107756c63b8b48495261a.pt,02691156
airplane,airplane_3257.pt,d2412f19d33572dc4c3a35cee92bb95b.pt,02691156
airplane,airplane_3258.pt,d24e6c81b5261fe5ca2bd098b9203af.pt,02691156
airplane,airplane_3259.pt,d24f2a1da14a00ce16b34c3751bc447d.pt,02691156
airplane,airplane_326.pt,229cd78f9ac3e77c8b96ae1a0a8b84ec.pt,02691156
airplane,airplane_3260.pt,d25572a7c7bd40a72d716a8ba99beff8.pt,02691156
airplane,airplane_3261.pt,d276954441de1e878a3d2bbe7d58317e.pt,02691156
airplane,airplane_3262.pt,d2815b419e61dbb0b87697d3904b168b.pt,02691156
airplane,airplane_3263.pt,d281db2c631c0170991ade27bbcf967d.pt,02691156
airplane,airplane_3264.pt,d2842bc324b3dac5bc0909d98a1ff2b4.pt,02691156
airplane,airplane_3265.pt,d28a3cd771b2bf1e71d03b466c72ce41.pt,02691156
airplane,airplane_3266.pt,d2bf5f39131584c0a8cba409c4409ba9.pt,02691156
airplane,airplane_3267.pt,d2c7b95823938833339bd6b570381585.pt,02691156
airplane,airplane_3268.pt,d2daef39d1cb8d027089ddd41f4af842.pt,02691156
airplane,airplane_3269.pt,d2e2e23f5be557e2d1ab3b031c100cb1.pt,02691156
airplane,airplane_327.pt,22acc443fd007fce6e80138ae17d7d07.pt,02691156
airplane,airplane_3270.pt,d2e99eeecebf0c77bd46d022fd7d80aa.pt,02691156
airplane,airplane_3271.pt,d2f8a99bbdc387c8c5552bebbfa48bd7.pt,02691156
airplane,airplane_3272.pt,d2faf50d6d88dd0690baeef8ba5b93e5.pt,02691156
airplane,airplane_3273.pt,d30689ca6cdf2601f551b6c3f174499e.pt,02691156
airplane,airplane_3274.pt,d3198154076f49a86f0778e65d2e88ad.pt,02691156
airplane,airplane_3275.pt,d31a0f4f945775de5823df672991ed66.pt,02691156
airplane,airplane_3276.pt,d34eba7c2ce4db53adecb6fc00604132.pt,02691156
airplane,airplane_3277.pt,d353b227b279804190b1d6deb98feec6.pt,02691156
airplane,airplane_3278.pt,d3580448933d00fd90b1d6deb98feec6.pt,02691156
airplane,airplane_3279.pt,d37781e47470fa3d664a56105f5816ce.pt,02691156
airplane,airplane_328.pt,22c11b2bab2cf93fc1ccec171a275967.pt,02691156
airplane,airplane_3280.pt,d3856a35d1fb8536d8e727806889c9b0.pt,02691156
airplane,airplane_3281.pt,d38922599bc74f6da30fd8ce49679098.pt,02691156
airplane,airplane_3282.pt,d39075b8eb890a898deb28944f3f72ef.pt,02691156
airplane,airplane_3283.pt,d390f0246fd43cc8bd46d022fd7d80aa.pt,02691156
airplane,airplane_3284.pt,d3b39374c97d39da7dc01d89d8a05b74.pt,02691156
airplane,airplane_3285.pt,d3b9114df1d8a3388e415c6cf89025f0.pt,02691156
airplane,airplane_3286.pt,d3d788c1fb35227619ba010ddb4974fe.pt,02691156
airplane,airplane_3287.pt,d3dcf83f03c7ad2bbc0909d98a1ff2b4.pt,02691156
airplane,airplane_3288.pt,d3ecaf6bb9395131d563154e026c3490.pt,02691156
airplane,airplane_3289.pt,d3f2dcf27000283799d9d900afe054b8.pt,02691156
airplane,airplane_329.pt,22ce6f6d1adb08d7bbf3143b1cb6076a.pt,02691156
airplane,airplane_3290.pt,d3f93b6da62fae46a98ae8c73b190485.pt,02691156
airplane,airplane_3291.pt,d405b9e5f942fed5efe5d5ae25ee424e.pt,02691156
airplane,airplane_3292.pt,d438a4539d8068fd44601c64497858af.pt,02691156
airplane,airplane_3293.pt,d43b80dd95a2233a5ae839ffe09b9d31.pt,02691156
airplane,airplane_3294.pt,d441a12b217c26bc0d5f9d32d37453c.pt,02691156
airplane,airplane_3295.pt,d45772f938d14d52736e55e9ba083986.pt,02691156
airplane,airplane_3296.pt,d45809b73a371efd185b376619557c95.pt,02691156
airplane,airplane_3297.pt,d458335c758930c210b8e0008ef5faf6.pt,02691156
airplane,airplane_3298.pt,d47207e14e61db3f1436d436f198567c.pt,02691156
airplane,airplane_3299.pt,d48064100e793155f56a7ca118af1bd1.pt,02691156
airplane,airplane_33.pt,124a579e0635b8eace19d55bc5e6a406.pt,02691156
airplane,airplane_330.pt,22ced10a5d20b1c1fca1f1143bb6bc17.pt,02691156
airplane,airplane_3300.pt,d4849eddcd93569ac119f94203b4868c.pt,02691156
airplane,airplane_3301.pt,d4a8134b2463a8bca8607f540cc62ba.pt,02691156
airplane,airplane_3302.pt,d4aec2680be68c813a116bc3efac4e3b.pt,02691156
airplane,airplane_3303.pt,d4cc520929730248642fa8402286a797.pt,02691156
airplane,airplane_3304.pt,d4d61a35e8b568fb7f1f82f6fc8747b8.pt,02691156
airplane,airplane_3305.pt,d4dac019726e980e203936772104a82d.pt,02691156
airplane,airplane_3306.pt,d4ed7de4aa7799f066cf1b4a8fc3914e.pt,02691156
airplane,airplane_3307.pt,d5189c00524f662c79f9bc8b647dba0.pt,02691156
airplane,airplane_3308.pt,d51bd83c27fc3167ba4ae55719e5e195.pt,02691156
airplane,airplane_3309.pt,d532217c7fabf1d44e8b48a4c01e36f8.pt,02691156
airplane,airplane_331.pt,22d0100fa46f20eb8699933784576e73.pt,02691156
airplane,airplane_3310.pt,d532a5abb756ebebcc14f1e6f4f4f49b.pt,02691156
airplane,airplane_3311.pt,d54a694d514b1911844ac48bcfce34.pt,02691156
airplane,airplane_3312.pt,d54ca25127a15d2b937ae00fead8910d.pt,02691156
airplane,airplane_3313.pt,d56fba80d39bdff738decdbba236bc1d.pt,02691156
airplane,airplane_3314.pt,d581b2e10f8bc6aecc1d733a19631a1.pt,02691156
airplane,airplane_3315.pt,d583d6f23c590f3ec672ad25c77a396.pt,02691156
airplane,airplane_3316.pt,d59bb0ad79371634f3d7c71ae132007d.pt,02691156
airplane,airplane_3317.pt,d59cd5f2012a1ca1aae46a5cc955c766.pt,02691156
airplane,airplane_3318.pt,d59d75f52ac9b241ae0d772a1c85134a.pt,02691156
airplane,airplane_3319.pt,d5a94c9f09d238c4c3a35cee92bb95b.pt,02691156
airplane,airplane_332.pt,22d0561f06900e165140beb2199de2af.pt,02691156
airplane,airplane_3320.pt,d5ad529ad399086e4e9a6f7cd468e49d.pt,02691156
airplane,airplane_3321.pt,d5b08d1355502d325f83a2299c09f64.pt,02691156
airplane,airplane_3322.pt,d5b78307fd9a0764bc97347c46fe15e1.pt,02691156
airplane,airplane_3323.pt,d5e01850a9d1f3ac5fb48d488d5dfafd.pt,02691156
airplane,airplane_3324.pt,d5f01e2aa54bbf28ca8607f540cc62ba.pt,02691156
airplane,airplane_3325.pt,d5f4e2228e3fadd2aa6a832b9db7452f.pt,02691156
airplane,airplane_3326.pt,d605a53c0917acada80799ffaf21ea7d.pt,02691156
airplane,airplane_3327.pt,d60ec60e091e9d7ade125dc914c4bb9c.pt,02691156
airplane,airplane_3328.pt,d615a8217b70af06bc0909d98a1ff2b4.pt,02691156
airplane,airplane_3329.pt,d617ffca7890b33eeb9d949e4b90f4af.pt,02691156
airplane,airplane_333.pt,22d36043ad59ef026edd138a394f7c4d.pt,02691156
airplane,airplane_3330.pt,d629589ee52d48ee4d210d9468aedaf2.pt,02691156
airplane,airplane_3331.pt,d639c8d2f55982558b96ae1a0a8b84ec.pt,02691156
airplane,airplane_3332.pt,d63bd140efa537dcf73e5bc170b7e2be.pt,02691156
airplane,airplane_3333.pt,d63daa9d1fd2ff5d575bf8a4b14be4f4.pt,02691156
airplane,airplane_3334.pt,d64caea6c332861bcc14f1e6f4f4f49b.pt,02691156
airplane,airplane_3335.pt,d64f391dee878277bd46d022fd7d80aa.pt,02691156
airplane,airplane_3336.pt,d6749fad86648a9719ba010ddb4974fe.pt,02691156
airplane,airplane_3337.pt,d696c3119cae40323ada73811bb576de.pt,02691156
airplane,airplane_3338.pt,d6b4ad58a49bb80cd13ef00338ba8c52.pt,02691156
airplane,airplane_3339.pt,d6bf9fb6149faabe36f3a2343a8221f2.pt,02691156
airplane,airplane_334.pt,22d9a4a9290e8f09112a90660b187a10.pt,02691156
airplane,airplane_3340.pt,d6c1cb09e27c3fbce8b8a0b16211ba77.pt,02691156
airplane,airplane_3341.pt,d6c655a7c97cab8e9f5f802084bd1d73.pt,02691156
airplane,airplane_3342.pt,d6ca5966c5ed5b86da2b0f839aba40f9.pt,02691156
airplane,airplane_3343.pt,d6cc7ffd165de05e2e2de556c136fbc8.pt,02691156
airplane,airplane_3344.pt,d6d84d05892a4f492e7c68eb5d1b9123.pt,02691156
airplane,airplane_3345.pt,d6db0815d8fbaad621967ef97204d18.pt,02691156
airplane,airplane_3346.pt,d6edd8b0801a02baf7571913c73c0c78.pt,02691156
airplane,airplane_3347.pt,d708c311bcd60e61c9ac656f0c2edc4b.pt,02691156
airplane,airplane_3348.pt,d709b3afd41a578ba03df56f69a35fcc.pt,02691156
airplane,airplane_3349.pt,d70d648947c65b1eca8607f540cc62ba.pt,02691156
airplane,airplane_335.pt,22dd4b6a60e20112185b376619557c95.pt,02691156
airplane,airplane_3350.pt,d722973c75c85d93d0734afa0d357999.pt,02691156
airplane,airplane_3351.pt,d7287ce98d521db5ca8607f540cc62ba.pt,02691156
airplane,airplane_3352.pt,d72a483cf8a0cf2bbbf3143b1cb6076a.pt,02691156
airplane,airplane_3353.pt,d7454b0e80d3236ff268234accd8cf4e.pt,02691156
airplane,airplane_3354.pt,d74767519393a937f73e5bc170b7e2be.pt,02691156
airplane,airplane_3355.pt,d75a4d4d25863f5062747c704d78d4f8.pt,02691156
airplane,airplane_3356.pt,d75ce9ee8a64adfd98459325335edae9.pt,02691156
airplane,airplane_3357.pt,d777b1e4ba72cebac5353b0f3cdec54.pt,02691156
airplane,airplane_3358.pt,d78a16856adad344670aaa01f77ae41a.pt,02691156
airplane,airplane_3359.pt,d7a2512d9d8ad4c8a18e0889038e4fb6.pt,02691156
airplane,airplane_336.pt,22e4e0210f80fae813940713146922c1.pt,02691156
airplane,airplane_3360.pt,d7e8b636d4a7dab67e697b0700f10b81.pt,02691156
airplane,airplane_3361.pt,d7f3d0503ee4ee1cc34b900bb2492e.pt,02691156
airplane,airplane_3362.pt,d7f71651e6571ee2f63894cf4226f14.pt,02691156
airplane,airplane_3363.pt,d80486b768083cd6ba0d990ae229b477.pt,02691156
airplane,airplane_3364.pt,d80afa36aeb72c552b5147716975ed8a.pt,02691156
airplane,airplane_3365.pt,d81042a53dd1cc5bd90bfc986bc4c94d.pt,02691156
airplane,airplane_3366.pt,d83300deab42c100eb9db4e832a6dd82.pt,02691156
airplane,airplane_3367.pt,d837b5228d9c010bbe584d85bf07b4ac.pt,02691156
airplane,airplane_3368.pt,d844094b073a0452b04b2d1c5ce9783b.pt,02691156
airplane,airplane_3369.pt,d8452d4fe51f2bab3554ccf8c30febe7.pt,02691156
airplane,airplane_337.pt,22eb91041de27ca4936b2c59e7c43ba.pt,02691156
airplane,airplane_3370.pt,d84bb293898861ed9b2acbfd8323f804.pt,02691156
airplane,airplane_3371.pt,d8719b491412ea0bb1cb87d703a74b6f.pt,02691156
airplane,airplane_3372.pt,d883e6e5622a0cab72351dbf9e0687e0.pt,02691156
airplane,airplane_3373.pt,d8a037897d5d5b108130971b27e95927.pt,02691156
airplane,airplane_3374.pt,d8a43017132c210cc1006ed55bc1a3fc.pt,02691156
airplane,airplane_3375.pt,d8a8e238987fed8dbc0909d98a1ff2b4.pt,02691156
airplane,airplane_3376.pt,d8d9de967255b4c562b600da24e0965.pt,02691156
airplane,airplane_3377.pt,d8e8540acddacf98c1006ed55bc1a3fc.pt,02691156
airplane,airplane_3378.pt,d919249737749c36417568af9ae9577f.pt,02691156
airplane,airplane_3379.pt,d940f33afc01ff036da97d9f744f7e97.pt,02691156
airplane,airplane_338.pt,22ed115500e9648c5fabfc69ee61b28b.pt,02691156
airplane,airplane_3380.pt,d96f2b6990d0d79e247412be0e58d7d4.pt,02691156
airplane,airplane_3381.pt,d984822941e7a768c231d70e1e0cc567.pt,02691156
airplane,airplane_3382.pt,d99ddce71988c822475045ea78b20eb7.pt,02691156
airplane,airplane_3383.pt,d9a263d86ae0fa599751c7a6f15617f4.pt,02691156
airplane,airplane_3384.pt,d9a92927192e9755702736225b32125.pt,02691156
airplane,airplane_3385.pt,d9c080cb6634a902ca9f0727e23831d9.pt,02691156
airplane,airplane_3386.pt,d9d282f79262ebd4c3a35cee92bb95b.pt,02691156
airplane,airplane_3387.pt,d9d39f688eb9ba58b3f2b01de37c0b29.pt,02691156
airplane,airplane_3388.pt,d9dd8dd2c422dadaad70e50d5d7d02a5.pt,02691156
airplane,airplane_3389.pt,d9eaf9c7d58279dc9a6e43b878d5b335.pt,02691156
airplane,airplane_339.pt,2349e4b9a4ccbd97bbf3143b1cb6076a.pt,02691156
airplane,airplane_3390.pt,d9f90f110ce30fbbadecb6fc00604132.pt,02691156
airplane,airplane_3391.pt,da12fdb456d5fb588b96ae1a0a8b84ec.pt,02691156
airplane,airplane_3392.pt,da1acb401541235be4d2773f0358b43b.pt,02691156
airplane,airplane_3393.pt,da26509e7d1864a162b600da24e0965.pt,02691156
airplane,airplane_3394.pt,da3ed25d281fc4c065fc5f76098aceb0.pt,02691156
airplane,airplane_3395.pt,da58b3e055132c9f6afab9f956f15ea.pt,02691156
airplane,airplane_3396.pt,da5fda29d2415fb09d92b4de623f5639.pt,02691156
airplane,airplane_3397.pt,da67955425ffe66071d03b466c72ce41.pt,02691156
airplane,airplane_3398.pt,da6faddc7079ce8ab6befd5df74fffa2.pt,02691156
airplane,airplane_3399.pt,da7354a90e6596e6139336f03eb955d2.pt,02691156
airplane,airplane_34.pt,125417c3fa9bc1b130f57e42c77d3894.pt,02691156
airplane,airplane_340.pt,23616b4d03c5bac61232236eecec447b.pt,02691156
airplane,airplane_3400.pt,da9c541228a171b7ca8607f540cc62ba.pt,02691156
airplane,airplane_3401.pt,da9d111e1175d318bbf3143b1cb6076a.pt,02691156
airplane,airplane_3402.pt,dab7d624889233a863dc0bc8d259b20e.pt,02691156
airplane,airplane_3403.pt,dac25e0fbef7dabaf1692146d36a4a3d.pt,02691156
airplane,airplane_3404.pt,dacb447d7820e7f7ca8607f540cc62ba.pt,02691156
airplane,airplane_3405.pt,dad83c903379cb9cfa585c96250561a9.pt,02691156
airplane,airplane_3406.pt,dadf41579d385b0aacf77e718d93f3e1.pt,02691156
airplane,airplane_3407.pt,dae59259ed2a2951d13ef00338ba8c52.pt,02691156
airplane,airplane_3408.pt,dae96d5eb7dd6fcd2863c6a2c8157d17.pt,02691156
airplane,airplane_3409.pt,daeb27ada93505b1e24e4b657f0a298.pt,02691156
airplane,airplane_341.pt,236932c4f4b2f557f5c7319b71bdce6e.pt,02691156
airplane,airplane_3410.pt,daedff5e78136a8b507c9a5cb0f72e1e.pt,02691156
airplane,airplane_3411.pt,daf0298bbe90dff19751c7a6f15617f4.pt,02691156
airplane,airplane_3412.pt,db02eb57817e4b4d22362be7f5226e91.pt,02691156
airplane,airplane_3413.pt,db0c0fc7ce05d372311e3590f044c241.pt,02691156
airplane,airplane_3414.pt,db4079b8c7d3d674ca8607f540cc62ba.pt,02691156
airplane,airplane_3415.pt,db4e26b10e48f0202eb17a4a1756af76.pt,02691156
airplane,airplane_3416.pt,db5146b7695fafba78d7c0e1adfe122c.pt,02691156
airplane,airplane_3417.pt,db567b8afbaaa95060a762246a709d46.pt,02691156
airplane,airplane_3418.pt,db5fa6a73bbe6d35ca8607f540cc62ba.pt,02691156
airplane,airplane_3419.pt,db628662ba1cac04b627754c4259e985.pt,02691156
airplane,airplane_342.pt,237b5aa80b3d3461d1d47c38683a697d.pt,02691156
airplane,airplane_3420.pt,db73a3c857949f469a6e43b878d5b335.pt,02691156
airplane,airplane_3421.pt,db758090dd739ee9ca68a659ecae961c.pt,02691156
airplane,airplane_3422.pt,db8ee29417ddae1bae6908c1ddfd8734.pt,02691156
airplane,airplane_3423.pt,dba3ab64bab4ed3ed13ef00338ba8c52.pt,02691156
airplane,airplane_3424.pt,dbab9feed7e936cfa87372b03d6dc78b.pt,02691156
airplane,airplane_3425.pt,dbc521b1d4c2d308303d346f4be7d4f.pt,02691156
airplane,airplane_3426.pt,dbd0efc89242cc9318de900bee20377.pt,02691156
airplane,airplane_3427.pt,dbd589812bda0b1ebab624e35355496d.pt,02691156
airplane,airplane_3428.pt,dbd74d18fa992eee7f1f82f6fc8747b8.pt,02691156
airplane,airplane_3429.pt,dbdca81a0f9079096d511e9563e4bbe7.pt,02691156
airplane,airplane_343.pt,23c8d6c73cf78ab23cf128905a10d59d.pt,02691156
airplane,airplane_3430.pt,dbee200cebd464779b0ed23034a67f7f.pt,02691156
airplane,airplane_3431.pt,dc03e743739c4f87c27f2d9f006d69eb.pt,02691156
airplane,airplane_3432.pt,dc28756381ac019ac2912ef1a1302821.pt,02691156
airplane,airplane_3433.pt,dc344ae06e26aa55615ba7bf3620290d.pt,02691156
airplane,airplane_3434.pt,dc3bfc83bc2d1db643afdb9c81ff2967.pt,02691156
airplane,airplane_3435.pt,dc6a2bdc4c3e630a43bc71474ad05fbf.pt,02691156
airplane,airplane_3436.pt,dc74cd06430b61f478d9c09d692f9057.pt,02691156
airplane,airplane_3437.pt,dc7a703f94b3b17667c5e3041553656b.pt,02691156
airplane,airplane_3438.pt,dc7c5d12854b9467b96212c8f6cd06e.pt,02691156
airplane,airplane_3439.pt,dc8d9003cde43b66c8727b27ee96a4b7.pt,02691156
airplane,airplane_344.pt,23cb6abc0705de4ba5a118bd15e6e34f.pt,02691156
airplane,airplane_3440.pt,dca7f88e151f196b8179909e06795c03.pt,02691156
airplane,airplane_3441.pt,dcb5bded8772135b4295343ee7255799.pt,02691156
airplane,airplane_3442.pt,dcbd333ef51b76862b600da24e0965.pt,02691156
airplane,airplane_3443.pt,dcca40aae3eb0c8757bef59252fb18b5.pt,02691156
airplane,airplane_3444.pt,dcded0031a71305c52d6957c59c3d213.pt,02691156
airplane,airplane_3445.pt,dd465efdee6a57e966cf1b4a8fc3914e.pt,02691156
airplane,airplane_3446.pt,dd48aa92170bdde04c3a35cee92bb95b.pt,02691156
airplane,airplane_3447.pt,dd4da4309c12d47bc2c2c81e2232aa95.pt,02691156
airplane,airplane_3448.pt,dd5310819d4f16d7b9fc567905a4b292.pt,02691156
airplane,airplane_3449.pt,dd65065e6e2d31d62e350437b1fc5163.pt,02691156
airplane,airplane_345.pt,23d5975dd63000eb4e901b3386f76d65.pt,02691156
airplane,airplane_3450.pt,dd949574a91719eb7ab25516d117381a.pt,02691156
airplane,airplane_3451.pt,dd9a7dd5e2ea3389938204d34a891739.pt,02691156
airplane,airplane_3452.pt,dd9c0622e873de43c752b66cc923fdb.pt,02691156
airplane,airplane_3453.pt,dd9e42969d34463aca8607f540cc62ba.pt,02691156
airplane,airplane_3454.pt,dd9ece07d4bc696c2bafe808edd44356.pt,02691156
airplane,airplane_3455.pt,ddb96cc263869979f446f92b52bbd82a.pt,02691156
airplane,airplane_3456.pt,ddb9b552868e8c61334736c27ce16882.pt,02691156
airplane,airplane_3457.pt,ddc14c7e0a228663796843908eee8f7d.pt,02691156
airplane,airplane_3458.pt,ddd06628f3bfd0b64e1dedff94c67c76.pt,02691156
airplane,airplane_3459.pt,ddd6c2a51c25036c8a43cd65b179a1ff.pt,02691156
airplane,airplane_346.pt,23e30666530887e69a6e43b878d5b335.pt,02691156
airplane,airplane_3460.pt,ddd729a8623bcb6e8699933784576e73.pt,02691156
airplane,airplane_3461.pt,ddec69970cbc4d29112a90660b187a10.pt,02691156
airplane,airplane_3462.pt,ddf0e3053cb1ca8f5e9e2656aff7dd5b.pt,02691156
airplane,airplane_3463.pt,ddf4aa5f68f89616bce962d6c4b37336.pt,02691156
airplane,airplane_3464.pt,ddfbeb997ef83cab884a857d19f7439f.pt,02691156
airplane,airplane_3465.pt,de001f9e2311dffb7209009cfb89d4bd.pt,02691156
airplane,airplane_3466.pt,de1a7b4e9911e48b48e8405d6c51a908.pt,02691156
airplane,airplane_3467.pt,de1e70fefcabfb6f79be89de816ea2e6.pt,02691156
airplane,airplane_3468.pt,de29a1335c332a5ef7bc9a344bb7bae5.pt,02691156
airplane,airplane_3469.pt,de3a0bb3f0ca87a5674fc9582804ad0a.pt,02691156
airplane,airplane_347.pt,23eed87ac79f1b152f9c405cf0817830.pt,02691156
airplane,airplane_3470.pt,de45798ef57fe2d131b4f9e586a6d334.pt,02691156
airplane,airplane_3471.pt,de519752147a225032387cdb9b2a84d5.pt,02691156
airplane,airplane_3472.pt,de543fb92592aa48236a74f773a58aa.pt,02691156
airplane,airplane_3473.pt,de5807cb73bcbbf18587e940b916a22f.pt,02691156
airplane,airplane_3474.pt,de5cade3966a1dad94946b454cd190d0.pt,02691156
airplane,airplane_3475.pt,de65da5cdc92b4aebc0909d98a1ff2b4.pt,02691156
airplane,airplane_3476.pt,de72864008c4db8bdeadc9ca0263db5a.pt,02691156
airplane,airplane_3477.pt,de776175878f17d1f4c1adce71073351.pt,02691156
airplane,airplane_3478.pt,de7cc3442b1775d46559a92f80e3672e.pt,02691156
airplane,airplane_3479.pt,de863b025e53c9a63554ccf8c30febe7.pt,02691156
airplane,airplane_348.pt,23f911351a5801aa46555ee25941a22e.pt,02691156
airplane,airplane_3480.pt,de9564aeaa585a6ccbc790a63192d2ab.pt,02691156
airplane,airplane_3481.pt,de9e093bb17848c3b2bd4a92202f8700.pt,02691156
airplane,airplane_3482.pt,dea43c46fdbe84511adbb4c4e06ad649.pt,02691156
airplane,airplane_3483.pt,deb196087108dfbdbe4df22b15a36e0b.pt,02691156
airplane,airplane_3484.pt,deb9d02cd1eda25270c4138179d9ed97.pt,02691156
airplane,airplane_3485.pt,debd942c5fcdc9c84c2c88971423d0be.pt,02691156
airplane,airplane_3486.pt,ded529516b4362c9f019a51d1a3b2e07.pt,02691156
airplane,airplane_3487.pt,deefcd290f7f2f1a79201593c1eb4b0.pt,02691156
airplane,airplane_3488.pt,df0b14faa90bd4dce68b9e5f5c3d0eca.pt,02691156
airplane,airplane_3489.pt,df1c68e94259c6cf5c7319b71bdce6e.pt,02691156
airplane,airplane_349.pt,23fb92d8cc0f8ac4def547874c3364e3.pt,02691156
airplane,airplane_3490.pt,df25be12ae47d2517ef7776b3bf5815c.pt,02691156
airplane,airplane_3491.pt,df411aa240fe48d5855eb7906a7a7a04.pt,02691156
airplane,airplane_3492.pt,df68b8fb9f4531b42e690fa6dfd5d610.pt,02691156
airplane,airplane_3493.pt,df6aae66a8c378ae9029a69fa5fc9ad.pt,02691156
airplane,airplane_3494.pt,df7313e87ef2905d37678474be485ca.pt,02691156
airplane,airplane_3495.pt,df8bb967a346ccc25e9e2656aff7dd5b.pt,02691156
airplane,airplane_3496.pt,df990580230f0254d21176457f0be3a.pt,02691156
airplane,airplane_3497.pt,df9d8ab5ab6f50ed4d4cb1c2a5e48b7a.pt,02691156
airplane,airplane_3498.pt,dfa310706fad49d873ec74c119307b9.pt,02691156
airplane,airplane_3499.pt,dfa36bffe436a98ee0534173b9189765.pt,02691156
airplane,airplane_35.pt,1272dd98c66f13579a6e43b878d5b335.pt,02691156
airplane,airplane_350.pt,240136d2ae7d2dec9fe69c7ccc27d2bf.pt,02691156
airplane,airplane_3500.pt,dfa5d6ed898152d34210bb5f1b1324bb.pt,02691156
airplane,airplane_3501.pt,dfdcc024d1043c73d5dc0e7cb9b4e7b6.pt,02691156
airplane,airplane_3502.pt,dfe65f8a20df11c5d1df55cbe0874aa.pt,02691156
airplane,airplane_3503.pt,dfed744828fceb4d28cd0e56fe42c08.pt,02691156
airplane,airplane_3504.pt,e0058b4948f87d3b87697d3904b168b.pt,02691156
airplane,airplane_3505.pt,e005d8b297850d483a99ba0078ef7bd1.pt,02691156
airplane,airplane_3506.pt,e00b89bc338348caa42c49797afd1f5c.pt,02691156
airplane,airplane_3507.pt,e00d7bd590ac129bbc0909d98a1ff2b4.pt,02691156
airplane,airplane_3508.pt,e02485f093835f45c1b64d86df61366a.pt,02691156
airplane,airplane_3509.pt,e025a1fc1bd71c2aacf77e718d93f3e1.pt,02691156
airplane,airplane_351.pt,2407711ff7759994101cacf58b339533.pt,02691156
airplane,airplane_3510.pt,e028fd73515465da5e9e2656aff7dd5b.pt,02691156
airplane,airplane_3511.pt,e033b6ad34586a86cc1c9e8218bfe7fc.pt,02691156
airplane,airplane_3512.pt,e037cb87e6cdcd76df39601c41fbe0ba.pt,02691156
airplane,airplane_3513.pt,e0385af10bddc6a0ca8607f540cc62ba.pt,02691156
airplane,airplane_3514.pt,e039c9760ca026cc6aa3bf023a2b42a5.pt,02691156
airplane,airplane_3515.pt,e06c2333068e9bd0755d33896264181d.pt,02691156
airplane,airplane_3516.pt,e06d3e6c1fb4b208cb7c15fd62c3982e.pt,02691156
airplane,airplane_3517.pt,e08402fb1e5953a2a93f0f952e72609.pt,02691156
airplane,airplane_3518.pt,e08574959d2cb7c8f6cabb305f7d6d18.pt,02691156
airplane,airplane_3519.pt,e090eb003856ed12ffbd931fcaa69140.pt,02691156
airplane,airplane_352.pt,240fd3c1fd804ec1b8cf782e8c539948.pt,02691156
airplane,airplane_3520.pt,e09c32b947e33f619ba010ddb4974fe.pt,02691156
airplane,airplane_3521.pt,e0a8ae255ed47518a847e990b54bf80c.pt,02691156
airplane,airplane_3522.pt,e0ad511aab31dfdb3e237dc81fd8be72.pt,02691156
airplane,airplane_3523.pt,e0aec5757f7a907d647cd52f13caf24b.pt,02691156
airplane,airplane_3524.pt,e0b5c450de6d7fe3d87c63d8b3018b58.pt,02691156
airplane,airplane_3525.pt,e0bb0ddf67462f4a8b686f76be476fe0.pt,02691156
airplane,airplane_3526.pt,e0cc4f538a8da2d65d3bbd70fc7759b7.pt,02691156
airplane,airplane_3527.pt,e0df54a0990000035dde10d3d9d6a06.pt,02691156
airplane,airplane_3528.pt,e0df97dfc068e3664bf88973bd147a26.pt,02691156
airplane,airplane_3529.pt,e0e0d713c8969b52ca8607f540cc62ba.pt,02691156
airplane,airplane_353.pt,241648add391b8d54d210d9468aedaf2.pt,02691156
airplane,airplane_3530.pt,e110c699f2ed6511b53a02c8ab03ad65.pt,02691156
airplane,airplane_3531.pt,e115f4f824e28246becc132ee053f2fa.pt,02691156
airplane,airplane_3532.pt,e1225308d6c26c862b600da24e0965.pt,02691156
airplane,airplane_3533.pt,e127b1f5ead603f9a5a118bd15e6e34f.pt,02691156
airplane,airplane_3534.pt,e1324a093b45645c5a5672eede2b271f.pt,02691156
airplane,airplane_3535.pt,e138a98d82f3aa692142bc26f72ae44c.pt,02691156
airplane,airplane_3536.pt,e15f4c98857b67e41e287f9f679ab620.pt,02691156
airplane,airplane_3537.pt,e160529ef50ae4dbb819cac660ba383c.pt,02691156
airplane,airplane_3538.pt,e161df613fc808b0d7ec54df5db5828c.pt,02691156
airplane,airplane_3539.pt,e16f9cc7dedcacdb9b0435532743fd43.pt,02691156
airplane,airplane_354.pt,2421f54274a5c237e8cef78f8179925b.pt,02691156
airplane,airplane_3540.pt,e17a696c47d4292393db03f6b4e68f17.pt,02691156
airplane,airplane_3541.pt,e18b6350437cfe0d727249e8d9a90100.pt,02691156
airplane,airplane_3542.pt,e1a8e2f93abfc7d590baeef8ba5b93e5.pt,02691156
airplane,airplane_3543.pt,e1be99a614c85c3e2016648502c798bf.pt,02691156
airplane,airplane_3544.pt,e1e5cfcabcbe26a03087f84b199fd297.pt,02691156
airplane,airplane_3545.pt,e1e7f3843b1fb876f5156bb441883fa.pt,02691156
airplane,airplane_3546.pt,e1fbbf2ea1989b49fb2ad20449a93a60.pt,02691156
airplane,airplane_3547.pt,e2116e0b34db656dfca1f1143bb6bc17.pt,02691156
airplane,airplane_3548.pt,e216667457193c729a6e43b878d5b335.pt,02691156
airplane,airplane_3549.pt,e218bb755f35da1bb4cdad9a5bf52dd5.pt,02691156
airplane,airplane_355.pt,2494cb5facfe7b1f85e0a2007a11e92f.pt,02691156
airplane,airplane_3550.pt,e2275ee8d6b175f2f446f92b52bbd82a.pt,02691156
airplane,airplane_3551.pt,e24be0487f6a3a92d4fd6e0556ecdd3d.pt,02691156
airplane,airplane_3552.pt,e25794343ee37d6fa8eeb11153b68d81.pt,02691156
airplane,airplane_3553.pt,e25e3dc95243a92c59bcb260e54d3785.pt,02691156
airplane,airplane_3554.pt,e2612c366bd11e305e9e2656aff7dd5b.pt,02691156
airplane,airplane_3555.pt,e27229a5f83b0ac96ece6611a5309fa2.pt,02691156
airplane,airplane_3556.pt,e283e3825d66a985b87697d3904b168b.pt,02691156
airplane,airplane_3557.pt,e28e5714139535e7a9b2becd26dc2fc1.pt,02691156
airplane,airplane_3558.pt,e2a6bed8b8920586c7a2c209f9742f15.pt,02691156
airplane,airplane_3559.pt,e2ddbf9e63bbf9cc4e99bd46be8e610a.pt,02691156
airplane,airplane_356.pt,2495267afeb60584c3a35cee92bb95b.pt,02691156
airplane,airplane_3560.pt,e2f91794c302f5c03221f63172285740.pt,02691156
airplane,airplane_3561.pt,e30e25fe047ce1ea10b08ceced9a0113.pt,02691156
airplane,airplane_3562.pt,e31da3ac74fa3c0c23db3adbb2f1dce.pt,02691156
airplane,airplane_3563.pt,e332fb3eb2c4016ec1f9d235878ff0a9.pt,02691156
airplane,airplane_3564.pt,e33fbcf5b616d6f9f44f89e40af48618.pt,02691156
airplane,airplane_3565.pt,e3473fc8fffca7d4d972c9dd75ed77d4.pt,02691156
airplane,airplane_3566.pt,e36ce61195489a56c8da6d3458daff84.pt,02691156
airplane,airplane_3567.pt,e380f6fa720e1c15560a4691498bd2fc.pt,02691156
airplane,airplane_3568.pt,e387c8d826cbbdd68a8dc9dc46f918a8.pt,02691156
airplane,airplane_3569.pt,e3aff5ae3e8f2a7c4c2c88971423d0be.pt,02691156
airplane,airplane_357.pt,24968851e483feb237678474be485ca.pt,02691156
airplane,airplane_3570.pt,e3b06cf8bea9a6a5c1006ed55bc1a3fc.pt,02691156
airplane,airplane_3571.pt,e3bdca8304aa6593c503a3776fc280fe.pt,02691156
airplane,airplane_3572.pt,e3c26c3920b93f36eb7fefaef8eada2b.pt,02691156
airplane,airplane_3573.pt,e3d197bfb47ec943c9d7d324d11034c9.pt,02691156
airplane,airplane_3574.pt,e3dd7fd80f9e53be6ec2a8147a044691.pt,02691156
airplane,airplane_3575.pt,e3de366a0cfb59ed38294c37c250d7cd.pt,02691156
airplane,airplane_3576.pt,e3e6cbc295806a47cf0420e0d05f48de.pt,02691156
airplane,airplane_3577.pt,e3f562bd552fbb14496e2f80fb255499.pt,02691156
airplane,airplane_3578.pt,e3f68fbd5d1629e238976998fb731b88.pt,02691156
airplane,airplane_3579.pt,e3fd510add7b1aa3c19eb6ab3736de88.pt,02691156
airplane,airplane_358.pt,24bbc1f5225969fb90b1d6deb98feec6.pt,02691156
airplane,airplane_3580.pt,e409d714620161c132fa725d7a62a02a.pt,02691156
airplane,airplane_3581.pt,e413c15ded9ba57a23fc69eefd95e6d3.pt,02691156
airplane,airplane_3582.pt,e416ba617d5388401b0d75a1d7e2d58.pt,02691156
airplane,airplane_3583.pt,e41bbd12896cdc724d210d9468aedaf2.pt,02691156
airplane,airplane_3584.pt,e41c5719ad09055f1b880c747ee1f83.pt,02691156
airplane,airplane_3585.pt,e4237061106f5df1dc82b8fee1057b30.pt,02691156
airplane,airplane_3586.pt,e42443669339a6c1a5a118bd15e6e34f.pt,02691156
airplane,airplane_3587.pt,e430f24c3125997339cb1b92881e8e76.pt,02691156
airplane,airplane_3588.pt,e431f79ac9f0266bca677733d59db4df.pt,02691156
airplane,airplane_3589.pt,e452189bb7bd6617ef7cbef6334698fc.pt,02691156
airplane,airplane_359.pt,24bdf389877fb7f21b1f694e36340ebb.pt,02691156
airplane,airplane_3590.pt,e45d71c7afb3cb1c67629418bd553f95.pt,02691156
airplane,airplane_3591.pt,e4665d76bf8fc441536d5be52cb9d26a.pt,02691156
airplane,airplane_3592.pt,e49d1e1d176ec1dfbc0909d98a1ff2b4.pt,02691156
airplane,airplane_3593.pt,e4ac77fdf28116232fa725d7a62a02a.pt,02691156
airplane,airplane_3594.pt,e4b0599a9d06f7ae39cb1b92881e8e76.pt,02691156
airplane,airplane_3595.pt,e4bdcd6baad501ab2a8b9d468136b0a1.pt,02691156
airplane,airplane_3596.pt,e4d902abdf9481558caa71b1fbf7fb98.pt,02691156
airplane,airplane_3597.pt,e4e1b542f8732ae1c6768d9a3f27965.pt,02691156
airplane,airplane_3598.pt,e4e98f8654d29536dc858dada15498d2.pt,02691156
airplane,airplane_3599.pt,e501a0327ab3731d0f859db45b95a2d.pt,02691156
airplane,airplane_36.pt,1280f994ba1f92d28699933784576e73.pt,02691156
airplane,airplane_360.pt,24c2cc372c63603137678474be485ca.pt,02691156
airplane,airplane_3600.pt,e50f001069380884b87697d3904b168b.pt,02691156
airplane,airplane_3601.pt,e511258df02edf1046ed10e8f7fe336e.pt,02691156
airplane,airplane_3602.pt,e51b620853f2cc0137678474be485ca.pt,02691156
airplane,airplane_3603.pt,e51bd7d434d1ee6622096c1bee7ddc7a.pt,02691156
airplane,airplane_3604.pt,e521828113e1e0c45e28caa3b26a73fd.pt,02691156
airplane,airplane_3605.pt,e523ba4e79a48d31bd46d022fd7d80aa.pt,02691156
airplane,airplane_3606.pt,e52f08852429e6117dc01d89d8a05b74.pt,02691156
airplane,airplane_3607.pt,e52f809111bb75692b5a1d128057b6a4.pt,02691156
airplane,airplane_3608.pt,e533a1a758a1752b187ea8c086d9f2c.pt,02691156
airplane,airplane_3609.pt,e53547a01129eef87eda1e12bd28fb7.pt,02691156
airplane,airplane_361.pt,24c499191b85dd55bf4fc6675b9d12fc.pt,02691156
airplane,airplane_3610.pt,e55224bb456066c618d508b491dafd46.pt,02691156
airplane,airplane_3611.pt,e557af9d5aa40f424d210d9468aedaf2.pt,02691156
airplane,airplane_3612.pt,e559a626d0ef8b4f982014dd9aabdeeb.pt,02691156
airplane,airplane_3613.pt,e5610bbacaf098508b96ae1a0a8b84ec.pt,02691156
airplane,airplane_3614.pt,e58010dd5766e0ce78f081615c34707c.pt,02691156
airplane,airplane_3615.pt,e594754cc2a264d63da2ae40e7681e7e.pt,02691156
airplane,airplane_3616.pt,e59c4f290d8585a862b600da24e0965.pt,02691156
airplane,airplane_3617.pt,e5a7a353d5fa8df844b2fa2cac0778f5.pt,02691156
airplane,airplane_3618.pt,e5abd988cb34ed9cdc82b8fee1057b30.pt,02691156
airplane,airplane_3619.pt,e5af05179ffeb8fcbd46d022fd7d80aa.pt,02691156
airplane,airplane_362.pt,24cc8816b384723510a7b8c5fa89c603.pt,02691156
airplane,airplane_3620.pt,e5bb559c00276ad354eba1f1b35fb0c1.pt,02691156
airplane,airplane_3621.pt,e5c6ba3e7d4f2fde40acb87a6be88b3.pt,02691156
airplane,airplane_3622.pt,e5c98b67c146cd61e816c75152573ee0.pt,02691156
airplane,airplane_3623.pt,e5f08a5e3dad6cdff810506e9ae2dcc2.pt,02691156
airplane,airplane_3624.pt,e5fe5ed2cdc8b11d62b600da24e0965.pt,02691156
airplane,airplane_3625.pt,e60b86c7a4015490e5a760ec65004efd.pt,02691156
airplane,airplane_3626.pt,e6236c5ec784a48111dcece1819895c0.pt,02691156
airplane,airplane_3627.pt,e6363b1d63f6aad3c1006ed55bc1a3fc.pt,02691156
airplane,airplane_3628.pt,e66692f2ec8ea898874f1daffc45b57c.pt,02691156
airplane,airplane_3629.pt,e66996d97d9f553939e75b12f2e5480.pt,02691156
airplane,airplane_363.pt,24d4c063f7a361bacbc6ff5546f4ec42.pt,02691156
airplane,airplane_3630.pt,e6908f525ab8e6823a562128d0cdc8f1.pt,02691156
airplane,airplane_3631.pt,e69631d34410f99ac4f72bf08dc79a6.pt,02691156
airplane,airplane_3632.pt,e6d6e9544e353f9f75e49fe23848bbe5.pt,02691156
airplane,airplane_3633.pt,e6e8f0e244efac73da2b0f839aba40f9.pt,02691156
airplane,airplane_3634.pt,e6ed2c677e158daa1059f490634fcf62.pt,02691156
airplane,airplane_3635.pt,e6f0811f15286120cedbd07f4cf21a81.pt,02691156
airplane,airplane_3636.pt,e70bd95ab764bc1b3465be15e1aa6a0c.pt,02691156
airplane,airplane_3637.pt,e712867dc4c1a4a6d016d0153a25a372.pt,02691156
airplane,airplane_3638.pt,e7158ecb09050b03873ec74c119307b9.pt,02691156
airplane,airplane_3639.pt,e726c8e6897130439a6e43b878d5b335.pt,02691156
airplane,airplane_364.pt,24db19ddb06fcd3f9a6e43b878d5b335.pt,02691156
airplane,airplane_3640.pt,e74b8862468d887c6d9b5a419d9131.pt,02691156
airplane,airplane_3641.pt,e75ce21b914ba565b4c6d1a32dc4f554.pt,02691156
airplane,airplane_3642.pt,e761cf88524cf8f24c3a35cee92bb95b.pt,02691156
airplane,airplane_3643.pt,e777a6a46ae240a7bd46d022fd7d80aa.pt,02691156
airplane,airplane_3644.pt,e79e9e1c8dae48888ee1ba57de3d34e0.pt,02691156
airplane,airplane_3645.pt,e7c1bb596e9a1ce9ca8607f540cc62ba.pt,02691156
airplane,airplane_3646.pt,e7c6e2f7c5fd372e8e9091d822257500.pt,02691156
airplane,airplane_3647.pt,e7e73007e0373933c4c280b3db0d6264.pt,02691156
airplane,airplane_3648.pt,e7fed0e0dbd871ce35ae6d8873b772f2.pt,02691156
airplane,airplane_3649.pt,e7ff46a15ae32ede7480441c35610069.pt,02691156
airplane,airplane_365.pt,24e79ed92be932e19bfb78d2af523ae.pt,02691156
airplane,airplane_3650.pt,e805054e6b9b3666fcfb100fed3ed97a.pt,02691156
airplane,airplane_3651.pt,e805624480f632ebcc14f1e6f4f4f49b.pt,02691156
airplane,airplane_3652.pt,e812f54386acd072d44f37c9e0fb10d0.pt,02691156
airplane,airplane_3653.pt,e814190f683946b798b4e13cd6d24c30.pt,02691156
airplane,airplane_3654.pt,e8289fd7e6ab0df4d37636af9c7bcc34.pt,02691156
airplane,airplane_3655.pt,e8409b544c626028a9b2becd26dc2fc1.pt,02691156
airplane,airplane_3656.pt,e841e17e3256acf38699933784576e73.pt,02691156
airplane,airplane_3657.pt,e85cd06b4a14d3ffbc0909d98a1ff2b4.pt,02691156
airplane,airplane_3658.pt,e86fd13a49f0ee0a62b600da24e0965.pt,02691156
airplane,airplane_3659.pt,e87902d01d40c71521b1ceea9c93aa79.pt,02691156
airplane,airplane_366.pt,24fbe7a49fd786c5fb5c1b0f759e2bc1.pt,02691156
airplane,airplane_3660.pt,e88a8692a22d548e1ec438f11f5ea1c3.pt,02691156
airplane,airplane_3661.pt,e88ce288726375ff87bf26680c510802.pt,02691156
airplane,airplane_3662.pt,e88e090caa1ccc5d187bd96066d7269e.pt,02691156
airplane,airplane_3663.pt,e899c19c87245ac94c3a35cee92bb95b.pt,02691156
airplane,airplane_3664.pt,e8b4bac72559c097e8f5e45871fbc77c.pt,02691156
airplane,airplane_3665.pt,e8bd07a978ac82baef40e4c1c2686cd3.pt,02691156
airplane,airplane_3666.pt,e8c1e738997275799de8e648621673e1.pt,02691156
airplane,airplane_3667.pt,e8ceb64406509714e5dcd47593c60221.pt,02691156
airplane,airplane_3668.pt,e8d5a3e98c222583d972c9dd75ed77d4.pt,02691156
airplane,airplane_3669.pt,e8de6c58f4a772d771d03b466c72ce41.pt,02691156
airplane,airplane_367.pt,2502fffc569075b152486b4487d562c1.pt,02691156
airplane,airplane_3670.pt,e8e1b765fdf5edfa14c19f41d007670e.pt,02691156
airplane,airplane_3671.pt,e8ed294534ba18df4a29fef5d2b2f3d7.pt,02691156
airplane,airplane_3672.pt,e93a2143cbec37a173fac4529123dfb2.pt,02691156
airplane,airplane_3673.pt,e94ad5f8e53a255a8fc2d09ac4aa4e78.pt,02691156
airplane,airplane_3674.pt,e954dc13308e6756308fc4195afc19d3.pt,02691156
airplane,airplane_3675.pt,e96cd99f545a4d22b0a339fc52929deb.pt,02691156
airplane,airplane_3676.pt,e9704a563a5a0a3f5a4b8d382b9decda.pt,02691156
airplane,airplane_3677.pt,e9b29777e840e1fb63737f7c5d9fc39b.pt,02691156
airplane,airplane_3678.pt,e9bae38bc2083d0bb4d73e4449062b04.pt,02691156
airplane,airplane_3679.pt,e9bbeedf2681b8ad154c6bbaeb7d331f.pt,02691156
airplane,airplane_368.pt,251313501093a024599faef54fd54e83.pt,02691156
airplane,airplane_3680.pt,e9c78deefc2950be62b600da24e0965.pt,02691156
airplane,airplane_3681.pt,e9dcdcd8963ba18f42bc0eea174f82b.pt,02691156
airplane,airplane_3682.pt,e9ddadf335adac52e025e00c738da634.pt,02691156
airplane,airplane_3683.pt,e9df546c1e54af0733d72ae4e2c33411.pt,02691156
airplane,airplane_3684.pt,e9f39176973edd33a8cba409c4409ba9.pt,02691156
airplane,airplane_3685.pt,ea06bef342fbfd4236f3a2343a8221f2.pt,02691156
airplane,airplane_3686.pt,ea1aa637a6cbe7b4fce29e20147f9d9e.pt,02691156
airplane,airplane_3687.pt,ea29b3af190b00367d3b11085e75c7ad.pt,02691156
airplane,airplane_3688.pt,ea527508bb74f476f64801ad2940cdd5.pt,02691156
airplane,airplane_3689.pt,ea58a51483e3604897dec65c2238cb8a.pt,02691156
airplane,airplane_369.pt,253a1aead30731904c3a35cee92bb95b.pt,02691156
airplane,airplane_3690.pt,ea6ccb2dfb61484caaa29616be3e223b.pt,02691156
airplane,airplane_3691.pt,ea9eece7f2c45a2a82e4c37374fbdce.pt,02691156
airplane,airplane_3692.pt,eaa0d465e9d0c16acfbf0f1430c86945.pt,02691156
airplane,airplane_3693.pt,eac05be6e7f3bfa99a6e43b878d5b335.pt,02691156
airplane,airplane_3694.pt,eac2573ef637a0dbf31cac033b2c0831.pt,02691156
airplane,airplane_3695.pt,eaccb2ca303223afc503a3776fc280fe.pt,02691156
airplane,airplane_3696.pt,eae54f8d47cf07c0aeec93871310e650.pt,02691156
airplane,airplane_3697.pt,eae845d4a7945ecaf2e466e56cb8c63f.pt,02691156
airplane,airplane_3698.pt,eae958f99bad7dcb18b14db3b83de9ff.pt,02691156
airplane,airplane_3699.pt,eb110db9bdd0463e5b7003ff580606fa.pt,02691156
airplane,airplane_37.pt,1284eb71b82f6794207f77cc6c79e3d5.pt,02691156
airplane,airplane_370.pt,256626ea73837e032625b83fa7422e2b.pt,02691156
airplane,airplane_3700.pt,eb2ac022b65f827e5e0925f0d15a8f74.pt,02691156
airplane,airplane_3701.pt,eb2fbd46563e23635fc197bbabcd5bd.pt,02691156
airplane,airplane_3702.pt,eb4396ab17012b3c9a6e43b878d5b335.pt,02691156
airplane,airplane_3703.pt,eb43db95d804f40d66cf1b4a8fc3914e.pt,02691156
airplane,airplane_3704.pt,eb5baf7bb88c1499873ec74c119307b9.pt,02691156
airplane,airplane_3705.pt,eb60d49fd5cdb809e6a2524c335c48f9.pt,02691156
airplane,airplane_3706.pt,eb658ff31f0becea1d0f8853f6d023e3.pt,02691156
airplane,airplane_3707.pt,eb7bf553e500b9b544bf3710e93f8cf7.pt,02691156
airplane,airplane_3708.pt,eb85e7d86e2ef861e7cb9c477e2b7be.pt,02691156
airplane,airplane_3709.pt,eb8fe6d82d195ab5bc8feea465aa74f2.pt,02691156
airplane,airplane_371.pt,25668f59015af0de56a7f2952cdf4b81.pt,02691156
airplane,airplane_3710.pt,ebb5a048015c13cd35fc197bbabcd5bd.pt,02691156
airplane,airplane_3711.pt,ebd96d07a7d68cf2fc7b6f7beb3a27ff.pt,02691156
airplane,airplane_3712.pt,ebd991666f177f8f575bf8a4b14be4f4.pt,02691156
airplane,airplane_3713.pt,ebda573deda43034f2b0736dd4d8afe0.pt,02691156
airplane,airplane_3714.pt,ebe0d0bfa6ec36edd88eab18f1be033b.pt,02691156
airplane,airplane_3715.pt,ebedcd06f1770cd4bbf3143b1cb6076a.pt,02691156
airplane,airplane_3716.pt,ebf8011ea1f4b4190b1d6deb98feec6.pt,02691156
airplane,airplane_3717.pt,ec03d76cbd50314f5c7319b71bdce6e.pt,02691156
airplane,airplane_3718.pt,ec2ceb5d65007bacfbb51ecfb25331aa.pt,02691156
airplane,airplane_3719.pt,ec4a2a47f601397ea01e5c9f53f20fd4.pt,02691156
airplane,airplane_372.pt,257d7b5ccd3b5c7f7c5c969e221ece01.pt,02691156
airplane,airplane_3720.pt,ec4cd947eb2ee3103554ccf8c30febe7.pt,02691156
airplane,airplane_3721.pt,ec4f0bfd77978a1cca8607f540cc62ba.pt,02691156
airplane,airplane_3722.pt,ec531add757ad0fa9a51282fb89c35c1.pt,02691156
airplane,airplane_3723.pt,ec879d7360572a5db65bd29086fc2a67.pt,02691156
airplane,airplane_3724.pt,ec8ba88cdead53f336dafa9b6763ef3f.pt,02691156
airplane,airplane_3725.pt,ec9bfc810a015c3a446cb1ee5d43f75f.pt,02691156
airplane,airplane_3726.pt,ecb0d8d1c592bcc11bee3078a673c2ae.pt,02691156
airplane,airplane_3727.pt,ecb4ae05d7dd135a619550d2af0b6117.pt,02691156
airplane,airplane_3728.pt,ecbb6df185a7b260760d31bf9510e4b7.pt,02691156
airplane,airplane_3729.pt,ecc50d702133b1531e9da99095f71c63.pt,02691156
airplane,airplane_373.pt,25805c9f5b2812b6b7bd17e458d0dcb.pt,02691156
airplane,airplane_3730.pt,ecd19c1f74064962c6603e997b54421a.pt,02691156
airplane,airplane_3731.pt,ecd761d36abc0fb5250e498b1554a6f.pt,02691156
airplane,airplane_3732.pt,ece25d89898c7d9090b1d6deb98feec6.pt,02691156
airplane,airplane_3733.pt,ed0a9a32a8e35f21ca8607f540cc62ba.pt,02691156
airplane,airplane_3734.pt,ed1a5c9fac829d17a6766282ea8c438f.pt,02691156
airplane,airplane_3735.pt,ed1d51ac367d0fa5f830b2dc9bf63133.pt,02691156
airplane,airplane_3736.pt,ed2aaca045fb1714cd4229f38ad0d015.pt,02691156
airplane,airplane_3737.pt,ed35478403ae873943cf31d2bcc8f4.pt,02691156
airplane,airplane_3738.pt,ed4aab2d41d62b49895ae53d16ed9e39.pt,02691156
airplane,airplane_3739.pt,ed4aaf81dc577bedac4f72bf08dc79a6.pt,02691156
airplane,airplane_374.pt,25864172dcde70c6ace5721ccacba16.pt,02691156
airplane,airplane_3740.pt,ed50758d8792491314777db9411e4949.pt,02691156
airplane,airplane_3741.pt,ed57671fc0252e15b95e9a91dc6bad16.pt,02691156
airplane,airplane_3742.pt,ed709305e61acf6a9b017c80f62649a0.pt,02691156
airplane,airplane_3743.pt,ed738ba28cd73714bb0f4bdf8821663a.pt,02691156
airplane,airplane_3744.pt,ed73e946a138f3cfbc0909d98a1ff2b4.pt,02691156
airplane,airplane_3745.pt,ed7e1a38fe33830b87697d3904b168b.pt,02691156
airplane,airplane_3746.pt,ed7eb0caa75661addc82b8fee1057b30.pt,02691156
airplane,airplane_3747.pt,ed95d9219432bbdbbf3143b1cb6076a.pt,02691156
airplane,airplane_3748.pt,edb916c2cdc2d3b9ce2cec85ea6ae00d.pt,02691156
airplane,airplane_3749.pt,edc185566c1df89c35fc197bbabcd5bd.pt,02691156
airplane,airplane_375.pt,2590dff7d8f19797bd46d022fd7d80aa.pt,02691156
airplane,airplane_3750.pt,edc9fefa5fb82a0443a0c73d98327de8.pt,02691156
airplane,airplane_3751.pt,edd9583988b62c90328f15e6c60d0e90.pt,02691156
airplane,airplane_3752.pt,edd9f45c7c927032db5e5b1ef1010d8b.pt,02691156
airplane,airplane_3753.pt,ede14aa589c68280216b327569dd806e.pt,02691156
airplane,airplane_3754.pt,ee0105d05a5007ab827afb33b6d5eec6.pt,02691156
airplane,airplane_3755.pt,ee30cf94a209a45b91d43bb96e1bb0b1.pt,02691156
airplane,airplane_3756.pt,ee461612837ce39eedd03f781ec3ebcf.pt,02691156
airplane,airplane_3757.pt,ee562cc82d73ab212135f3a0e614f115.pt,02691156
airplane,airplane_3758.pt,ee672fc1455b9fc43523242fdf9b75a7.pt,02691156
airplane,airplane_3759.pt,ee92bc35ee989f59271b3fb2659dec56.pt,02691156
airplane,airplane_376.pt,2599e47b04ea7a32d872dc56d048665c.pt,02691156
airplane,airplane_3760.pt,eed299b690be51ffbd931fcaa69140.pt,02691156
airplane,airplane_3761.pt,eee96e21bf51ee6ce719b5362fe06bbb.pt,02691156
airplane,airplane_3762.pt,eeeb30213be73bd14c3a35cee92bb95b.pt,02691156
airplane,airplane_3763.pt,eefb4a1fcc2ca4d8894e22af7ae821f8.pt,02691156
airplane,airplane_3764.pt,ef0d51f895cee0e04485f82d9fa383bf.pt,02691156
airplane,airplane_3765.pt,ef20d432f2a7b1752c164e0c5ea74611.pt,02691156
airplane,airplane_3766.pt,ef26ad836cd29010f2acf00738ce9d0d.pt,02691156
airplane,airplane_3767.pt,ef6db5bcb6bb96ddd2f0cc036969ee4f.pt,02691156
airplane,airplane_3768.pt,efbb9337b9bd3cab56ed1d365b05390d.pt,02691156
airplane,airplane_3769.pt,efbf3d4c8877e7dc7ce8c809505eca2f.pt,02691156
airplane,airplane_377.pt,25a057e935aeb4b6842007370970c479.pt,02691156
airplane,airplane_3770.pt,efc2f4eb92871bb2b7a641946dd77b16.pt,02691156
airplane,airplane_3771.pt,efc7d4fb87937413dc13452e3008005b.pt,02691156
airplane,airplane_3772.pt,efc9cda06afcd8c2354ab1decf4fe605.pt,02691156
airplane,airplane_3773.pt,eff5216d782684aa3c7aa3e4b8926c27.pt,02691156
airplane,airplane_3774.pt,effbe2683574dca2b37a6cf3f07b9ff4.pt,02691156
airplane,airplane_3775.pt,f0065f4f9e20d604521546825315c695.pt,02691156
airplane,airplane_3776.pt,f009f3112625ee00b8cf782e8c539948.pt,02691156
airplane,airplane_3777.pt,f0137228f926dd464f8327dbe71ce85c.pt,02691156
airplane,airplane_3778.pt,f016679500a76fbd8badc4a9f1acc937.pt,02691156
airplane,airplane_3779.pt,f04b62deb7737c86d37636af9c7bcc34.pt,02691156
airplane,airplane_378.pt,25ae9c70ded5640ac2a9d7232db0ed61.pt,02691156
airplane,airplane_3780.pt,f04fbc2423b13da170832200321e72bc.pt,02691156
airplane,airplane_3781.pt,f067fb1b12badf2b732bda87f2718525.pt,02691156
airplane,airplane_3782.pt,f07028f2080aaf4e75b90b083ed202b.pt,02691156
airplane,airplane_3783.pt,f087be2dec869154acb63dc32be3cb01.pt,02691156
airplane,airplane_3784.pt,f0b22be59432dc8bca8607f540cc62ba.pt,02691156
airplane,airplane_3785.pt,f0bd0660d9cec23cf2b0736dd4d8afe0.pt,02691156
airplane,airplane_3786.pt,f0d6c53d21ae5b5cd0c57f18e8d8830d.pt,02691156
airplane,airplane_3787.pt,f0e7808ee55510be1a7dd57f67482196.pt,02691156
airplane,airplane_3788.pt,f0fb27f3a597838feb1a0518c224975f.pt,02691156
airplane,airplane_3789.pt,f110a2ce31dee1b3c16ef5c633c71b56.pt,02691156
airplane,airplane_379.pt,25bd1569261bc545e8323edc0fe816a8.pt,02691156
airplane,airplane_3790.pt,f1111840bde23096ee2723567c7709e6.pt,02691156
airplane,airplane_3791.pt,f11d14402a759a1465f50257ecdfa5c7.pt,02691156
airplane,airplane_3792.pt,f1210d8f895e40b663c15773e7567372.pt,02691156
airplane,airplane_3793.pt,f1295a30fd857249224c86fc0bbbbedc.pt,02691156
airplane,airplane_3794.pt,f12b45a38f012a78ac4f72bf08dc79a6.pt,02691156
airplane,airplane_3795.pt,f12eefbbefabe566ca8607f540cc62ba.pt,02691156
airplane,airplane_3796.pt,f134306ace70df3ac1006ed55bc1a3fc.pt,02691156
airplane,airplane_3797.pt,f13827d156628467b4cdad9a5bf52dd5.pt,02691156
airplane,airplane_3798.pt,f1384d3fd2d59e63f4d6518603e8629.pt,02691156
airplane,airplane_3799.pt,f144e93fe2a11c1f4c3a35cee92bb95b.pt,02691156
airplane,airplane_38.pt,1286826ff37699a1a0d713eb26379316.pt,02691156
airplane,airplane_380.pt,25f08a106a0eb00eca8607f540cc62ba.pt,02691156
airplane,airplane_3800.pt,f16381a160f20bc4a3b534252984039.pt,02691156
airplane,airplane_3801.pt,f186d2998485c6ed5e9e2656aff7dd5b.pt,02691156
airplane,airplane_3802.pt,f1a4a370f9e50890686c25eb09ee7de5.pt,02691156
airplane,airplane_3803.pt,f1a917846d46b61f71d03b466c72ce41.pt,02691156
airplane,airplane_3804.pt,f1b3408a3ba452d0c1ccec171a275967.pt,02691156
airplane,airplane_3805.pt,f1b407dd7f610bb1a266a0298675ed53.pt,02691156
airplane,airplane_3806.pt,f1b9ff223b5a13719a6e43b878d5b335.pt,02691156
airplane,airplane_3807.pt,f1df46c588524ee76aa3bf023a2b42a5.pt,02691156
airplane,airplane_3808.pt,f1ef7546cc85a1815823df672991ed66.pt,02691156
airplane,airplane_3809.pt,f1f12c4408b0b4ee445d150719ce97db.pt,02691156
airplane,airplane_381.pt,260288918550573dc9eda6e157b92d90.pt,02691156
airplane,airplane_3810.pt,f214cf57d5d5634960e1e93111ad3e76.pt,02691156
airplane,airplane_3811.pt,f2171bb2d715140c8b96ae1a0a8b84ec.pt,02691156
airplane,airplane_3812.pt,f21a375ca5fd26994fb6540b6bb872e9.pt,02691156
airplane,airplane_3813.pt,f222d51d7c6fedc2db73445864b72015.pt,02691156
airplane,airplane_3814.pt,f24daae76836e249f0878b58b4e887bf.pt,02691156
airplane,airplane_3815.pt,f258c40371334a4e90b1d6deb98feec6.pt,02691156
airplane,airplane_3816.pt,f25da5eca572f01bd8d90babf3c5509a.pt,02691156
airplane,airplane_3817.pt,f25ffb9cf92236fb9671f5163e7f6535.pt,02691156
airplane,airplane_3818.pt,f26ea1a00455f44fb88e2a19106395c2.pt,02691156
airplane,airplane_3819.pt,f277fd1032f615ec2268dda5c324173f.pt,02691156
airplane,airplane_382.pt,260305219d81f745623cba1f26a8e885.pt,02691156
airplane,airplane_3820.pt,f27927b066b0696d1f95d2b537942ba5.pt,02691156
airplane,airplane_3821.pt,f2975fde05d9d63eeea0c0561850e04e.pt,02691156
airplane,airplane_3822.pt,f2d4b8440d4bde5330afbcb38d77d0c3.pt,02691156
airplane,airplane_3823.pt,f2f6684e930651df3dffb45955223d25.pt,02691156
airplane,airplane_3824.pt,f2f779b4f12ea6d67209009cfb89d4bd.pt,02691156
airplane,airplane_3825.pt,f2fda88e9688fd81d972c9dd75ed77d4.pt,02691156
airplane,airplane_3826.pt,f31be358cb57dffffe198fc7b510f52f.pt,02691156
airplane,airplane_3827.pt,f337580024e8c36da5cec7cc83604181.pt,02691156
airplane,airplane_3828.pt,f3463eac7325b600d01b5600c06c528d.pt,02691156
airplane,airplane_3829.pt,f34a66147493f0633d5158710d6fb8.pt,02691156
airplane,airplane_383.pt,26048b00f9227a9f8699933784576e73.pt,02691156
airplane,airplane_3830.pt,f350f4836dcd13541b1cc145b0144991.pt,02691156
airplane,airplane_3831.pt,f3660119189d3eca4c3a35cee92bb95b.pt,02691156
airplane,airplane_3832.pt,f36ac9cdcf15ac8497492c4542407e32.pt,02691156
airplane,airplane_3833.pt,f390b1b28b6dda03dc57b3e43c28d486.pt,02691156
airplane,airplane_3834.pt,f39985959d394f8c863ab010b80d9ed.pt,02691156
airplane,airplane_3835.pt,f39e0412290bcc714917e69390d054d0.pt,02691156
airplane,airplane_3836.pt,f3cbfb52ea1c907a850e00840470903a.pt,02691156
airplane,airplane_3837.pt,f3cc7d5c4089b842df6e254b0245ddcb.pt,02691156
airplane,airplane_3838.pt,f3e2df468c15795872517bb0a6b4d3ef.pt,02691156
airplane,airplane_3839.pt,f3f3805b0f1c81e6f1218670339368db.pt,02691156
airplane,airplane_384.pt,261093138afff514d8d7812d176664b2.pt,02691156
airplane,airplane_3840.pt,f40467cbad9ca466eb7d375d58cb985e.pt,02691156
airplane,airplane_3841.pt,f405858991b190173af8c56bd4352c9.pt,02691156
airplane,airplane_3842.pt,f40fe7461dc4e3396b7bd17e458d0dcb.pt,02691156
airplane,airplane_3843.pt,f4453381943f6039eba96cf317eae721.pt,02691156
airplane,airplane_3844.pt,f44c0e1e55a3469494f3355d9c061b5a.pt,02691156
airplane,airplane_3845.pt,f46df635ac669a9818b14db3b83de9ff.pt,02691156
airplane,airplane_3846.pt,f47c5c54c4e49f62e0a768dae1badf69.pt,02691156
airplane,airplane_3847.pt,f4818cd7c0701fbe752556d244bfb42b.pt,02691156
airplane,airplane_3848.pt,f485dcbd466f217286774cad40dd456a.pt,02691156
airplane,airplane_3849.pt,f4a5b28233523a4e588ed1d0f708d42f.pt,02691156
airplane,airplane_385.pt,26210ec84a9c1c6eb1bb46d2556ba67d.pt,02691156
airplane,airplane_3850.pt,f4b734236ec678d269e10d525d6df27.pt,02691156
airplane,airplane_3851.pt,f50eba69a3be1a1e536cfc00d8c31ac5.pt,02691156
airplane,airplane_3852.pt,f533dc37778c6f004c949161e83c47b5.pt,02691156
airplane,airplane_3853.pt,f5403d3ffcc6bb17adce4f2283adbdbd.pt,02691156
airplane,airplane_3854.pt,f55390ed02c0b2b36aa3bf023a2b42a5.pt,02691156
airplane,airplane_3855.pt,f562ff06e51e573e42979ff355194f16.pt,02691156
airplane,airplane_3856.pt,f56cde19efc8d428b03f97f6dc2a21fd.pt,02691156
airplane,airplane_3857.pt,f57c74e194cd2b2bc8727b27ee96a4b7.pt,02691156
airplane,airplane_3858.pt,f57caba2eed21f2998459325335edae9.pt,02691156
airplane,airplane_3859.pt,f58a26c915e7a1dceae7a0fa074b4a2a.pt,02691156
airplane,airplane_386.pt,26237deeb192f83d3ada73811bb576de.pt,02691156
airplane,airplane_3860.pt,f58b4ed02fc2fd1d4e7648015fd29a1c.pt,02691156
airplane,airplane_3861.pt,f592e88114a240cc61a8d3163a0a75a7.pt,02691156
airplane,airplane_3862.pt,f59470cae839ba0e9b2acbfd8323f804.pt,02691156
airplane,airplane_3863.pt,f59a2be8fd084418bbf3143b1cb6076a.pt,02691156
airplane,airplane_3864.pt,f5a667f5796b9a0b9a6e43b878d5b335.pt,02691156
airplane,airplane_3865.pt,f5a8cae96024e709c1ccec171a275967.pt,02691156
airplane,airplane_3866.pt,f5bb02c0df184488e0b6c670e0e97766.pt,02691156
airplane,airplane_3867.pt,f5cc091bacb338c6951971f8370d9050.pt,02691156
airplane,airplane_3868.pt,f5e271c3cb2edc1681209be1a5e8b10d.pt,02691156
airplane,airplane_3869.pt,f613ace665da5e3e8b96ae1a0a8b84ec.pt,02691156
airplane,airplane_387.pt,262795bc8a994b11ba0d990ae229b477.pt,02691156
airplane,airplane_3870.pt,f62ad267cdd1a00a34b1f3550986bd42.pt,02691156
airplane,airplane_3871.pt,f6373cc88634e8ddaf781741e31f0df4.pt,02691156
airplane,airplane_3872.pt,f66bf1a9b6d2d109a34fb3db6a11a22d.pt,02691156
airplane,airplane_3873.pt,f680ee392bad2dca29348d14ca881f7d.pt,02691156
airplane,airplane_3874.pt,f691f2409e006d33f412783097373bdc.pt,02691156
airplane,airplane_3875.pt,f6a09cbb6d08feeec9d7d324d11034c9.pt,02691156
airplane,airplane_3876.pt,f6b7f7695d091b9bc0909d98a1ff2b4.pt,02691156
airplane,airplane_3877.pt,f6b96f56212f55363023a5c0cae3fffe.pt,02691156
airplane,airplane_3878.pt,f6e6bab105ab890080be894a49cc4571.pt,02691156
airplane,airplane_3879.pt,f6e6fd724a9eab24ba8e93696257b3fc.pt,02691156
airplane,airplane_388.pt,2628b6cfcf1a53465569af4484881d20.pt,02691156
airplane,airplane_3880.pt,f6ea6663b48bf78261f1ef59130c405d.pt,02691156
airplane,airplane_3881.pt,f6ec20afe98e37ef6e2a24768a2fccc.pt,02691156
airplane,airplane_3882.pt,f6f2905883c49d179e0d0faf84afc607.pt,02691156
airplane,airplane_3883.pt,f6f5efa1554038ce2154ead1f7ab03aa.pt,02691156
airplane,airplane_3884.pt,f70e5f2568e927147d755f57c8fea340.pt,02691156
airplane,airplane_3885.pt,f71028dac9b396fe80288501d9901d7b.pt,02691156
airplane,airplane_3886.pt,f7110ecac70994a83820d8f180caa23a.pt,02691156
airplane,airplane_3887.pt,f7160900b6ce7bc4e63e266a803d9270.pt,02691156
airplane,airplane_3888.pt,f7298a13f6d1644472a4466eb772f128.pt,02691156
airplane,airplane_3889.pt,f73a8fa9c2859211f2b0736dd4d8afe0.pt,02691156
airplane,airplane_389.pt,2636cc55f0bee49671d03b466c72ce41.pt,02691156
airplane,airplane_3890.pt,f74cbd91e6fb40dfce5965228d7e8c9f.pt,02691156
airplane,airplane_3891.pt,f771c5a1b9bbac21f4fb6842b3610149.pt,02691156
airplane,airplane_3892.pt,f7739764eb1c78a053f370d353cea84.pt,02691156
airplane,airplane_3893.pt,f79fce6480d9276facf77e718d93f3e1.pt,02691156
airplane,airplane_3894.pt,f7bf32d3aecd197360c9b6e4c75a092a.pt,02691156
airplane,airplane_3895.pt,f7c11b5e07e9ccab3a116bc3efac4e3b.pt,02691156
airplane,airplane_3896.pt,f7c2edc1beeedd006e68e46a69a2d96d.pt,02691156
airplane,airplane_3897.pt,f7f69ecc4ff199ec5e9e2656aff7dd5b.pt,02691156
airplane,airplane_3898.pt,f7f915160c0e1f6f42bc0eea174f82b.pt,02691156
airplane,airplane_3899.pt,f80343ac3064e74862347b4731688b0f.pt,02691156
airplane,airplane_39.pt,12877bdca58ccbea402991f646f01d6c.pt,02691156
airplane,airplane_390.pt,265e6c77443c74bd8043fd2260891a82.pt,02691156
airplane,airplane_3900.pt,f8038d33c212f81fe99ea3c41458bc01.pt,02691156
airplane,airplane_3901.pt,f858fdc6841407e6d4bf37afb4832e7b.pt,02691156
airplane,airplane_3902.pt,f8647af0b1ad01445de04aad18bd94c3.pt,02691156
airplane,airplane_3903.pt,f88906b677e97695f4126163bc622a34.pt,02691156
airplane,airplane_3904.pt,f88be1c8e93fbfecba0d990ae229b477.pt,02691156
airplane,airplane_3905.pt,f894972de285088da0896c4491cb3db6.pt,02691156
airplane,airplane_3906.pt,f89b085c37779a5997517c313146c4ab.pt,02691156
airplane,airplane_3907.pt,f8bc6483dd3c87085df50a69f2f8e096.pt,02691156
airplane,airplane_3908.pt,f8ceed6c984895079a6e43b878d5b335.pt,02691156
airplane,airplane_3909.pt,f8d7d8331fe29f247209009cfb89d4bd.pt,02691156
airplane,airplane_391.pt,265f5348ab2320b2148672750a1a335.pt,02691156
airplane,airplane_3910.pt,f8d8b590a0dcd399718ac2a6ddb54499.pt,02691156
airplane,airplane_3911.pt,f8f4cccabf7ac33b199dff268d0aba38.pt,02691156
airplane,airplane_3912.pt,f8fa93d7b17fe6126bded4fd00661977.pt,02691156
airplane,airplane_3913.pt,f8fb835bdc55ffffdc82b8fee1057b30.pt,02691156
airplane,airplane_3914.pt,f9209166fc259d8885e96081cfe0563b.pt,02691156
airplane,airplane_3915.pt,f944c570191885e8ca8607f540cc62ba.pt,02691156
airplane,airplane_3916.pt,f9505b01e3ea959cf9700e397b8b4e4d.pt,02691156
airplane,airplane_3917.pt,f9589c9b900fd33ef23c3116d040903f.pt,02691156
airplane,airplane_3918.pt,f95d8e86feb79b17cbebff57eecf0a64.pt,02691156
airplane,airplane_3919.pt,f963bac7f45473cdb33bc7516e53285e.pt,02691156
airplane,airplane_392.pt,266ba93989037e6d48e8405d6c51a908.pt,02691156
airplane,airplane_3920.pt,f96426f2392abb1d8d58389384d9812e.pt,02691156
airplane,airplane_3921.pt,f97a48680d63a78a9751e413d5325f7d.pt,02691156
airplane,airplane_3922.pt,f97fa7329969bcd0ebf1d9fd44798b9b.pt,02691156
airplane,airplane_3923.pt,f986604528abe35554eefcdc602d4520.pt,02691156
airplane,airplane_3924.pt,f98964dc88c44a2c863ab010b80d9ed.pt,02691156
airplane,airplane_3925.pt,f998bb1b62da4d06d3a1a47fb9b678.pt,02691156
airplane,airplane_3926.pt,f9a8c5ae39362284d538ebc793e748b2.pt,02691156
airplane,airplane_3927.pt,f9c93ddc9b921d88a72ae0d8b7f98590.pt,02691156
airplane,airplane_3928.pt,f9cd8293c30f1aaab87697d3904b168b.pt,02691156
airplane,airplane_3929.pt,f9d30b24d9651ee476c772fd813166d.pt,02691156
airplane,airplane_393.pt,2677c3793143e75766cf1b4a8fc3914e.pt,02691156
airplane,airplane_3930.pt,f9db62e6a88f0d7129343faf3bbffb15.pt,02691156
airplane,airplane_3931.pt,f9e80ce23d9536623fddedb0bf24c68a.pt,02691156
airplane,airplane_3932.pt,f9f4daf3015b5ece5e9e2656aff7dd5b.pt,02691156
airplane,airplane_3933.pt,f9fb41a3b1f59bb027745e9b6b461e93.pt,02691156
airplane,airplane_3934.pt,f9fc7fc23e62986fef6c510e24348d3b.pt,02691156
airplane,airplane_3935.pt,fa27e66018f82cf6e549ab640f51dca9.pt,02691156
airplane,airplane_3936.pt,fa4e8f24d7f0ae1cc1ccec171a275967.pt,02691156
airplane,airplane_3937.pt,fa5c740ca9192b708e8131a047a07ce1.pt,02691156
airplane,airplane_3938.pt,fa7cf8d11d1340ff9a6e43b878d5b335.pt,02691156
airplane,airplane_3939.pt,fa9d933674352c3711a50c43722a30cb.pt,02691156
airplane,airplane_394.pt,26830050c44b5a8f9cf081e9d8a0b57f.pt,02691156
airplane,airplane_3940.pt,faa361f642620bb72def37e9c0b35d0e.pt,02691156
airplane,airplane_3941.pt,fabe8fdc617e3aca2bd098b9203af.pt,02691156
airplane,airplane_3942.pt,fac4af109beb0108b4f192eea1889928.pt,02691156
airplane,airplane_3943.pt,fac9c4f0d5f239e4f2b0736dd4d8afe0.pt,02691156
airplane,airplane_3944.pt,fad346b02d91348bbbf3143b1cb6076a.pt,02691156
airplane,airplane_3945.pt,fae6ae6ef62cfa107b164268a44f7712.pt,02691156
airplane,airplane_3946.pt,fb01b45a0659af80c1006ed55bc1a3fc.pt,02691156
airplane,airplane_3947.pt,fb01f6b428d094ad3ec83bd6bef75c92.pt,02691156
airplane,airplane_3948.pt,fb06b00775efdc8e21b85e5214b0d6a7.pt,02691156
airplane,airplane_3949.pt,fb0f2907b977e7cb67c5e3041553656b.pt,02691156
airplane,airplane_395.pt,26950e05ed379413bbf3143b1cb6076a.pt,02691156
airplane,airplane_3950.pt,fb110c5d01f1b3fc59dcf12563d8fce3.pt,02691156
airplane,airplane_3951.pt,fb2204e98090448ebbf3143b1cb6076a.pt,02691156
airplane,airplane_3952.pt,fb2e4eb19ba19bde5fe6cff21a9e8496.pt,02691156
airplane,airplane_3953.pt,fb402a36e91ab1b44e7761521d3c6953.pt,02691156
airplane,airplane_3954.pt,fb48754430b17846e3375a6b96a1d765.pt,02691156
airplane,airplane_3955.pt,fb5e00c769fa06e7c277130bc8102991.pt,02691156
airplane,airplane_3956.pt,fb62efc64c58d1e5e0d07a8ce78b9182.pt,02691156
airplane,airplane_3957.pt,fb68077d405c233ef879f4163a3ec7b.pt,02691156
airplane,airplane_3958.pt,fb92c2e96fdf6c37595dc3191c718398.pt,02691156
airplane,airplane_3959.pt,fb9deec3a422b06b609e2d916fa0da27.pt,02691156
airplane,airplane_396.pt,26a29227d6326e20e63e266a803d9270.pt,02691156
airplane,airplane_3960.pt,fbb2e9c15888afcaca504cdc40c452de.pt,02691156
airplane,airplane_3961.pt,fbc429365ab7136be1a9c234926c21e2.pt,02691156
airplane,airplane_3962.pt,fbc7afa847c30a4c183bb3a05fac486f.pt,02691156
airplane,airplane_3963.pt,fbcc12c5530ab67cad659a74e36b6387.pt,02691156
airplane,airplane_3964.pt,fbd800d43c5f0d74250cb4f7fcd9ec03.pt,02691156
airplane,airplane_3965.pt,fbe213adb802384db443c685f436f80e.pt,02691156
airplane,airplane_3966.pt,fbe788465e564e46bc0909d98a1ff2b4.pt,02691156
airplane,airplane_3967.pt,fbebcde2d8fbf81ee7cf320ab5761d45.pt,02691156
airplane,airplane_3968.pt,fbee89bee5338798d4837a4534bf020b.pt,02691156
airplane,airplane_3969.pt,fbf6917bdd86d5862df404314e891e08.pt,02691156
airplane,airplane_397.pt,26bc67e3ecda6aa1adbb4c4e06ad649.pt,02691156
airplane,airplane_3970.pt,fc0097a6ad81e5cc1c2daaaceea98731.pt,02691156
airplane,airplane_3971.pt,fc0dbd045c9391ce4a29fef5d2b2f3d7.pt,02691156
airplane,airplane_3972.pt,fc16704314dc71ee9a6e43b878d5b335.pt,02691156
airplane,airplane_3973.pt,fc25e0cdcb2ecf1ca2bd098b9203af.pt,02691156
airplane,airplane_3974.pt,fc2c9fd0bbd77dac4d210d9468aedaf2.pt,02691156
airplane,airplane_3975.pt,fc2d2df18182df8c82a2a8a82be86fd6.pt,02691156
airplane,airplane_3976.pt,fc44636ad5fd9754927b6179bcc6e892.pt,02691156
airplane,airplane_3977.pt,fc5ca618ae253663d13ef00338ba8c52.pt,02691156
airplane,airplane_3978.pt,fc5d7c28e254a0d84c3a35cee92bb95b.pt,02691156
airplane,airplane_3979.pt,fc5dade8622f686b4aba1f0cb15b1439.pt,02691156
airplane,airplane_398.pt,26e10058cf9835aaca8607f540cc62ba.pt,02691156
airplane,airplane_3980.pt,fc6decc887f6d8a0bbf3143b1cb6076a.pt,02691156
airplane,airplane_3981.pt,fc7387d630c84bb9c863ab010b80d9ed.pt,02691156
airplane,airplane_3982.pt,fc76d0a9da7cde0bef5ebf5f74916182.pt,02691156
airplane,airplane_3983.pt,fc7c3ccb57f65337209009cfb89d4bd.pt,02691156
airplane,airplane_3984.pt,fc7fda7232bedd84bbf3143b1cb6076a.pt,02691156
airplane,airplane_3985.pt,fc9b408aee84f46d70c4138179d9ed97.pt,02691156
airplane,airplane_3986.pt,fc9f6bc1ba1cb7c1c3fe7930fce05ded.pt,02691156
airplane,airplane_3987.pt,fca40e8cba1e5fd75bba9363f40680af.pt,02691156
airplane,airplane_3988.pt,fca4c82b2c488d329554e5818acd6e12.pt,02691156
airplane,airplane_3989.pt,fcbdaf6100aad67d5abb92fce0f1ced2.pt,02691156
airplane,airplane_399.pt,26e26e21438ed02990b1d6deb98feec6.pt,02691156
airplane,airplane_3990.pt,fcc2023fd98e157f2d99c69702933ca4.pt,02691156
airplane,airplane_3991.pt,fcc94cf74fb886b7bbf3143b1cb6076a.pt,02691156
airplane,airplane_3992.pt,fcd7a8834a7f26f15069db69b8c1c70.pt,02691156
airplane,airplane_3993.pt,fcfa1a67f34e7f2fbb3974ea29d1d642.pt,02691156
airplane,airplane_3994.pt,fd0262e95283727d7b02bf6205401969.pt,02691156
airplane,airplane_3995.pt,fd0e59013a16eb5184306f3bf0a1f2d7.pt,02691156
airplane,airplane_3996.pt,fd3a9743e16d35e51fc210a07910eb2.pt,02691156
airplane,airplane_3997.pt,fd41d04f1aabbaea3fddedb0bf24c68a.pt,02691156
airplane,airplane_3998.pt,fd425567d79a43d14f8a08a5e6b028e7.pt,02691156
airplane,airplane_3999.pt,fd528602cbde6f11bbf3143b1cb6076a.pt,02691156
airplane,airplane_4.pt,103c9e43cdf6501c62b600da24e0965.pt,02691156
airplane,airplane_40.pt,12991e9529a2b2bf9ac9930d2147598f.pt,02691156
airplane,airplane_400.pt,26f8a11864fd6bf7b68211fcc7956ac6.pt,02691156
airplane,airplane_4000.pt,fd6210721415e4bb51a9048f9848535d.pt,02691156
airplane,airplane_4001.pt,fd67c89ff247f9e7442ed26ceeb35a60.pt,02691156
airplane,airplane_4002.pt,fd7c74a05072d3befef192e05c55dcd3.pt,02691156
airplane,airplane_4003.pt,fd8d7742ee03905df446f92b52bbd82a.pt,02691156
airplane,airplane_4004.pt,fd95b99d4699430a7395d58407f193ba.pt,02691156
airplane,airplane_4005.pt,fd9f1cdaa381599bca8607f540cc62ba.pt,02691156
airplane,airplane_4006.pt,fdb107ea7a600f5fe3f3aec01b086ba.pt,02691156
airplane,airplane_4007.pt,fdb87fe46a2dd5ae148cecac5cfe1090.pt,02691156
airplane,airplane_4008.pt,fdc1a422b48a16f67341d39902b9e2e1.pt,02691156
airplane,airplane_4009.pt,fdcb11fa39661f0fb08f81d66e854bfa.pt,02691156
airplane,airplane_401.pt,2705c3edd082f0987f1f82f6fc8747b8.pt,02691156
airplane,airplane_4010.pt,fddcb2b3d45ce98e641c309f1fd7e183.pt,02691156
airplane,airplane_4011.pt,fe00bf68a2cd32b6dd455eb19d4d269e.pt,02691156
airplane,airplane_4012.pt,fe0b8ab916cd568d749f4ec7f5556c32.pt,02691156
airplane,airplane_4013.pt,fe0c4db38fb6399990b1d6deb98feec6.pt,02691156
airplane,airplane_4014.pt,fe0eb72a9fb21dd62b600da24e0965.pt,02691156
airplane,airplane_4015.pt,fe1d825ce462c3e7b96212c8f6cd06e.pt,02691156
airplane,airplane_4016.pt,fe23572aac36c84761cfaa00f7177470.pt,02691156
airplane,airplane_4017.pt,fe266c740580c102ff9ce0c50c2cd25a.pt,02691156
airplane,airplane_4018.pt,fe3aa0ec747c12c0ca8607f540cc62ba.pt,02691156
airplane,airplane_4019.pt,fe4ad5664773074cb536c73c7d134340.pt,02691156
airplane,airplane_402.pt,27317e8e93190374780ee0648cf79a36.pt,02691156
airplane,airplane_4020.pt,fe58e1c34a7fc8ac7f6b2c9a3874dfdf.pt,02691156
airplane,airplane_4021.pt,fe82a9934a38997866cf1b4a8fc3914e.pt,02691156
airplane,airplane_4022.pt,feb0bd0dcd155af4cc34b900bb2492e.pt,02691156
airplane,airplane_4023.pt,fef1c15a5db21b00a67cc8f661e7890a.pt,02691156
airplane,airplane_4024.pt,fef935c1f862f4aa31309643a94d8a5f.pt,02691156
airplane,airplane_4025.pt,ff12c3a1d388b03044eedf822e07b7e4.pt,02691156
airplane,airplane_4026.pt,ff13be97bdfa45f8254dc1d04198881.pt,02691156
airplane,airplane_4027.pt,ff28d340bf0b5d9387b2a887422ab97.pt,02691156
airplane,airplane_4028.pt,ff2f975a23b78bc78caa71b1fbf7fb98.pt,02691156
airplane,airplane_4029.pt,ff52c059efaca3c1ca8607f540cc62ba.pt,02691156
airplane,airplane_403.pt,273c9c0bd43443c3b4f192eea1889928.pt,02691156
airplane,airplane_4030.pt,ff554f038a338ef322031be9b666aa96.pt,02691156
airplane,airplane_4031.pt,ff569b4018fc2640cea77fac5d58428e.pt,02691156
airplane,airplane_4032.pt,ff6ab0fe13f58e22962a5697e98a94be.pt,02691156
airplane,airplane_4033.pt,ff6e377e8e5b3757cc34b900bb2492e.pt,02691156
airplane,airplane_4034.pt,ff6f81eba664481126360e1e29a956c7.pt,02691156
airplane,airplane_4035.pt,ff725af6df1b76207b164268a44f7712.pt,02691156
airplane,airplane_4036.pt,ff77ea82fb4a5f92da9afa637af35064.pt,02691156
airplane,airplane_4037.pt,ff7c22a964a5a54e3bb4b8f3758b3c41.pt,02691156
airplane,airplane_4038.pt,ffbc31352a34c3e1ffb94dfdd6ddfaf0.pt,02691156
airplane,airplane_4039.pt,ffc1b82bec23a50995b8d6bdd18d56e8.pt,02691156
airplane,airplane_404.pt,273e90f5c26654ea8b96ae1a0a8b84ec.pt,02691156
airplane,airplane_4040.pt,ffccda82ecc0d0f71740529c616cd4c7.pt,02691156
airplane,airplane_4041.pt,ffce3c994052ffea339b6c8cc24f619d.pt,02691156
airplane,airplane_4042.pt,ffd13ca14b85fec66cf1b4a8fc3914e.pt,02691156
airplane,airplane_4043.pt,ffdaed95c3063cdf3ce4891c7dcdfb1c.pt,02691156
airplane,airplane_4044.pt,ffef991d85e3136a9a6e43b878d5b335.pt,02691156
airplane,airplane_4045.pt,fff513f407e00e85a9ced22d91ad7027.pt,02691156
airplane,airplane_405.pt,2751a0d9a1effa41f0b8c8d7a19e0d9a.pt,02691156
airplane,airplane_406.pt,2764f43226260c94a5a118bd15e6e34f.pt,02691156
airplane,airplane_407.pt,2767994ce3078824f38bce64a8733419.pt,02691156
airplane,airplane_408.pt,276908a82ab3728e6283c6757ac506b9.pt,02691156
airplane,airplane_409.pt,27acb1d0e8c808262347b4731688b0f.pt,02691156
airplane,airplane_41.pt,12a1ac26d29ed1083554ccf8c30febe7.pt,02691156
airplane,airplane_410.pt,27c409ead0c4e34c9a6e43b878d5b335.pt,02691156
airplane,airplane_411.pt,27e6fe140e6e668a3881254c11db28.pt,02691156
airplane,airplane_412.pt,2818edd47cbd2aa1afe30fe053f7a977.pt,02691156
airplane,airplane_413.pt,28402efe2e3435d124fbfb66ea1f14f7.pt,02691156
airplane,airplane_414.pt,28448469f5bce47b4ddd8a480b571bd7.pt,02691156
airplane,airplane_415.pt,284e6431669d46fd44797ce00623b3fd.pt,02691156
airplane,airplane_416.pt,28711664a9d08bae46322bce65ca3756.pt,02691156
airplane,airplane_417.pt,2893dc61be63a8a16d0ff49003c479bc.pt,02691156
airplane,airplane_418.pt,28add8a00a7bcb7318d508b491dafd46.pt,02691156
airplane,airplane_419.pt,28d719b73b1fcd2f5de04aad18bd94c3.pt,02691156
airplane,airplane_42.pt,12b25b8de7aa37a0bd46d022fd7d80aa.pt,02691156
airplane,airplane_420.pt,28da27a6bebc81df62b600da24e0965.pt,02691156
airplane,airplane_421.pt,29120728132e5dce42a2048a31b7df8c.pt,02691156
airplane,airplane_422.pt,29192f8c96264e3435fc197bbabcd5bd.pt,02691156
airplane,airplane_423.pt,29374d5ffdb23451e1f2a1daf140ac9f.pt,02691156
airplane,airplane_424.pt,296c3ee559f87c9354eefcdc602d4520.pt,02691156
airplane,airplane_425.pt,296d0aa10bd7ddd87965b154b2af39d4.pt,02691156
airplane,airplane_426.pt,297316f1c8a6f59bd007e7980e2b01ba.pt,02691156
airplane,airplane_427.pt,2980f6ac8412890548437f47a316427e.pt,02691156
airplane,airplane_428.pt,2988a7a566ea79797209009cfb89d4bd.pt,02691156
airplane,airplane_429.pt,298d674a14dcd356de6e2d41bcaaecbf.pt,02691156
airplane,airplane_43.pt,12c66a0490b223be595dc3191c718398.pt,02691156
airplane,airplane_430.pt,29925f23c2050efa7def3dd22d9ef72.pt,02691156
airplane,airplane_431.pt,2993c233805d2718ad8912880b776dcf.pt,02691156
airplane,airplane_432.pt,2997fa1441eb7bb735fc197bbabcd5bd.pt,02691156
airplane,airplane_433.pt,299ec43108d7109113ae47e860a2333a.pt,02691156
airplane,airplane_434.pt,29b3b168322ac49448d2ba4615e03b21.pt,02691156
airplane,airplane_435.pt,29b92db18649b64e959a8a7d5a8a5077.pt,02691156
airplane,airplane_436.pt,29c0b705d6368b6ef0483511b875f0d2.pt,02691156
airplane,airplane_437.pt,29c81ffc84f2f7ba1adbb4c4e06ad649.pt,02691156
airplane,airplane_438.pt,29f514bdcf72e779bbf3143b1cb6076a.pt,02691156
airplane,airplane_439.pt,29fd29045703ff18b4a8b7176ed97248.pt,02691156
airplane,airplane_44.pt,12c82319147385e7ef0e1705c5c9e361.pt,02691156
airplane,airplane_440.pt,29ff751f989bdcfc9bff604afc480b65.pt,02691156
airplane,airplane_441.pt,2a05d684eeb9c1cfae2ca9bb680dd18b.pt,02691156
airplane,airplane_442.pt,2a06adfb446c85c9f9d3f977c7090b2a.pt,02691156
airplane,airplane_443.pt,2a2caad9e540dcc687bf26680c510802.pt,02691156
airplane,airplane_444.pt,2a3d485b0214d6a182389daa2190d234.pt,02691156
airplane,airplane_445.pt,2a7c34d4f5aaea962b600da24e0965.pt,02691156
airplane,airplane_446.pt,2a801b1918ef23f1121ca0b13e917b22.pt,02691156
airplane,airplane_447.pt,2a856d0462a38e2518b14db3b83de9ff.pt,02691156
airplane,airplane_448.pt,2a895d17616bcae1f361e4786a4d3c00.pt,02691156
airplane,airplane_449.pt,2a906a12b740afe2fe93207afde39a32.pt,02691156
airplane,airplane_45.pt,12d15ac778df6e4562b600da24e0965.pt,02691156
airplane,airplane_450.pt,2a966a7e0b07a5239a6e43b878d5b335.pt,02691156
airplane,airplane_451.pt,2aac22a33893fad8b96ae1a0a8b84ec.pt,02691156
airplane,airplane_452.pt,2ab4a5c3ca32ba9a4d4cb1c2a5e48b7a.pt,02691156
airplane,airplane_453.pt,2aec6e6096e640add00d52e62bf14ee9.pt,02691156
airplane,airplane_454.pt,2af04ef09d49221b85e5214b0d6a7.pt,02691156
airplane,airplane_455.pt,2af24e1c7067533d50a05a17b2f9bc.pt,02691156
airplane,airplane_456.pt,2af529843a47df7aba0d990ae229b477.pt,02691156
airplane,airplane_457.pt,2af93e42ceca0ff7efe7c6556ea140b4.pt,02691156
airplane,airplane_458.pt,2b0a2bb1556c96b94f762cd8ae1b1c4b.pt,02691156
airplane,airplane_459.pt,2b1a867569f9f61a54eefcdc602d4520.pt,02691156
airplane,airplane_46.pt,12e127c0416f94ca4c3a35cee92bb95b.pt,02691156
airplane,airplane_460.pt,2b20176a59621b35497add46ccd9d60.pt,02691156
airplane,airplane_461.pt,2b2cf12a1fde287077c5f5c64222d77e.pt,02691156
airplane,airplane_462.pt,2b5c0a38c754927d21abaaa81d1a4195.pt,02691156
airplane,airplane_463.pt,2b62a8a0bcac6f22e1873a3963e0d14.pt,02691156
airplane,airplane_464.pt,2b8bcb6e208a69b16a3383b58c4a9330.pt,02691156
airplane,airplane_465.pt,2b96f4b4896962473eb731541f9f8d.pt,02691156
airplane,airplane_466.pt,2b99e54070c8b6d466cf1b4a8fc3914e.pt,02691156
airplane,airplane_467.pt,2ba980d080f89581ab2a0ebad7754fba.pt,02691156
airplane,airplane_468.pt,2bc0d99cba39f7adbbf3143b1cb6076a.pt,02691156
airplane,airplane_469.pt,2bc9a8aa5826f7335fc197bbabcd5bd.pt,02691156
airplane,airplane_47.pt,12e6e5f07b3aad3c5b9f44d7cd72a051.pt,02691156
airplane,airplane_470.pt,2bdb44eece3409a5a18e0889038e4fb6.pt,02691156
airplane,airplane_471.pt,2bdf8800514abd05a7d2c4e7aae73d33.pt,02691156
airplane,airplane_472.pt,2be6cc069c95951a4304ffdb51711149.pt,02691156
airplane,airplane_473.pt,2bfd3dc8b0630de9e1873a3963e0d14.pt,02691156
airplane,airplane_474.pt,2c16ac865f06542381598514fe928082.pt,02691156
airplane,airplane_475.pt,2c1f66380af03e4c5d1df55cbe0874aa.pt,02691156
airplane,airplane_476.pt,2c1fff0653854166e7a636089598229.pt,02691156
airplane,airplane_477.pt,2c3ba3f35c5d2b0ce77e43d0a92bdc06.pt,02691156
airplane,airplane_478.pt,2c3df6a4d0ddc9a69725372054c2f091.pt,02691156
airplane,airplane_479.pt,2c4228b79cf44778b96ae1a0a8b84ec.pt,02691156
airplane,airplane_48.pt,12f3fb99c95c6a7357891d676f728bc0.pt,02691156
airplane,airplane_480.pt,2c49289098e4492bca8607f540cc62ba.pt,02691156
airplane,airplane_481.pt,2c5bdd9a08122f9e2023ec956848b741.pt,02691156
airplane,airplane_482.pt,2c64c521c114df40e51f766854841067.pt,02691156
airplane,airplane_483.pt,2c77ff96a9b46996b963df94d2f21069.pt,02691156
airplane,airplane_484.pt,2c83e01a7a4423c74d4cb1c2a5e48b7a.pt,02691156
airplane,airplane_485.pt,2c89cc6eb008eaf5ca8607f540cc62ba.pt,02691156
airplane,airplane_486.pt,2c932237239e4d22181acc12f598af7.pt,02691156
airplane,airplane_487.pt,2c9331f57865a9d2bd34bbc5253f83f8.pt,02691156
airplane,airplane_488.pt,2c9797204c91e3a440975e4feec771f6.pt,02691156
airplane,airplane_489.pt,2c97e6b2c92913cac1ccec171a275967.pt,02691156
airplane,airplane_49.pt,12f4778ebba781236b7bd17e458d0dcb.pt,02691156
airplane,airplane_490.pt,2c9d5fed0ebb4a544c3a35cee92bb95b.pt,02691156
airplane,airplane_491.pt,2c9e063352a538a4af7dd1bfd65143a9.pt,02691156
airplane,airplane_492.pt,2cc1ff07bcb27de4f64801ad2940cdd5.pt,02691156
airplane,airplane_493.pt,2cc44e0f9fb1efdb85e0a2007a11e92f.pt,02691156
airplane,airplane_494.pt,2cd9e40d1ccb1917228c3c30d65cabe0.pt,02691156
airplane,airplane_495.pt,2ce02b8bb91ecd05c503a3776fc280fe.pt,02691156
airplane,airplane_496.pt,2ce94527ad7f57333bfdfb6cb363d727.pt,02691156
airplane,airplane_497.pt,2cf6583a74dc4d1e373ed874fe97420b.pt,02691156
airplane,airplane_498.pt,2d01483c696c0a1688be2a30dd556a09.pt,02691156
airplane,airplane_499.pt,2d0945065aa2a427eec7473defebb526.pt,02691156
airplane,airplane_5.pt,105f7f51e4140ee4b6b87e72ead132ed.pt,02691156
airplane,airplane_50.pt,130422d62194cf026c8067e570d6af71.pt,02691156
airplane,airplane_500.pt,2d255ec7a05b301a203936772104a82d.pt,02691156
airplane,airplane_501.pt,2d33ee87ee5230c335fc197bbabcd5bd.pt,02691156
airplane,airplane_502.pt,2d3ecfb6d7ef2c45e08b03c50fd87acb.pt,02691156
airplane,airplane_503.pt,2d41a07991b546751702b97fc9845e5e.pt,02691156
airplane,airplane_504.pt,2d43bb802a8faf0bce15d210eb57e565.pt,02691156
airplane,airplane_505.pt,2d43c1430df8194ace5721ccacba16.pt,02691156
airplane,airplane_506.pt,2d4a57a467307d675e9e2656aff7dd5b.pt,02691156
airplane,airplane_507.pt,2d4c147d4d1cc40c582bf3113c3974ef.pt,02691156
airplane,airplane_508.pt,2d7562f5bf2c7f2da1d85548168d6015.pt,02691156
airplane,airplane_509.pt,2d7aff5577ae7af0d8ff6111270336a9.pt,02691156
airplane,airplane_51.pt,1304ef60fe9793f685e0a2007a11e92f.pt,02691156
airplane,airplane_510.pt,2d9a7863dcfb5663d208f79049825a82.pt,02691156
airplane,airplane_511.pt,2da62d609cc59f9a10b920f84a47c477.pt,02691156
airplane,airplane_512.pt,2dcc844fe9c4d4d99b0fce6a4905cf2b.pt,02691156
airplane,airplane_513.pt,2de92a57e410020cc231d70e1e0cc567.pt,02691156
airplane,airplane_514.pt,2dec9e7b1acf88fea8e091cb544689d5.pt,02691156
airplane,airplane_515.pt,2e0c7d77c0b74e87c1ccec171a275967.pt,02691156
airplane,airplane_516.pt,2e235eafe787ad029a6e43b878d5b335.pt,02691156
airplane,airplane_517.pt,2e389edb9a3c0496e1c255da0d1c1826.pt,02691156
airplane,airplane_518.pt,2e3c317357ecb038543941eaaf04581f.pt,02691156
airplane,airplane_519.pt,2e468cc6afe2da70bc0909d98a1ff2b4.pt,02691156
airplane,airplane_52.pt,130934b3dd2fddfaaf4f36f817f09501.pt,02691156
airplane,airplane_520.pt,2e961e38a039f1bc67711f7c205c5b63.pt,02691156
airplane,airplane_521.pt,2e9c1c3d866c4b6ce2c6d8aa34a5d35b.pt,02691156
airplane,airplane_522.pt,2ebfd5fec5c0bc85a52a419d042ca7b5.pt,02691156
airplane,airplane_523.pt,2ec4d9949f80154b7a571401e6605fc2.pt,02691156
airplane,airplane_524.pt,2ef20ad4c579812571d03b466c72ce41.pt,02691156
airplane,airplane_525.pt,2efa2cfc42f2ff481b27cd1681a3d0e7.pt,02691156
airplane,airplane_526.pt,2f01cae5fb585d56ca8607f540cc62ba.pt,02691156
airplane,airplane_527.pt,2f379576475cfba24c3a35cee92bb95b.pt,02691156
airplane,airplane_528.pt,2f3bef6d679273d062b600da24e0965.pt,02691156
airplane,airplane_529.pt,2f4133664133746cf64801ad2940cdd5.pt,02691156
airplane,airplane_53.pt,130d3f27fb083eebc0909d98a1ff2b4.pt,02691156
airplane,airplane_530.pt,2f4f38d774e0e941dcc75fd1795fa3a5.pt,02691156
airplane,airplane_531.pt,2f576be042897eae38f859e2bc79169c.pt,02691156
airplane,airplane_532.pt,2f5c1ef50794aa92a55d095b876bb574.pt,02691156
airplane,airplane_533.pt,2f7253f8fd1a6a999a6e43b878d5b335.pt,02691156
airplane,airplane_534.pt,2f988bec20218fa19a6e43b878d5b335.pt,02691156
airplane,airplane_535.pt,2fb78c8d2f27598826360e1e29a956c7.pt,02691156
airplane,airplane_536.pt,300a0c78e402decd7e67bd3e242c324.pt,02691156
airplane,airplane_537.pt,3029b9f2174da4b0bbf3143b1cb6076a.pt,02691156
airplane,airplane_538.pt,3033e5dbbff674a55d3bbd70fc7759b7.pt,02691156
airplane,airplane_539.pt,3039adb37c192644f8c6d04d97f8cf7.pt,02691156
airplane,airplane_54.pt,131db4a650873babad3ab188d086d4db.pt,02691156
airplane,airplane_540.pt,304c2daaf96c79138cdbee8c4dbbdd7c.pt,02691156
airplane,airplane_541.pt,3069d990d52051eb3a34c2907e8f3f1f.pt,02691156
airplane,airplane_542.pt,30acfedb688a62e72ce638efd383ace8.pt,02691156
airplane,airplane_543.pt,30b317e256e9bfcb1f17e8416b3322a8.pt,02691156
airplane,airplane_544.pt,30b514b24624da4fc1ccec171a275967.pt,02691156
airplane,airplane_545.pt,30b5160e2870b7a0ac8be969b55649e0.pt,02691156
airplane,airplane_546.pt,30b9882d1d75be3537678474be485ca.pt,02691156
airplane,airplane_547.pt,30bfb515f027be9a4642ec4b6f68a.pt,02691156
airplane,airplane_548.pt,30c0995dcb7c10039a6e43b878d5b335.pt,02691156
airplane,airplane_549.pt,30d1974a29d95d8be8bfa4901aefcf8d.pt,02691156
airplane,airplane_55.pt,132111c575000a3c146e44cc99f07c52.pt,02691156
airplane,airplane_550.pt,30d8f7fe0da9d5d0c164bdcf3c9661ee.pt,02691156
airplane,airplane_551.pt,3109b3740ac1a056df55310efbf4c0e4.pt,02691156
airplane,airplane_552.pt,310f0957ae1436d88025a4ffa6c0c22b.pt,02691156
airplane,airplane_553.pt,3112ef52e6da5d6142320ab3b0c39c62.pt,02691156
airplane,airplane_554.pt,313758cb2eacbb576d3e60add9f0d715.pt,02691156
airplane,airplane_555.pt,315f523d0a924fb7ef70df8610b582b2.pt,02691156
airplane,airplane_556.pt,317ac4d5ff597c9ae719b5362fe06bbb.pt,02691156
airplane,airplane_557.pt,319cf93077118d19f64801ad2940cdd5.pt,02691156
airplane,airplane_558.pt,31a06c63b8932cac8bec85d7b4e1ee67.pt,02691156
airplane,airplane_559.pt,31af9b965002990e27e7e81f554f78b.pt,02691156
airplane,airplane_56.pt,1322a9cabb1517219a6e43b878d5b335.pt,02691156
airplane,airplane_560.pt,31b201b7346e6cd15e9e2656aff7dd5b.pt,02691156
airplane,airplane_561.pt,31b75f20c64b03ff6b7bd17e458d0dcb.pt,02691156
airplane,airplane_562.pt,31d1cf39b807c856efe0d4e1eba2e3af.pt,02691156
airplane,airplane_563.pt,31d40e6e24511386d6d949577c389a84.pt,02691156
airplane,airplane_564.pt,31d5be3944350915efde2c2b27dc1843.pt,02691156
airplane,airplane_565.pt,31fd02481a07471e4e8b48a4c01e36f8.pt,02691156
airplane,airplane_566.pt,3209a02075cb9f0168023bcf4ba60aff.pt,02691156
airplane,airplane_567.pt,320e542b0b2f8afa248b612e49a6e572.pt,02691156
airplane,airplane_568.pt,320e639572e8b9ceca504cdc40c452de.pt,02691156
airplane,airplane_569.pt,322e8dccadea03d3340b9c9d10273ac.pt,02691156
airplane,airplane_57.pt,132fc603f8f69b08e816c75152573ee0.pt,02691156
airplane,airplane_570.pt,3231fc366c6f4f3cca8607f540cc62ba.pt,02691156
airplane,airplane_571.pt,324304121b61339bc36cfeafa51d54fc.pt,02691156
airplane,airplane_572.pt,3255eb4c8ad868b3b378822897b79a81.pt,02691156
airplane,airplane_573.pt,325f0b5ace799075bc0909d98a1ff2b4.pt,02691156
airplane,airplane_574.pt,32637024c9aad5289a6e43b878d5b335.pt,02691156
airplane,airplane_575.pt,3265b621ca222d29d00d52e62bf14ee9.pt,02691156
airplane,airplane_576.pt,326e859d86a8078427eb9e7911a17418.pt,02691156
airplane,airplane_577.pt,329987191cce68bfe64acd170567d820.pt,02691156
airplane,airplane_578.pt,329a018e131ece70f23c3116d040903f.pt,02691156
airplane,airplane_579.pt,329b62a63e882c7c71d03b466c72ce41.pt,02691156
airplane,airplane_58.pt,13370c42b8ea45cf5e8172e6d9ae84ff.pt,02691156
airplane,airplane_580.pt,32a2723086f770e9233d80f3ecb7c6d3.pt,02691156
airplane,airplane_581.pt,32a547e29d66132110b2a26d47842033.pt,02691156
airplane,airplane_582.pt,32b6448c0864812729348d14ca881f7d.pt,02691156
airplane,airplane_583.pt,32d9fe9366da899b90b73cf2bf8fe3d1.pt,02691156
airplane,airplane_584.pt,32da9294ff0c3d8c7a40e1005054fac1.pt,02691156
airplane,airplane_585.pt,32e7224d196e5866bd564bd76cf3cbec.pt,02691156
airplane,airplane_586.pt,32e8412ce01e63c1a47575cd04a1d851.pt,02691156
airplane,airplane_587.pt,32edb6ba5788dc12d8ff6111270336a9.pt,02691156
airplane,airplane_588.pt,32fb1aca48b3a0d197eae247c9b1df47.pt,02691156
airplane,airplane_589.pt,330f797ebbc565e71560e45167753555.pt,02691156
airplane,airplane_59.pt,133937bd45f953748be6919d4632fec1.pt,02691156
airplane,airplane_590.pt,333278f95a359498e768735f27170bc4.pt,02691156
airplane,airplane_591.pt,3360b510b0408682bbf3143b1cb6076a.pt,02691156
airplane,airplane_592.pt,337658edebb67c301ce9f50324082ee4.pt,02691156
airplane,airplane_593.pt,337e7f2c3745e07789d7e2c40a194e8.pt,02691156
airplane,airplane_594.pt,3390c5050cda83c09a6e43b878d5b335.pt,02691156
airplane,airplane_595.pt,3391b6520218cacbf27ebdfa602af873.pt,02691156
airplane,airplane_596.pt,3391c664149308cb4f95630cc18536e0.pt,02691156
airplane,airplane_597.pt,33a4f9403600f29c281f657e8f8481a1.pt,02691156
airplane,airplane_598.pt,33b8b6af08696fdea616caf97d73fa02.pt,02691156
airplane,airplane_599.pt,33c5c1919425791de038c01d73511063.pt,02691156
airplane,airplane_6.pt,1066b65c30d153e04c3a35cee92bb95b.pt,02691156
airplane,airplane_60.pt,133b74393a3349aa70c4138179d9ed97.pt,02691156
airplane,airplane_600.pt,33c6568fd4de5aaf1e623da3c4e40c05.pt,02691156
airplane,airplane_601.pt,33c8abb3658f2d4219e06ee1b2e7b1b4.pt,02691156
airplane,airplane_602.pt,33c9e81a88866451f4fb6842b3610149.pt,02691156
airplane,airplane_603.pt,33d955301966e4215ebedace13b486c4.pt,02691156
airplane,airplane_604.pt,33ddbeb13fecf7868405970680284869.pt,02691156
airplane,airplane_605.pt,33e11a7dec64dd42d91ca512389cc0a0.pt,02691156
airplane,airplane_606.pt,33faf711ed54a4d3db22b838c125a50b.pt,02691156
airplane,airplane_607.pt,33fff5b8d113cca41b950a59358e57bd.pt,02691156
airplane,airplane_608.pt,341f5b3c74970a618d0dbc7502fb16f2.pt,02691156
airplane,airplane_609.pt,3427fa8e6ea160f1fd138baf628cf158.pt,02691156
airplane,airplane_61.pt,1345cd9d0da6d149c6f6da58b133bae0.pt,02691156
airplane,airplane_610.pt,343a607d1604335fb4f192eea1889928.pt,02691156
airplane,airplane_611.pt,345570c792fde290d49cdf0198aeb01e.pt,02691156
airplane,airplane_612.pt,347d86d7001cef01232236eecec447b.pt,02691156
airplane,airplane_613.pt,34a89777594d3a61b2440702f5566974.pt,02691156
airplane,airplane_614.pt,34c656eeca31045724a182d01c698394.pt,02691156
airplane,airplane_615.pt,34c669182c8c9a2623fc69eefd95e6d3.pt,02691156
airplane,airplane_616.pt,34d467fc26232f53f36024ed2c0874a7.pt,02691156
airplane,airplane_617.pt,34da5dbfb4bead034c3a35cee92bb95b.pt,02691156
airplane,airplane_618.pt,34ddff243ac3783521b85e5214b0d6a7.pt,02691156
airplane,airplane_619.pt,34e87dd1c4922f7d48a263e43962eb7.pt,02691156
airplane,airplane_62.pt,1354e0acd354a3ddb6670e1d7042072b.pt,02691156
airplane,airplane_620.pt,34ef846a22c6a6ac5e9e2656aff7dd5b.pt,02691156
airplane,airplane_621.pt,34ffc5e29472358cae81a3776126c079.pt,02691156
airplane,airplane_622.pt,350110d2828b3b927370804727e72eb2.pt,02691156
airplane,airplane_623.pt,35055f849da2cf0ec3fe7930fce05ded.pt,02691156
airplane,airplane_624.pt,350d12f5290908c7f446f92b52bbd82a.pt,02691156
airplane,airplane_625.pt,350d4b260bb18470f77959a47a1c16a8.pt,02691156
airplane,airplane_626.pt,35131f7ea7256373879c08e5cc6e64bc.pt,02691156
airplane,airplane_627.pt,351c9235749e398162147e00e97e28b5.pt,02691156
airplane,airplane_628.pt,351e24a503c49840cc0472b5df09bf08.pt,02691156
airplane,airplane_629.pt,352a8e4f2023b029dcc75fd1795fa3a5.pt,02691156
airplane,airplane_63.pt,1367266dc0a07c925d4533028830a79b.pt,02691156
airplane,airplane_630.pt,3547cdf24eeabdc925194e2abdb4c403.pt,02691156
airplane,airplane_631.pt,35611fc0fecb7a795e02646e6b8fbe8e.pt,02691156
airplane,airplane_632.pt,356a633ea047c549ca8607f540cc62ba.pt,02691156
airplane,airplane_633.pt,3572e3fa25911295922e63c830b776de.pt,02691156
airplane,airplane_634.pt,3576bf753aea3dcf661f0ad700067cc.pt,02691156
airplane,airplane_635.pt,35835c28f33d985fa18e0889038e4fb6.pt,02691156
airplane,airplane_636.pt,35892510dcd7cebb87bf26680c510802.pt,02691156
airplane,airplane_637.pt,359f69a030d69b3da8fcf7222eacb152.pt,02691156
airplane,airplane_638.pt,35ae2885a0e645fb7843a50f3dd2047e.pt,02691156
airplane,airplane_639.pt,35bb733b13c48bbc839ab492b6143b9d.pt,02691156
airplane,airplane_64.pt,136c2b868c5326dbba5db366aa3ac475.pt,02691156
airplane,airplane_640.pt,35c8abfbabb0d8ea66b0983c7366318e.pt,02691156
airplane,airplane_641.pt,35c9e363ca3fa6f8e4fc4c6009ee9462.pt,02691156
airplane,airplane_642.pt,35e2eceef33804d8196c5820729d438f.pt,02691156
airplane,airplane_643.pt,35f43f566f2f14651713426437a9f7cd.pt,02691156
airplane,airplane_644.pt,35fcf4cfd91d7cb3e1211756a8e887aa.pt,02691156
airplane,airplane_645.pt,361f57d736cfc14dc8bff13697c27fb.pt,02691156
airplane,airplane_646.pt,362af793b1d0084423fc69eefd95e6d3.pt,02691156
airplane,airplane_647.pt,3636483aff4b7977b7d7aa9b9ebcccb0.pt,02691156
airplane,airplane_648.pt,36393e03ed11f78461f1ef59130c405d.pt,02691156
airplane,airplane_649.pt,3656c9bbd79f6e29f6439977935c2784.pt,02691156
airplane,airplane_65.pt,137acaae47b50659348e240586a3f6f8.pt,02691156
airplane,airplane_650.pt,365747560fafc7e847b5c8181a9fe9a3.pt,02691156
airplane,airplane_651.pt,366b149545ba4df546ed10e8f7fe336e.pt,02691156
airplane,airplane_652.pt,369244d49f8f1308b858e64ff0fa8db3.pt,02691156
airplane,airplane_653.pt,3692c62cd29c6f1378a64d47db225ea2.pt,02691156
airplane,airplane_654.pt,3693696a7d11f2a866cf1b4a8fc3914e.pt,02691156
airplane,airplane_655.pt,36a5bd4ca6a0b191532d23702363f9a5.pt,02691156
airplane,airplane_656.pt,36ce6d61721805abbf3143b1cb6076a.pt,02691156
airplane,airplane_657.pt,36d2cda57906072c1e08b6601b6fd998.pt,02691156
airplane,airplane_658.pt,36d8c865f766e3e097872638b21438e3.pt,02691156
airplane,airplane_659.pt,36dd57178402cdf2afd477f714c68df9.pt,02691156
airplane,airplane_66.pt,1385305478499e6c1e06124bec25a766.pt,02691156
airplane,airplane_660.pt,3713302f0330f960970864f653fa080f.pt,02691156
airplane,airplane_661.pt,3716ed4fa80dbf5f41392ab7a601818b.pt,02691156
airplane,airplane_662.pt,371a609f050b4ed3f6497dc58a9a6f8a.pt,02691156
airplane,airplane_663.pt,372c95e7685363ca18e0889038e4fb6.pt,02691156
airplane,airplane_664.pt,37608404f9e224d4fd180252c91ed0f3.pt,02691156
airplane,airplane_665.pt,376466b562217c2abc0909d98a1ff2b4.pt,02691156
airplane,airplane_666.pt,3764de22af04fd32a993db466b6d73d3.pt,02691156
airplane,airplane_667.pt,376e9480ebe635b1e98208adea7b4e8d.pt,02691156
airplane,airplane_668.pt,37700819bf2af266f64801ad2940cdd5.pt,02691156
airplane,airplane_669.pt,3788ee24009c65cb4d210d9468aedaf2.pt,02691156
airplane,airplane_67.pt,1397f5bfd89673b21fc43d5b32fa230f.pt,02691156
airplane,airplane_670.pt,3794aa3159c10929da116749c2415b0f.pt,02691156
airplane,airplane_671.pt,37b1f7f02c4b87dbca8607f540cc62ba.pt,02691156
airplane,airplane_672.pt,37b413fb76f97e0a29ad19c61d540866.pt,02691156
airplane,airplane_673.pt,37cbf91baa58d6577dc01d89d8a05b74.pt,02691156
airplane,airplane_674.pt,37d2da0de056f5045bb2b764fed1d166.pt,02691156
airplane,airplane_675.pt,37d32db3143814fd9a55c6af6f4b2bb3.pt,02691156
airplane,airplane_676.pt,37ed9b767fb055959d61264e98b74348.pt,02691156
airplane,airplane_677.pt,37f251fbd5e094348139630c61d12904.pt,02691156
airplane,airplane_678.pt,37f2f187a1582704a29fef5d2b2f3d7.pt,02691156
airplane,airplane_679.pt,37fbd275a734ec1b66cf1b4a8fc3914e.pt,02691156
airplane,airplane_68.pt,13daaef458d6bb11e1873a3963e0d14.pt,02691156
airplane,airplane_680.pt,380e9e8c3ef07372acd7e882b88d2b.pt,02691156
airplane,airplane_681.pt,381111f176565d48fe4c91be246ef13b.pt,02691156
airplane,airplane_682.pt,3826bf5c55ee469cec4dff11e684b695.pt,02691156
airplane,airplane_683.pt,383d7574448bf7f235fc197bbabcd5bd.pt,02691156
airplane,airplane_684.pt,3844797c89c5e2e821b85e5214b0d6a7.pt,02691156
airplane,airplane_685.pt,384da5cd806c436b35039158de2eb4b1.pt,02691156
airplane,airplane_686.pt,384e72f69e6f24404cb288947cda4a2c.pt,02691156
airplane,airplane_687.pt,3881241b81d379644d4cb1c2a5e48b7a.pt,02691156
airplane,airplane_688.pt,38884564ee0da15798494085d68ad6a0.pt,02691156
airplane,airplane_689.pt,388c9b9f1cf24ff84e61a0c2eaaabe87.pt,02691156
airplane,airplane_69.pt,13ea0a2ac279dbaa5e9e2656aff7dd5b.pt,02691156
airplane,airplane_690.pt,389dd6f9d6730b0e29143caa6b05e24f.pt,02691156
airplane,airplane_691.pt,38a8e07ed9b0da99fa7918e5874b2c16.pt,02691156
airplane,airplane_692.pt,38edc8fad5a5c0f0ac4f72bf08dc79a6.pt,02691156
airplane,airplane_693.pt,38efd4e4060d8b4ec231d70e1e0cc567.pt,02691156
airplane,airplane_694.pt,3902709d4b10903579995cc5afab9d5.pt,02691156
airplane,airplane_695.pt,391b9c5bb875607c19ba010ddb4974fe.pt,02691156
airplane,airplane_696.pt,3921f5f454c5733e96e161ce7a956a8.pt,02691156
airplane,airplane_697.pt,3923b98b26a3c7865f50257ecdfa5c7.pt,02691156
airplane,airplane_698.pt,393cfa7e090b972dce2cec85ea6ae00d.pt,02691156
airplane,airplane_699.pt,3948ac8a29ae42c761f027f2a55df6ea.pt,02691156
airplane,airplane_7.pt,106dfe858cb8fbc2afc6b80d80a265ab.pt,02691156
airplane,airplane_70.pt,13f9eb29d699488a99eab31c7df6f5c3.pt,02691156
airplane,airplane_700.pt,395afa94dd4d549670e6bd9d4e2b211f.pt,02691156
airplane,airplane_701.pt,395cb914880adc105b50b4451364cc2c.pt,02691156
airplane,airplane_702.pt,396312e9bec88c2590b1d6deb98feec6.pt,02691156
airplane,airplane_703.pt,396c8e232192a44be1a9c234926c21e2.pt,02691156
airplane,airplane_704.pt,398fc0e717b0cd524c3a35cee92bb95b.pt,02691156
airplane,airplane_705.pt,398ff83ba75191f050405f236096897d.pt,02691156
airplane,airplane_706.pt,399449fd9e6149de62b600da24e0965.pt,02691156
airplane,airplane_707.pt,3998242c3442e04265e04abc9923b374.pt,02691156
airplane,airplane_708.pt,39ae262853031e42aedf20f7099e25c5.pt,02691156
airplane,airplane_709.pt,39ce355324ab4bc8b96ae1a0a8b84ec.pt,02691156
airplane,airplane_71.pt,14161a05a21cbd6f62b600da24e0965.pt,02691156
airplane,airplane_710.pt,39d7e8e001e0234e8f721bc8b8155d7.pt,02691156
airplane,airplane_711.pt,39fce052e13f97a57a10aa3eec436422.pt,02691156
airplane,airplane_712.pt,3a18489f9615a350e768735f27170bc4.pt,02691156
airplane,airplane_713.pt,3a3403fb14bdb46823e79e99b949a341.pt,02691156
airplane,airplane_714.pt,3a3827f1a76c5230e24527abcb488f31.pt,02691156
airplane,airplane_715.pt,3a3d4a90a2db90b4203936772104a82d.pt,02691156
airplane,airplane_716.pt,3a54f2b6f9b053b759b859405dee3be8.pt,02691156
airplane,airplane_717.pt,3a5aa99b9e9e37a6bbf3143b1cb6076a.pt,02691156
airplane,airplane_718.pt,3a6d6534045b1895e8ed194c80e0b1ef.pt,02691156
airplane,airplane_719.pt,3a6f0d1cff0aa524567ab83a85d8a5a0.pt,02691156
airplane,airplane_72.pt,14282db0ca4238429a6e43b878d5b335.pt,02691156
airplane,airplane_720.pt,3a72adcf14ccec9965f50257ecdfa5c7.pt,02691156
airplane,airplane_721.pt,3a756cbf87c9a6c64d210d9468aedaf2.pt,02691156
airplane,airplane_722.pt,3a7e396786751f544c3a35cee92bb95b.pt,02691156
airplane,airplane_723.pt,3a7e89dc355faac111f5789deac2dcac.pt,02691156
airplane,airplane_724.pt,3a82056ea319a442f64801ad2940cdd5.pt,02691156
airplane,airplane_725.pt,3a92789dfc5186dcfdbac8c3ccfc63c.pt,02691156
airplane,airplane_726.pt,3aa2ba8ca2aede556d96f75c7a1666e5.pt,02691156
airplane,airplane_727.pt,3aa98ec8f8a1c1f44d210d9468aedaf2.pt,02691156
airplane,airplane_728.pt,3ab1e94b6c3a1730c56cc5a87f567365.pt,02691156
airplane,airplane_729.pt,3aba99921e9e1c93ef40e4c1c2686cd3.pt,02691156
airplane,airplane_73.pt,142acab4424009a123fc69eefd95e6d3.pt,02691156
airplane,airplane_730.pt,3ac64a2c67cb44f19777d69c8d47140.pt,02691156
airplane,airplane_731.pt,3ad337dcef167024fe6302fece358e4a.pt,02691156
airplane,airplane_732.pt,3ad6bdeed351f5a84e61a0c2eaaabe87.pt,02691156
airplane,airplane_733.pt,3adbafd59a34d393eccd82bb51193a7f.pt,02691156
airplane,airplane_734.pt,3ae96a1e1bb488942296d88107d065f6.pt,02691156
airplane,airplane_735.pt,3af52163a2d0551d91637951367b1518.pt,02691156
airplane,airplane_736.pt,3b0efeb0891a9686ca9f0727e23831d9.pt,02691156
airplane,airplane_737.pt,3b2a19d782234467f9cc1fc25372199f.pt,02691156
airplane,airplane_738.pt,3b31e28ac1eb36fe1eb4be4ad34a6dbd.pt,02691156
airplane,airplane_739.pt,3b3b2777be8b6b31ca8607f540cc62ba.pt,02691156
airplane,airplane_74.pt,143326cbe409ca9f62048be44e1fa435.pt,02691156
airplane,airplane_740.pt,3b3eb57af5f995c268aa0dbe2db661e2.pt,02691156
airplane,airplane_741.pt,3b41c0837f22555871d03b466c72ce41.pt,02691156
airplane,airplane_742.pt,3b529633bdd49dc1e5dbe91fa3801c4c.pt,02691156
airplane,airplane_743.pt,3b5b8a2384e8850d185b376619557c95.pt,02691156
airplane,airplane_744.pt,3b82e575165383903c83f6e156ad107a.pt,02691156
airplane,airplane_745.pt,3b86245a5cd388ccf12b4513d8540d7c.pt,02691156
airplane,airplane_746.pt,3b9241e85d07de6a8b6c3e7b944b34fa.pt,02691156
airplane,airplane_747.pt,3b95867a47a8afafe593bc205a118b49.pt,02691156
airplane,airplane_748.pt,3b9c905771244df7b6ed9420d56b12a9.pt,02691156
airplane,airplane_749.pt,3baa3ca477d17e1a61f1ef59130c405d.pt,02691156
airplane,airplane_75.pt,1435b52348569ce1bd46d022fd7d80aa.pt,02691156
airplane,airplane_750.pt,3bad4bd2c944d78391d77854c55fb8fc.pt,02691156
airplane,airplane_751.pt,3badd7765618bd66a532a2f6f060af39.pt,02691156
airplane,airplane_752.pt,3bc8cebf08ac975dbd46d022fd7d80aa.pt,02691156
airplane,airplane_753.pt,3bff0d84311470a357f53fe209e96fca.pt,02691156
airplane,airplane_754.pt,3c0a871ed33a1c6a296ee999ff54cc3b.pt,02691156
airplane,airplane_755.pt,3c109726e03fbac4ace5721ccacba16.pt,02691156
airplane,airplane_756.pt,3c1e298b4222f4d15d3bbd70fc7759b7.pt,02691156
airplane,airplane_757.pt,3c2986906532a1c8cc36f752df32539d.pt,02691156
airplane,airplane_758.pt,3c52f7f687ce7efe3df325aac2f73830.pt,02691156
airplane,airplane_759.pt,3c6c4be95d2dad2937b25178f54477f4.pt,02691156
airplane,airplane_76.pt,144070f63941362bd1810447902e2904.pt,02691156
airplane,airplane_760.pt,3c7e4628a9ea201bbf3143b1cb6076a.pt,02691156
airplane,airplane_761.pt,3c80dde1fb615ff5ca8607f540cc62ba.pt,02691156
airplane,airplane_762.pt,3c98bc293d33375a9a6e43b878d5b335.pt,02691156
airplane,airplane_763.pt,3c9d577c78dcc3904c3a35cee92bb95b.pt,02691156
airplane,airplane_764.pt,3ca058682dfe98f7f678b53750b6d181.pt,02691156
airplane,airplane_765.pt,3cab1ffcff8b84cbcad035c2ab458.pt,02691156
airplane,airplane_766.pt,3caf95d83fcccdcc28662498a294724.pt,02691156
airplane,airplane_767.pt,3cb63efff711cfc035fc197bbabcd5bd.pt,02691156
airplane,airplane_768.pt,3cbc83ba49edeccebc0909d98a1ff2b4.pt,02691156
airplane,airplane_769.pt,3cd1b98f12d2a22bf3ad4b0977199f23.pt,02691156
airplane,airplane_77.pt,14453b29e139d81f6d07c55cf995503e.pt,02691156
airplane,airplane_770.pt,3cdb3a166a13e44dafd477f714c68df9.pt,02691156
airplane,airplane_771.pt,3cdf7ea70c5a8471f446f92b52bbd82a.pt,02691156
airplane,airplane_772.pt,3d23703a618ce7df1e569ed4e4cfe84.pt,02691156
airplane,airplane_773.pt,3d2e10ca9a5db964dc398f7f89f37ee6.pt,02691156
airplane,airplane_774.pt,3d5354863690ac7eca27bba175814d1.pt,02691156
airplane,airplane_775.pt,3d6a8f8c27e465aac6747f7c9ffe9e32.pt,02691156
airplane,airplane_776.pt,3d6b9ea0f212e93f26360e1e29a956c7.pt,02691156
airplane,airplane_777.pt,3daca58825ce2ff6dc82b8fee1057b30.pt,02691156
airplane,airplane_778.pt,3db61220251b3c9de719b5362fe06bbb.pt,02691156
airplane,airplane_779.pt,3dc5331ce579b2d0d8ff6111270336a9.pt,02691156
airplane,airplane_78.pt,144649df5a5f9c8b5e4cd38353d7ef05.pt,02691156
airplane,airplane_780.pt,3e0561d70c7fd4f51c6e4e20f2b76086.pt,02691156
airplane,airplane_781.pt,3e0e8b37400e290125b57604d8b9519f.pt,02691156
airplane,airplane_782.pt,3e4b522e38ef9a781b5928ecfc4b0684.pt,02691156
airplane,airplane_783.pt,3e5aa51d27e294a835fc197bbabcd5bd.pt,02691156
airplane,airplane_784.pt,3e7e119508f0abf935fc197bbabcd5bd.pt,02691156
airplane,airplane_785.pt,3e8fc3155bbc4225c1ccec171a275967.pt,02691156
airplane,airplane_786.pt,3e9ff76da8ca4885d0635288642e63e.pt,02691156
airplane,airplane_787.pt,3ecea45bfa541b8e4a4dd08ffc16eb81.pt,02691156
airplane,airplane_788.pt,3ee352a759364cdfbd46d022fd7d80aa.pt,02691156
airplane,airplane_789.pt,3f387e8586f92b6b7d3b11085e75c7ad.pt,02691156
airplane,airplane_79.pt,146533404a778665c93b40751084c22.pt,02691156
airplane,airplane_790.pt,3f3cd5461f7ec6edfa8a0c9a1860ff01.pt,02691156
airplane,airplane_791.pt,3f69370401d4dc9a275386e1d3ac388e.pt,02691156
airplane,airplane_792.pt,3f6c0034bb278de4f446f92b52bbd82a.pt,02691156
airplane,airplane_793.pt,3f80ce1461f3dbfe16af5d7a0b735543.pt,02691156
airplane,airplane_794.pt,3f9cab3630160be9f19e1980c1653b79.pt,02691156
airplane,airplane_795.pt,3fa511e1882e41eeca8607f540cc62ba.pt,02691156
airplane,airplane_796.pt,3fa5f65a92a5e521d87c63d8b3018b58.pt,02691156
airplane,airplane_797.pt,3fa6a05b62169e0d2350d07acbcc057a.pt,02691156
airplane,airplane_798.pt,3fb3fa76a2e67bae71d03b466c72ce41.pt,02691156
airplane,airplane_799.pt,3fb7ceab42d7b17219ba010ddb4974fe.pt,02691156
airplane,airplane_8.pt,10aa040f470500c6a66ef8df4909ded9.pt,02691156
airplane,airplane_80.pt,14762404f34eb050bf7a28999a707afd.pt,02691156
airplane,airplane_800.pt,3fba2f3ea21abb4f8c1b0ccac3d04f1.pt,02691156
airplane,airplane_801.pt,3fc25f2cd192f7d262b600da24e0965.pt,02691156
airplane,airplane_802.pt,3fc5fb97d23b6bf111f78b196c636566.pt,02691156
airplane,airplane_803.pt,3fd97395c1d1479b35cfde72d9f6a4cf.pt,02691156
airplane,airplane_804.pt,3fe365251b54087af0478431b5ad57db.pt,02691156
airplane,airplane_805.pt,3fe8243b660d5e8fbc0909d98a1ff2b4.pt,02691156
airplane,airplane_806.pt,3feeb5f8ecbfcb4ba8f0518e94fcfb22.pt,02691156
airplane,airplane_807.pt,4008286f2fe8b6a97c44cd1ce3d402d0.pt,02691156
airplane,airplane_808.pt,40192d0e50b4d2c1f27a705edb2f9ba6.pt,02691156
airplane,airplane_809.pt,40278c4bbf6c1f3d9642905e5096dbcb.pt,02691156
airplane,airplane_81.pt,1482d7a9e529dde7340461a254c1a95.pt,02691156
airplane,airplane_810.pt,4031ee8a4631762c9566f663623859aa.pt,02691156
airplane,airplane_811.pt,4044d5954ef85af8279326882e8430cb.pt,02691156
airplane,airplane_812.pt,404714cf775f5ceed32761b337f8b72a.pt,02691156
airplane,airplane_813.pt,4063fb031d8fb78e505ae8d422ba349d.pt,02691156
airplane,airplane_814.pt,407135e4c3c7cf2523c853ced7da0343.pt,02691156
airplane,airplane_815.pt,408af35642971375be13ce34aa7c0c1c.pt,02691156
airplane,airplane_816.pt,40a828b10b1b092bd208f79049825a82.pt,02691156
airplane,airplane_817.pt,40b916f7c41ad451494ac047ec5b052e.pt,02691156
airplane,airplane_818.pt,40c730231c4da8f33c3bcafb5ffed4c0.pt,02691156
airplane,airplane_819.pt,40d6a54bb4f276afefe0d4e1eba2e3af.pt,02691156
airplane,airplane_82.pt,1490a4ae04d453784f856435f28995af.pt,02691156
airplane,airplane_820.pt,40dc09d726aa6325ce2cec85ea6ae00d.pt,02691156
airplane,airplane_821.pt,40fefe66b018c17b4c2c88971423d0be.pt,02691156
airplane,airplane_822.pt,4100df683795dfa1f95dfd5eb5f06d19.pt,02691156
airplane,airplane_823.pt,4129199695b9344930813b40bae6f4cd.pt,02691156
airplane,airplane_824.pt,413a85d9cc7f19a8b6c3e7b944b34fa.pt,02691156
airplane,airplane_825.pt,414f3305033ad38934f276985b6d695.pt,02691156
airplane,airplane_826.pt,41aafedd84a6fa7490baeef8ba5b93e5.pt,02691156
airplane,airplane_827.pt,41abfb4a9e8071754a40844f179aeca9.pt,02691156
airplane,airplane_828.pt,41acaa4d19dbdca75ad6eb90e75c835d.pt,02691156
airplane,airplane_829.pt,41afa42c77cd167c2b5147716975ed8a.pt,02691156
airplane,airplane_83.pt,1492ab4cf7a345e34b6f686803e61ffd.pt,02691156
airplane,airplane_830.pt,41c7470ce9ecb74b6f9423fcc87803f2.pt,02691156
airplane,airplane_831.pt,41d4250764619ff5bbf3143b1cb6076a.pt,02691156
airplane,airplane_832.pt,41dca8046b0edc8f26360e1e29a956c7.pt,02691156
airplane,airplane_833.pt,41fadd55b341e54ab87697d3904b168b.pt,02691156
airplane,airplane_834.pt,41fd618a15692db27359b134afde902.pt,02691156
airplane,airplane_835.pt,4204361e3781952a8e951223a21e1fc1.pt,02691156
airplane,airplane_836.pt,4209abb3ec319f85e5118a089c2a99af.pt,02691156
airplane,airplane_837.pt,420eb46efaa81427b60ce16063f0788e.pt,02691156
airplane,airplane_838.pt,420efeb902ba9c9f47f9199352b2dddb.pt,02691156
airplane,airplane_839.pt,420f3bb771e8e75ed878249aca2571f.pt,02691156
airplane,airplane_84.pt,1496504f42de2eef8b96ae1a0a8b84ec.pt,02691156
airplane,airplane_840.pt,420f92d84c88244b9a6e43b878d5b335.pt,02691156
airplane,airplane_841.pt,421f45774389984bea6586b61968eac.pt,02691156
airplane,airplane_842.pt,422105cd23178ebf333c61abffc4e1c4.pt,02691156
airplane,airplane_843.pt,422700fbef58a0ee1fd12d3807585791.pt,02691156
airplane,airplane_844.pt,4244f171a6065c2f71e3a79f2415f19.pt,02691156
airplane,airplane_845.pt,425619faec43ba86a000a5a61b867bca.pt,02691156
airplane,airplane_846.pt,427030abcc0f11a8947bbeb9022263b8.pt,02691156
airplane,airplane_847.pt,427240c0fde25a90e6901f9a264cdbc0.pt,02691156
airplane,airplane_848.pt,42b464affaa4b3f985e0a2007a11e92f.pt,02691156
airplane,airplane_849.pt,42b63c881861105ccc14f1e6f4f4f49b.pt,02691156
airplane,airplane_85.pt,149702d4e275568c18b14db3b83de9ff.pt,02691156
airplane,airplane_850.pt,42b71c3f82a845574c3a35cee92bb95b.pt,02691156
airplane,airplane_851.pt,42d9f626ba4bc61516c4bdb2c8eca27b.pt,02691156
airplane,airplane_852.pt,42dcf7058ed936fd22362be7f5226e91.pt,02691156
airplane,airplane_853.pt,4303c9458a723504d972c9dd75ed77d4.pt,02691156
airplane,airplane_854.pt,4374a3b4b98e247b398db3ebdf468ed7.pt,02691156
airplane,airplane_855.pt,4377ea17eb17fa79216b327569dd806e.pt,02691156
airplane,airplane_856.pt,437de410d7c23cbb29b33c3ec58287c9.pt,02691156
airplane,airplane_857.pt,4385e4300e72e49e90b1d6deb98feec6.pt,02691156
airplane,airplane_858.pt,4396510f1346f13050586f69625e08a2.pt,02691156
airplane,airplane_859.pt,439c0ad637f11af762b600da24e0965.pt,02691156
airplane,airplane_86.pt,14bf5197d60d733f2a3ecc4a9713cabb.pt,02691156
airplane,airplane_860.pt,43abe330362164e99be82ec29531a70f.pt,02691156
airplane,airplane_861.pt,43beab0c1cc46ae641b5a73cd6c05ccd.pt,02691156
airplane,airplane_862.pt,43c5f85e9a10071cb1bb46d2556ba67d.pt,02691156
airplane,airplane_863.pt,43d8125d940bb2ae850f318836ee7512.pt,02691156
airplane,airplane_864.pt,43ddfbedbd6721fa828204947d78b9af.pt,02691156
airplane,airplane_865.pt,43e078c68d2fa3b4d5d30e1306d90d74.pt,02691156
airplane,airplane_866.pt,43edf9f02a027ed162f11c7bf54cc1ed.pt,02691156
airplane,airplane_867.pt,440ac1b4ac3cbe114c3a35cee92bb95b.pt,02691156
airplane,airplane_868.pt,440e5ba74ac8124e9751c7a6f15617f4.pt,02691156
airplane,airplane_869.pt,443be81bfa6e5b5ef6babb7d9ead7011.pt,02691156
airplane,airplane_87.pt,14c954d5d3c8e954b6b87e72ead132ed.pt,02691156
airplane,airplane_870.pt,444a58c4c6bfcd6c7a571401e6605fc2.pt,02691156
airplane,airplane_871.pt,444d67950ff9a4cc1139bebb00fe5be8.pt,02691156
airplane,airplane_872.pt,445404a75a0ba2ab1fc43d5b32fa230f.pt,02691156
airplane,airplane_873.pt,4457652c2853e0bea8cba409c4409ba9.pt,02691156
airplane,airplane_874.pt,446327ea5e2e50aebbf3143b1cb6076a.pt,02691156
airplane,airplane_875.pt,446f9144536c0e47f0c7ca80512a3ddf.pt,02691156
airplane,airplane_876.pt,4470a28f2dd0cca9d9fba06863881b8d.pt,02691156
airplane,airplane_877.pt,44836457aff60736e10e757961deca98.pt,02691156
airplane,airplane_878.pt,448b45ac858784e9b020e22bd5fe2e73.pt,02691156
airplane,airplane_879.pt,448bd2bcde027ca9e5d07633dda45110.pt,02691156
airplane,airplane_88.pt,14cd2f1de7f68bf3ab550998f901c8e1.pt,02691156
airplane,airplane_880.pt,448ff32981729dd38eeecfc1f147b56c.pt,02691156
airplane,airplane_881.pt,44ae568461e04dc2fb3831486f8b425d.pt,02691156
airplane,airplane_882.pt,44c0cb6571f6f000ca8607f540cc62ba.pt,02691156
airplane,airplane_883.pt,44dece8f8529374ee2199ec015f35ba2.pt,02691156
airplane,airplane_884.pt,44e08106211ff2596ed8c57a1980bb26.pt,02691156
airplane,airplane_885.pt,4508864390ae424d663e50e76f163b3.pt,02691156
airplane,airplane_886.pt,45145c5e7924dca8e991cc67fb9c11f.pt,02691156
airplane,airplane_887.pt,4515ac65d312fdbdb63361ca9ddfc9ae.pt,02691156
airplane,airplane_888.pt,45251b4f76c9a840139336f03eb955d2.pt,02691156
airplane,airplane_889.pt,452c18f8997c53741adbb4c4e06ad649.pt,02691156
airplane,airplane_89.pt,14d6bbabad3ad00dbbf3143b1cb6076a.pt,02691156
airplane,airplane_890.pt,4542b5cf23a95691ca8607f540cc62ba.pt,02691156
airplane,airplane_891.pt,4542d34685168ecf7a571401e6605fc2.pt,02691156
airplane,airplane_892.pt,45570756a871989cfb5c1b0f759e2bc1.pt,02691156
airplane,airplane_893.pt,45574293b59c62ff301fa0a0663ee996.pt,02691156
airplane,airplane_894.pt,455bcf19112ebab52e78e1154b9a2647.pt,02691156
airplane,airplane_895.pt,4561def0c651631122309ea5a3ab0f04.pt,02691156
airplane,airplane_896.pt,457c12e05d0f5d15762c3bd1a2b3f377.pt,02691156
airplane,airplane_897.pt,45801aa10db0636d4694b8455e89054.pt,02691156
airplane,airplane_898.pt,4580804c798365a094a6f19fab16fe62.pt,02691156
airplane,airplane_899.pt,45985e48353c65cfd14a90435b48593.pt,02691156
airplane,airplane_9.pt,10af5de930178a161596c26b5af806fe.pt,02691156
airplane,airplane_90.pt,14d9c576d06622198f52dc705c3109b9.pt,02691156
airplane,airplane_900.pt,45a4b43dc4c77dea6818e4a1f2613507.pt,02691156
airplane,airplane_901.pt,45a4ec99ed13ed773c2498c4c2f13ca.pt,02691156
airplane,airplane_902.pt,45bd6c0723e555d4ba2821676102936.pt,02691156
airplane,airplane_903.pt,45c4867cd4554e7cc863ab010b80d9ed.pt,02691156
airplane,airplane_904.pt,45c963d64b8ef3de37678474be485ca.pt,02691156
airplane,airplane_905.pt,460cf3a75d8467d1bb579d1d8d989550.pt,02691156
airplane,airplane_906.pt,460f2b6d8f4dc18d565895440030d853.pt,02691156
airplane,airplane_907.pt,461891f9231fc09a3d21c2160f47f16.pt,02691156
airplane,airplane_908.pt,4635326bc4fdc3e9297cd7e2ef7dfa80.pt,02691156
airplane,airplane_909.pt,463834c3aa682c281883411175051361.pt,02691156
airplane,airplane_91.pt,14ec1da5f5499d83bc0909d98a1ff2b4.pt,02691156
airplane,airplane_910.pt,464879f87b67827af268234accd8cf4e.pt,02691156
airplane,airplane_911.pt,464a8718f0e81ffd9a6e43b878d5b335.pt,02691156
airplane,airplane_912.pt,4653be69e215a1a4b378822897b79a81.pt,02691156
airplane,airplane_913.pt,4658a2fb7353f839643ae903098a314.pt,02691156
airplane,airplane_914.pt,46791426a5b92fed6cc9876a2c35084c.pt,02691156
airplane,airplane_915.pt,46829981c5c25285bfc0a2c490b4c222.pt,02691156
airplane,airplane_916.pt,468831f7b19aaebabbf3143b1cb6076a.pt,02691156
airplane,airplane_917.pt,468e504d8c28d8c9b8b8dbe00be04f1d.pt,02691156
airplane,airplane_918.pt,46a1b199bd63c0b4505ae8d422ba349d.pt,02691156
airplane,airplane_919.pt,46ae88cad17edca7ae7c0d0e12bd33da.pt,02691156
airplane,airplane_92.pt,150cdc45dabde04f7f29c61065b4dc5a.pt,02691156
airplane,airplane_920.pt,46c07706f1bd10fcf9cf2c77edbc841c.pt,02691156
airplane,airplane_921.pt,46c259e87609c54fafc0cc47720c0ef4.pt,02691156
airplane,airplane_922.pt,46c311894026d9a762b600da24e0965.pt,02691156
airplane,airplane_923.pt,46c52edc6107d1a3505ae8d422ba349d.pt,02691156
airplane,airplane_924.pt,46d2373fa05a4876bc913a3935f0ae10.pt,02691156
airplane,airplane_925.pt,46d334b92644b9c8445d150719ce97db.pt,02691156
airplane,airplane_926.pt,46d4d453ceac2f5c3c3b254d8683a766.pt,02691156
airplane,airplane_927.pt,46dcd7b89d67cc41a1398b9e7da33687.pt,02691156
airplane,airplane_928.pt,46f9b86c1292366fadc12de54d203570.pt,02691156
airplane,airplane_929.pt,47006ce926cd5519b3f2b01de37c0b29.pt,02691156
airplane,airplane_93.pt,150fd58e55111034761c6d3861a25da2.pt,02691156
airplane,airplane_930.pt,4710274bd87b099f19cd118ab9f114a4.pt,02691156
airplane,airplane_931.pt,471ca950dbdf0c6c5f80f808704d6409.pt,02691156
airplane,airplane_932.pt,471f072ea9d51f639d92b4de623f5639.pt,02691156
airplane,airplane_933.pt,472e6c2a77198432e1211756a8e887aa.pt,02691156
airplane,airplane_934.pt,47319a4f6de68c2966cf1b4a8fc3914e.pt,02691156
airplane,airplane_935.pt,47331e4c26dd1dbc66cf1b4a8fc3914e.pt,02691156
airplane,airplane_936.pt,4761e30dcb30471cf7d5cc24ec79e682.pt,02691156
airplane,airplane_937.pt,47821cd2309d5a3990b1d6deb98feec6.pt,02691156
airplane,airplane_938.pt,4782920ddfdeef4ef6bd63e31c40dc1.pt,02691156
airplane,airplane_939.pt,4788f4d5afd92e151df8f3faa46a0206.pt,02691156
airplane,airplane_94.pt,151550551758af098b96ae1a0a8b84ec.pt,02691156
airplane,airplane_940.pt,47a40ce42bb9077579dc7d843e2be5ed.pt,02691156
airplane,airplane_941.pt,47a4ed133dd37264521546825315c695.pt,02691156
airplane,airplane_942.pt,47b409c5c80dd7c533de69c9cd670995.pt,02691156
airplane,airplane_943.pt,47bb2e8a53331a2f3554ccf8c30febe7.pt,02691156
airplane,airplane_944.pt,47bf091a7c919d1c90b1d6deb98feec6.pt,02691156
airplane,airplane_945.pt,47c7b3cb099b3212d1c83bc8b134e4d8.pt,02691156
airplane,airplane_946.pt,47d677bf1dec3dca82cea33798fcd6b6.pt,02691156
airplane,airplane_947.pt,47d958a8a781144b132a08135eefe76d.pt,02691156
airplane,airplane_948.pt,47e48c70040beb9c8db97d9bc169245.pt,02691156
airplane,airplane_949.pt,47fe79cbf9d6ef36dc3607950feada54.pt,02691156
airplane,airplane_95.pt,152d35bcceab5592eb1a0518c224975f.pt,02691156
airplane,airplane_950.pt,480d027eea9830b511c04c8a3e94088.pt,02691156
airplane,airplane_951.pt,480ee59947a01283873ec74c119307b9.pt,02691156
airplane,airplane_952.pt,483207a72a39129771d03b466c72ce41.pt,02691156
airplane,airplane_953.pt,4843a702815e8ab442ffb0c016ee58f9.pt,02691156
airplane,airplane_954.pt,4853e07c17127af7df92be10876fa000.pt,02691156
airplane,airplane_955.pt,486f1238321ffd2825eb6beb311c44e1.pt,02691156
airplane,airplane_956.pt,48706d323b9041d5438a95791ca4064d.pt,02691156
airplane,airplane_957.pt,4875318127182dbd15aba2f83720a298.pt,02691156
airplane,airplane_958.pt,487c60f57489506d5d515fd83cfe3891.pt,02691156
airplane,airplane_959.pt,48836d07312f930223e2b52fb0c019e0.pt,02691156
airplane,airplane_96.pt,1530400ceabc1d7145ec485f7da1d9e3.pt,02691156
airplane,airplane_960.pt,48996e27f430ce286f67a5681eaf4d9f.pt,02691156
airplane,airplane_961.pt,489d3e4cc3d790a0ca8607f540cc62ba.pt,02691156
airplane,airplane_962.pt,48a0d4cb43c961165de04aad18bd94c3.pt,02691156
airplane,airplane_963.pt,48a36df204cb05dde7fc8cd567dee096.pt,02691156
airplane,airplane_964.pt,48a9b9c041d377b26012a714b05f25ca.pt,02691156
airplane,airplane_965.pt,48b99ae8fbe0762a8ed04761eced33c6.pt,02691156
airplane,airplane_966.pt,48bcce07b0baf689d9e6f00e848ea18.pt,02691156
airplane,airplane_967.pt,48c2f17fd1610cddf9b189ce48b45ae1.pt,02691156
airplane,airplane_968.pt,48c4b6bde824e987a8cba409c4409ba9.pt,02691156
airplane,airplane_969.pt,48c4e5e2c2dfccc7a68efacd2d601104.pt,02691156
airplane,airplane_97.pt,154146362c18b3c447fdda991f503a6b.pt,02691156
airplane,airplane_970.pt,48cb2de06f46cde25ed29e0a9f14425.pt,02691156
airplane,airplane_971.pt,48d03ffabd0399f4303510f9a56d94fe.pt,02691156
airplane,airplane_972.pt,48df2496242053da4ee0fb6a51564c3.pt,02691156
airplane,airplane_973.pt,48e477d5904bb7bb1ad94eee1d03defc.pt,02691156
airplane,airplane_974.pt,48e47a6e592cf635590b4d838791a67a.pt,02691156
airplane,airplane_975.pt,48e9c61de4db838d84b83051fa0ae5d2.pt,02691156
airplane,airplane_976.pt,48fc59725119ac1133de69c9cd670995.pt,02691156
airplane,airplane_977.pt,48fed12884533a5fe48f6bbab67fa514.pt,02691156
airplane,airplane_978.pt,49131e925ef3349566cf1b4a8fc3914e.pt,02691156
airplane,airplane_979.pt,4937396b74bc16eaf781741e31f0df4.pt,02691156
airplane,airplane_98.pt,15442b53631b7e88232438a710acf1da.pt,02691156
airplane,airplane_980.pt,494660cc290492218ac43fbf276bac06.pt,02691156
airplane,airplane_981.pt,494a1698eb82572c3df325aac2f73830.pt,02691156
airplane,airplane_982.pt,49611834b200ece04c3a35cee92bb95b.pt,02691156
airplane,airplane_983.pt,49660fd24e5c2fbab87697d3904b168b.pt,02691156
airplane,airplane_984.pt,4982bea0a007c19593b2f224b3acb952.pt,02691156
airplane,airplane_985.pt,498ea154c08d51abc863ab010b80d9ed.pt,02691156
airplane,airplane_986.pt,49917fb82beca4beca8607f540cc62ba.pt,02691156
airplane,airplane_987.pt,4992d4c425b3cb426e8204b21fc3574b.pt,02691156
airplane,airplane_988.pt,49aa625393dbd1a4d443895deb2f03aa.pt,02691156
airplane,airplane_989.pt,49e21b81565a51e6493c5f51f14398c7.pt,02691156
airplane,airplane_99.pt,1560968d05cd8887cc14f1e6f4f4f49b.pt,02691156
airplane,airplane_990.pt,49e9aa7ffa2b1a25e9d8a35d7a1fb08d.pt,02691156
airplane,airplane_991.pt,49f400e6574c75554c3a35cee92bb95b.pt,02691156
airplane,airplane_992.pt,4a11239139c5f81762b600da24e0965.pt,02691156
airplane,airplane_993.pt,4a15b999378e1831dee83316225be271.pt,02691156
airplane,airplane_994.pt,4a199b1c3c80c8823bfdf036d38c839b.pt,02691156
airplane,airplane_995.pt,4a21d3920b11cdbf1592d7a04a86fa53.pt,02691156
airplane,airplane_996.pt,4a27a6276e748777bc0909d98a1ff2b4.pt,02691156
airplane,airplane_997.pt,4a300ea7cbe3ae58a42c49797afd1f5c.pt,02691156
airplane,airplane_998.pt,4a3950ebb6fe6aca8afca43ae0909988.pt,02691156
airplane,airplane_999.pt,4a552066ae1da546cc34b900bb2492e.pt,02691156
bathtub,bathtub_1.pt,bathtub_0107_aug0.pt,beathtub_aug0
bathtub,bathtub_10.pt,bathtub_0116_aug0.pt,beathtub_aug0
bathtub,bathtub_11.pt,bathtub_0117_aug0.pt,beathtub_aug0
bathtub,bathtub_12.pt,bathtub_0118_aug0.pt,beathtub_aug0
bathtub,bathtub_13.pt,bathtub_0119_aug0.pt,beathtub_aug0
bathtub,bathtub_14.pt,bathtub_0120_aug0.pt,beathtub_aug0
bathtub,bathtub_15.pt,bathtub_0121_aug0.pt,beathtub_aug0
bathtub,bathtub_16.pt,bathtub_0122_aug0.pt,beathtub_aug0
bathtub,bathtub_17.pt,bathtub_0123_aug0.pt,beathtub_aug0
bathtub,bathtub_18.pt,bathtub_0124_aug0.pt,beathtub_aug0
bathtub,bathtub_19.pt,bathtub_0125_aug0.pt,beathtub_aug0
bathtub,bathtub_2.pt,bathtub_0108_aug0.pt,beathtub_aug0
bathtub,bathtub_20.pt,bathtub_0126_aug0.pt,beathtub_aug0
bathtub,bathtub_21.pt,bathtub_0127_aug0.pt,beathtub_aug0
bathtub,bathtub_22.pt,bathtub_0128_aug0.pt,beathtub_aug0
bathtub,bathtub_23.pt,bathtub_0129_aug0.pt,beathtub_aug0
bathtub,bathtub_24.pt,bathtub_0130_aug0.pt,beathtub_aug0
bathtub,bathtub_25.pt,bathtub_0131_aug0.pt,beathtub_aug0
bathtub,bathtub_26.pt,bathtub_0132_aug0.pt,beathtub_aug0
bathtub,bathtub_27.pt,bathtub_0133_aug0.pt,beathtub_aug0
bathtub,bathtub_28.pt,bathtub_0134_aug0.pt,beathtub_aug0
bathtub,bathtub_29.pt,bathtub_0135_aug0.pt,beathtub_aug0
bathtub,bathtub_3.pt,bathtub_0109_aug0.pt,beathtub_aug0
bathtub,bathtub_30.pt,bathtub_0136_aug0.pt,beathtub_aug0
bathtub,bathtub_4.pt,bathtub_0110_aug0.pt,beathtub_aug0
bathtub,bathtub_5.pt,bathtub_0111_aug0.pt,beathtub_aug0
bathtub,bathtub_6.pt,bathtub_0112_aug0.pt,beathtub_aug0
bathtub,bathtub_7.pt,bathtub_0113_aug0.pt,beathtub_aug0
bathtub,bathtub_8.pt,bathtub_0114_aug0.pt,beathtub_aug0
bathtub,bathtub_9.pt,bathtub_0115_aug0.pt,beathtub_aug0
bed,bed_1.pt,bed_0516_aug0.pt,bed
bed,bed_10.pt,bed_0525_aug0.pt,bed
bed,bed_11.pt,bed_0526_aug0.pt,bed
bed,bed_12.pt,bed_0527_aug0.pt,bed
bed,bed_13.pt,bed_0528_aug0.pt,bed
bed,bed_14.pt,bed_0529_aug0.pt,bed
bed,bed_15.pt,bed_0530_aug0.pt,bed
bed,bed_16.pt,bed_0531_aug0.pt,bed
bed,bed_17.pt,bed_0532_aug0.pt,bed
bed,bed_18.pt,bed_0533_aug0.pt,bed
bed,bed_19.pt,bed_0534_aug0.pt,bed
bed,bed_2.pt,bed_0517_aug0.pt,bed
bed,bed_20.pt,bed_0535_aug0.pt,bed
bed,bed_3.pt,bed_0518_aug0.pt,bed
bed,bed_4.pt,bed_0519_aug0.pt,bed
bed,bed_5.pt,bed_0520_aug0.pt,bed
bed,bed_6.pt,bed_0521_aug0.pt,bed
bed,bed_7.pt,bed_0522_aug0.pt,bed
bed,bed_8.pt,bed_0523_aug0.pt,bed
bed,bed_9.pt,bed_0524_aug0.pt,bed
bench,bench_1.pt,bench_0174_aug0.pt,bench_aug0
bench,bench_10.pt,bench_0183_aug0.pt,bench_aug0
bench,bench_11.pt,bench_0184_aug0.pt,bench_aug0
bench,bench_12.pt,bench_0185_aug0.pt,bench_aug0
bench,bench_13.pt,bench_0186_aug0.pt,bench_aug0
bench,bench_14.pt,bench_0187_aug0.pt,bench_aug0
bench,bench_15.pt,bench_0188_aug0.pt,bench_aug0
bench,bench_16.pt,bench_0189_aug0.pt,bench_aug0
bench,bench_17.pt,bench_0190_aug0.pt,bench_aug0
bench,bench_18.pt,bench_0191_aug0.pt,bench_aug0
bench,bench_19.pt,bench_0192_aug0.pt,bench_aug0
bench,bench_2.pt,bench_0175_aug0.pt,bench_aug0
bench,bench_20.pt,bench_0193_aug0.pt,bench_aug0
bench,bench_3.pt,bench_0176_aug0.pt,bench_aug0
bench,bench_4.pt,bench_0177_aug0.pt,bench_aug0
bench,bench_5.pt,bench_0178_aug0.pt,bench_aug0
bench,bench_6.pt,bench_0179_aug0.pt,bench_aug0
bench,bench_7.pt,bench_0180_aug0.pt,bench_aug0
bench,bench_8.pt,bench_0181_aug0.pt,bench_aug0
bench,bench_9.pt,bench_0182_aug0.pt,bench_aug0
bookshelf,bookshelf_1.pt,bookshelf_0573_aug0.pt,bookshelf_aug0
bookshelf,bookshelf_10.pt,bookshelf_0582_aug0.pt,bookshelf_aug0
bookshelf,bookshelf_11.pt,bookshelf_0583_aug0.pt,bookshelf_aug0
bookshelf,bookshelf_12.pt,bookshelf_0584_aug0.pt,bookshelf_aug0
bookshelf,bookshelf_13.pt,bookshelf_0585_aug0.pt,bookshelf_aug0
bookshelf,bookshelf_14.pt,bookshelf_0586_aug0.pt,bookshelf_aug0
bookshelf,bookshelf_15.pt,bookshelf_0587_aug0.pt,bookshelf_aug0
bookshelf,bookshelf_16.pt,bookshelf_0588_aug0.pt,bookshelf_aug0
bookshelf,bookshelf_17.pt,bookshelf_0589_aug0.pt,bookshelf_aug0
bookshelf,bookshelf_18.pt,bookshelf_0590_aug0.pt,bookshelf_aug0
bookshelf,bookshelf_19.pt,bookshelf_0591_aug0.pt,bookshelf_aug0
bookshelf,bookshelf_2.pt,bookshelf_0574_aug0.pt,bookshelf_aug0
bookshelf,bookshelf_20.pt,bookshelf_0592_aug0.pt,bookshelf_aug0
bookshelf,bookshelf_21.pt,bookshelf_0593_aug0.pt,bookshelf_aug0
bookshelf,bookshelf_22.pt,bookshelf_0594_aug0.pt,bookshelf_aug0
bookshelf,bookshelf_23.pt,bookshelf_0595_aug0.pt,bookshelf_aug0
bookshelf,bookshelf_24.pt,bookshelf_0596_aug0.pt,bookshelf_aug0
bookshelf,bookshelf_25.pt,bookshelf_0597_aug0.pt,bookshelf_aug0
bookshelf,bookshelf_26.pt,bookshelf_0598_aug0.pt,bookshelf_aug0
bookshelf,bookshelf_27.pt,bookshelf_0599_aug0.pt,bookshelf_aug0
bookshelf,bookshelf_28.pt,bookshelf_0600_aug0.pt,bookshelf_aug0
bookshelf,bookshelf_29.pt,bookshelf_0601_aug0.pt,bookshelf_aug0
bookshelf,bookshelf_3.pt,bookshelf_0575_aug0.pt,bookshelf_aug0
bookshelf,bookshelf_30.pt,bookshelf_0602_aug0.pt,bookshelf_aug0
bookshelf,bookshelf_4.pt,bookshelf_0576_aug0.pt,bookshelf_aug0
bookshelf,bookshelf_5.pt,bookshelf_0577_aug0.pt,bookshelf_aug0
bookshelf,bookshelf_6.pt,bookshelf_0578_aug0.pt,bookshelf_aug0
bookshelf,bookshelf_7.pt,bookshelf_0579_aug0.pt,bookshelf_aug0
bookshelf,bookshelf_8.pt,bookshelf_0580_aug0.pt,bookshelf_aug0
bookshelf,bookshelf_9.pt,bookshelf_0581_aug0.pt,bookshelf_aug0
bottle,bottle_1.pt,bottle_0336_aug0.pt,bottle
bottle,bottle_10.pt,bottle_0345_aug0.pt,bottle
bottle,bottle_11.pt,bottle_0346_aug0.pt,bottle
bottle,bottle_12.pt,bottle_0347_aug0.pt,bottle
bottle,bottle_13.pt,bottle_0348_aug0.pt,bottle
bottle,bottle_14.pt,bottle_0349_aug0.pt,bottle
bottle,bottle_15.pt,bottle_0350_aug0.pt,bottle
bottle,bottle_16.pt,bottle_0351_aug0.pt,bottle
bottle,bottle_17.pt,bottle_0352_aug0.pt,bottle
bottle,bottle_18.pt,bottle_0353_aug0.pt,bottle
bottle,bottle_19.pt,bottle_0354_aug0.pt,bottle
bottle,bottle_2.pt,bottle_0337_aug0.pt,bottle
bottle,bottle_20.pt,bottle_0355_aug0.pt,bottle
bottle,bottle_3.pt,bottle_0338_aug0.pt,bottle
bottle,bottle_4.pt,bottle_0339_aug0.pt,bottle
bottle,bottle_5.pt,bottle_0340_aug0.pt,bottle
bottle,bottle_6.pt,bottle_0341_aug0.pt,bottle
bottle,bottle_7.pt,bottle_0342_aug0.pt,bottle
bottle,bottle_8.pt,bottle_0343_aug0.pt,bottle
bottle,bottle_9.pt,bottle_0344_aug0.pt,bottle
bowl,bowl_1.pt,11547e8d8f143557525b133235812833.pt,02880940
bowl,bowl_10.pt,1fbb9f70d081630e638b4be15b07b442.pt,02880940
bowl,bowl_11.pt,24907349b2323824664b3b9b23ddfcbc.pt,02880940
bowl,bowl_12.pt,260545503087dc5186810055962d0a91.pt,02880940
bowl,bowl_13.pt,292d2dda9923752f3e275dc4ab785b9f.pt,02880940
bowl,bowl_14.pt,2a1e9b5c0cead676b8183a4a81361b94.pt,02880940
bowl,bowl_15.pt,2c1df84ec01cea4e525b133235812833.pt,02880940
bowl,bowl_16.pt,2cfecc8ce6c7cd1f3497637ec59e0374.pt,02880940
bowl,bowl_17.pt,2d2c419136447fe667964ba700cd97f5.pt,02880940
bowl,bowl_18.pt,2e545ccae1cdc69d879b85bd5ada6e71.pt,02880940
bowl,bowl_19.pt,2ffe06ee50ec1420adbe0813683fcfd0.pt,02880940
bowl,bowl_2.pt,12ddb18397a816c8948bef6886fb4ac.pt,02880940
bowl,bowl_20.pt,3152c7a0e8ee4356314eed4e88b74a21.pt,02880940
bowl,bowl_21.pt,326c6280eee2bf74257e043ec9630f.pt,02880940
bowl,bowl_22.pt,32f9c710e264388e2150a45ec52bcbd7.pt,02880940
bowl,bowl_23.pt,34875f8448f98813a2c59a4d90e63212.pt,02880940
bowl,bowl_24.pt,36ca3b684dbb9c159599371049c32d38.pt,02880940
bowl,bowl_25.pt,381db800b87b5ff88616812464c86290.pt,02880940
bowl,bowl_26.pt,38d2122b2aa05f92e1b9b7b3765e2bea.pt,02880940
bowl,bowl_27.pt,3a7737c7bb4a6194f60bf3def77dca62.pt,02880940
bowl,bowl_28.pt,3bedfd655c45c6747bc26b16f550876f.pt,02880940
bowl,bowl_29.pt,3f56833e91054d2518e800f0d88f9019.pt,02880940
bowl,bowl_3.pt,13e879cb517784a63a4b07a265cff347.pt,02880940
bowl,bowl_30.pt,3f6a6718d729b77bed2eab6efdeec5f8.pt,02880940
bowl,bowl_31.pt,4017528ab5816338664b3b9b23ddfcbc.pt,02880940
bowl,bowl_32.pt,4227b58665eadcefc0dc3ed657ab97f0.pt,02880940
bowl,bowl_33.pt,429a622eac559887bbe43d356df0e955.pt,02880940
bowl,bowl_34.pt,441cac4bae5c7c315c2a2c970803cfe2.pt,02880940
bowl,bowl_35.pt,446583d7bf857dced5cb6d178687b980.pt,02880940
bowl,bowl_36.pt,4530e6df2747b643f6415fd62314b5ed.pt,02880940
bowl,bowl_37.pt,454fa7fd637177cf2bea4b6e7618432.pt,02880940
bowl,bowl_38.pt,45603bffc6a2866b5d1ac0d5489f7d84.pt,02880940
bowl,bowl_39.pt,468b9b34d07eb9211c75d484f9069623.pt,02880940
bowl,bowl_4.pt,154ab09c67b9d04fb4971a63df4b1d36.pt,02880940
bowl,bowl_40.pt,46d014209027ec188e74a3351a4d8b3a.pt,02880940
bowl,bowl_41.pt,47175c7b12bf0b61320b691da6d871fb.pt,02880940
bowl,bowl_42.pt,4845731dbf7522b07492cbf7d8bec255.pt,02880940
bowl,bowl_43.pt,4967063fc3673caa47fe6b02985fbd0.pt,02880940
bowl,bowl_44.pt,4b32d2c623b54dd4fe296ad57d60d898.pt,02880940
bowl,bowl_45.pt,4bf56e6a081c2a85a11f6bacf5c7662d.pt,02880940
bowl,bowl_46.pt,4cf18594e8851a3d3a5e6305a3a7adee.pt,02880940
bowl,bowl_47.pt,4eefe941048189bdb8046e84ebdc62d2.pt,02880940
bowl,bowl_48.pt,4fdb0bd89c490108b8c8761d8f1966ba.pt,02880940
bowl,bowl_49.pt,5019f979a6a360963a5e6305a3a7adee.pt,02880940
bowl,bowl_5.pt,18529eba21e4be8b5cc4957a8e7226be.pt,02880940
bowl,bowl_50.pt,519f07b4ecb0b82ed82a7d8f544ae151.pt,02880940
bowl,bowl_6.pt,188281000adddc9977981b941eb4f5d1.pt,02880940
bowl,bowl_7.pt,1a0a2715462499fbf9029695a3277412.pt,02880940
bowl,bowl_8.pt,1b4d7803a3298f8477bdcb8816a3fac9.pt,02880940
bowl,bowl_9.pt,1f910faf81555f8e664b3b9b23ddfcbc.pt,02880940
car,car_1.pt,100715345ee54d7ae38b52b4ee9d36a3.pt,02958343
car,car_10.pt,1089cbe82dc0e72133d7c9e122eec9b6.pt,02958343
car,car_11.pt,109567d7d55b8fe515a520abec2f04dd.pt,02958343
car,car_12.pt,10d388f6f578e4e8851f021b9ed69c58.pt,02958343
car,car_13.pt,10e15fd62309a13d1812324a4c0d910.pt,02958343
car,car_14.pt,10e99b1475098c0aaa69dfdc5532bb13.pt,02958343
car,car_15.pt,10f158d2f43926ac80360680c1602c7d.pt,02958343
car,car_16.pt,10fda5aa525f6232be8100817bfe3c8a.pt,02958343
car,car_17.pt,1100f9eac1ca426a3dc399576707b67.pt,02958343
car,car_18.pt,1104f0924e03f2b6fc5886e868449015.pt,02958343
car,car_19.pt,110ab054cfc351f46a2345809e2bb169.pt,02958343
car,car_2.pt,100c3076c74ee1874eb766e5a46fceab.pt,02958343
car,car_20.pt,1137cd58d6a45c6659a47b1880958de9.pt,02958343
car,car_21.pt,114b662c64caba81bb07f8c2248e54bc.pt,02958343
car,car_22.pt,115170b8b44f9e2e5b2bb28aa7453162.pt,02958343
car,car_23.pt,1151e7cd24f5bd21ccbd9e5bb82dd04.pt,02958343
car,car_24.pt,1159faf9bf78998493680c5a9a367b4a.pt,02958343
car,car_25.pt,1164dc97642a22ff5acf55f30acc008d.pt,02958343
car,car_26.pt,1166b049a7230db9f50f5d46dfed0533.pt,02958343
car,car_27.pt,1176dff7f0ec879719d740e0f6a9a113.pt,02958343
car,car_28.pt,119033fe083145e22f31600ac759c763.pt,02958343
car,car_29.pt,1198255e3d20d2f323f3ca54768fe2ee.pt,02958343
car,car_3.pt,10247b51a42b41603ffe0e5069bf1eb5.pt,02958343
car,car_30.pt,11a96098620b2ebac2f9fb5458a091d1.pt,02958343
car,car_31.pt,11b09de6631b3b3ad997cda1a938a10d.pt,02958343
car,car_32.pt,11d1fdaedf3ab83b8fb28f8a689c8ba3.pt,02958343
car,car_33.pt,11dba0c2ec8127356c2fe9dcfa1ee2f8.pt,02958343
car,car_34.pt,11e5b7d67058e1d75f67208653687b70.pt,02958343
car,car_35.pt,12097984d9c51437b84d944e8a1952a5.pt,02958343
car,car_36.pt,1213742aa7815fd0e23d60a1b706b44f.pt,02958343
car,car_37.pt,12243301d1c8148e33d7c9e122eec9b6.pt,02958343
car,car_38.pt,12410830e8a5067c69576518bd9bfe48.pt,02958343
car,car_39.pt,12498dd65e8d65ac3b6f5204eb590354.pt,02958343
car,car_4.pt,10555502fa7b3027283ffcfc40c29975.pt,02958343
car,car_40.pt,1254c6ad2b420879d7622e6da48b19e5.pt,02958343
car,car_41.pt,125a4780c2d5095d19454008aa267bf.pt,02958343
car,car_42.pt,12796524ffbadb755400f0dc3171dfcd.pt,02958343
car,car_43.pt,127b9ba77b54ba59bda733a39f84326d.pt,02958343
car,car_44.pt,1284876ac0e2371aa4dbb766064f8bbf.pt,02958343
car,car_45.pt,128ad72f92a3e96db96212c8f6cd06e.pt,02958343
car,car_46.pt,12909f5d613953b8b3c9b3f81618206b.pt,02958343
car,car_47.pt,12941cb870df79b9815337ac44abb964.pt,02958343
car,car_48.pt,129921679aaa3009e44df9b78a00d12c.pt,02958343
car,car_49.pt,12a034b6be9afb50ae983613a2e0a741.pt,02958343
car,car_5.pt,105dedf1b70c2826b2dcc642c86ae8f4.pt,02958343
car,car_50.pt,12a445770f7d6f2b70a43c2d978e502e.pt,02958343
car,car_6.pt,10716a366de708b8fac96522b26f7fd.pt,02958343
car,car_7.pt,107699ca67fcdf3fea999fe4ffdc2504.pt,02958343
car,car_8.pt,1079efee042629d4ce28f0f1b509eda.pt,02958343
car,car_9.pt,107a17c6f2dd9c488924120dfad0e290.pt,02958343
chair,chair_1.pt,1006be65e7bc937e9141f9b58470d646.pt,03001627
chair,chair_10.pt,1033ee86cc8bac4390962e4fb7072b86.pt,03001627
chair,chair_11.pt,103a0a413d4c3353a723872ad91e4ed1.pt,03001627
chair,chair_12.pt,103a60f3b09107df2da1314e036b435e.pt,03001627
chair,chair_13.pt,103b75dfd146976563ed57e35c972b4b.pt,03001627
chair,chair_14.pt,103c31671f8c0b1467bb14b25f99796e.pt,03001627
chair,chair_15.pt,103d77d63f0d68a044e6721e9db29c1b.pt,03001627
chair,chair_16.pt,104256e5bb73b0b719fb4103277a6b93.pt,03001627
chair,chair_17.pt,1049953406c81b237eaeab1f0c9120b7.pt,03001627
chair,chair_18.pt,1055f78d441d170c4f3443b22038d340.pt,03001627
chair,chair_19.pt,1063d4fcd366de4060e37b3f76995f8b.pt,03001627
chair,chair_2.pt,1007e20d5e811b308351982a6e40cf41.pt,03001627
chair,chair_20.pt,106a0dbaead5066519fb4103277a6b93.pt,03001627
chair,chair_21.pt,106c7f10c5bf5bd5f51f77a6d7299806.pt,03001627
chair,chair_22.pt,106e9487a1d47ff1a09cb462b3e723e2.pt,03001627
chair,chair_23.pt,10709332176024ce9e47e7a22e24daa3.pt,03001627
chair,chair_24.pt,1079635b3da12a812cee4bf5d0f11ffe.pt,03001627
chair,chair_25.pt,107caefdad02cf1c8ab8e68cb52baa6a.pt,03001627
chair,chair_26.pt,107ed94869ed6f1be13496cd332ce78f.pt,03001627
chair,chair_27.pt,108238b535eb293cd79b19c7c4f0e293.pt,03001627
chair,chair_28.pt,108b9cb292fd811cf51f77a6d7299806.pt,03001627
chair,chair_29.pt,1093d35c2ac73bb74ca84d60642ec7e8.pt,03001627
chair,chair_3.pt,100b18376b885f206ae9ad7e32c4139d.pt,03001627
chair,chair_30.pt,10991b3b01cc6cc99982a4d6320875e.pt,03001627
chair,chair_31.pt,10a1783f635b3fc181dff5c2e57ad46e.pt,03001627
chair,chair_32.pt,10c08a28cae054e53a762233fffc49ea.pt,03001627
chair,chair_33.pt,10d174a00639990492d9da2668ec34c.pt,03001627
chair,chair_34.pt,10d5c2f88b60bbf5febad4f49b26ec52.pt,03001627
chair,chair_35.pt,10dc303144fe5d668d1b9a1d97e2846.pt,03001627
chair,chair_36.pt,10de9af4e91682851e5f7bff98fb8d02.pt,03001627
chair,chair_37.pt,10e523060bb5b51f9ee9f382b1dfb770.pt,03001627
chair,chair_38.pt,11040f463a3895019fb4103277a6b93.pt,03001627
chair,chair_39.pt,110ad013a9ae7a1ab0f4eaf0533e82bb.pt,03001627
chair,chair_4.pt,1013f70851210a618f2e765c4a8ed3d.pt,03001627
chair,chair_40.pt,111720e8cd4c613492d9da2668ec34c.pt,03001627
chair,chair_41.pt,111cb08c8121b8411749672386e0b711.pt,03001627
chair,chair_42.pt,112cee32461c31d1d84b8ba651dfb8ac.pt,03001627
chair,chair_43.pt,113016635d554d5171fb733891076ecf.pt,03001627
chair,chair_44.pt,11347c7e8bc5881775907ca70d2973a4.pt,03001627
chair,chair_45.pt,11355c7f7ffa3c09737d107bffc3cd98.pt,03001627
chair,chair_46.pt,11358c94662a68117e66b3e5c11f24d4.pt,03001627
chair,chair_47.pt,1145248e1eba424d492d9da2668ec34c.pt,03001627
chair,chair_48.pt,114b563de051057fcda85f6a3e19b0a1.pt,03001627
chair,chair_49.pt,114f72b38dcabdf0823f29d871e57676.pt,03001627
chair,chair_5.pt,1015e71a0d21b127de03ab2a27ba7531.pt,03001627
chair,chair_50.pt,11506b96d41f7d3dd7c4a943f33e0384.pt,03001627
chair,chair_6.pt,1016f4debe988507589aae130c1f06fb.pt,03001627
chair,chair_7.pt,1022fe7dd03f6a4d4d5ad9f13ac9f4e7.pt,03001627
chair,chair_8.pt,1028b32dc1873c2afe26a3ac360dbd4.pt,03001627
chair,chair_9.pt,1031fc859dc3177a2f84cb7932f866fd.pt,03001627
door,door_1.pt,door_0110_aug0.pt,door_aug0
door,door_10.pt,door_0119_aug0.pt,door_aug0
door,door_11.pt,door_0120_aug0.pt,door_aug0
door,door_12.pt,door_0121_aug0.pt,door_aug0
door,door_13.pt,door_0122_aug0.pt,door_aug0
door,door_14.pt,door_0123_aug0.pt,door_aug0
door,door_15.pt,door_0124_aug0.pt,door_aug0
door,door_16.pt,door_0125_aug0.pt,door_aug0
door,door_17.pt,door_0126_aug0.pt,door_aug0
door,door_18.pt,door_0127_aug0.pt,door_aug0
door,door_19.pt,door_0128_aug0.pt,door_aug0
door,door_2.pt,door_0111_aug0.pt,door_aug0
door,door_20.pt,door_0129_aug0.pt,door_aug0
door,door_3.pt,door_0112_aug0.pt,door_aug0
door,door_4.pt,door_0113_aug0.pt,door_aug0
door,door_5.pt,door_0114_aug0.pt,door_aug0
door,door_6.pt,door_0115_aug0.pt,door_aug0
door,door_7.pt,door_0116_aug0.pt,door_aug0
door,door_8.pt,door_0117_aug0.pt,door_aug0
door,door_9.pt,door_0118_aug0.pt,door_aug0
flower_pot,flower_pot_1.pt,flower_pot_0150_aug0.pt,flower_pot_aug0
flower_pot,flower_pot_10.pt,flower_pot_0159_aug0.pt,flower_pot_aug0
flower_pot,flower_pot_11.pt,flower_pot_0160_aug0.pt,flower_pot_aug0
flower_pot,flower_pot_12.pt,flower_pot_0161_aug0.pt,flower_pot_aug0
flower_pot,flower_pot_13.pt,flower_pot_0162_aug0.pt,flower_pot_aug0
flower_pot,flower_pot_14.pt,flower_pot_0163_aug0.pt,flower_pot_aug0
flower_pot,flower_pot_15.pt,flower_pot_0164_aug0.pt,flower_pot_aug0
flower_pot,flower_pot_16.pt,flower_pot_0165_aug0.pt,flower_pot_aug0
flower_pot,flower_pot_17.pt,flower_pot_0166_aug0.pt,flower_pot_aug0
flower_pot,flower_pot_18.pt,flower_pot_0167_aug0.pt,flower_pot_aug0
flower_pot,flower_pot_19.pt,flower_pot_0168_aug0.pt,flower_pot_aug0
flower_pot,flower_pot_2.pt,flower_pot_0151_aug0.pt,flower_pot_aug0
flower_pot,flower_pot_20.pt,flower_pot_0169_aug0.pt,flower_pot_aug0
flower_pot,flower_pot_3.pt,flower_pot_0152_aug0.pt,flower_pot_aug0
flower_pot,flower_pot_4.pt,flower_pot_0153_aug0.pt,flower_pot_aug0
flower_pot,flower_pot_5.pt,flower_pot_0154_aug0.pt,flower_pot_aug0
flower_pot,flower_pot_6.pt,flower_pot_0155_aug0.pt,flower_pot_aug0
flower_pot,flower_pot_7.pt,flower_pot_0156_aug0.pt,flower_pot_aug0
flower_pot,flower_pot_8.pt,flower_pot_0157_aug0.pt,flower_pot_aug0
flower_pot,flower_pot_9.pt,flower_pot_0158_aug0.pt,flower_pot_aug0
guitar,guitar_1.pt,guitar_0156_aug0.pt,guitar
guitar,guitar_10.pt,guitar_0165_aug0.pt,guitar
guitar,guitar_11.pt,guitar_0166_aug0.pt,guitar
guitar,guitar_12.pt,guitar_0167_aug0.pt,guitar
guitar,guitar_13.pt,guitar_0168_aug0.pt,guitar
guitar,guitar_14.pt,guitar_0169_aug0.pt,guitar
guitar,guitar_15.pt,guitar_0170_aug0.pt,guitar
guitar,guitar_16.pt,guitar_0171_aug0.pt,guitar
guitar,guitar_17.pt,guitar_0172_aug0.pt,guitar
guitar,guitar_18.pt,guitar_0173_aug0.pt,guitar
guitar,guitar_19.pt,guitar_0174_aug0.pt,guitar
guitar,guitar_2.pt,guitar_0157_aug0.pt,guitar
guitar,guitar_20.pt,guitar_0175_aug0.pt,guitar
guitar,guitar_3.pt,guitar_0158_aug0.pt,guitar
guitar,guitar_4.pt,guitar_0159_aug0.pt,guitar
guitar,guitar_5.pt,guitar_0160_aug0.pt,guitar
guitar,guitar_6.pt,guitar_0161_aug0.pt,guitar
guitar,guitar_7.pt,guitar_0162_aug0.pt,guitar
guitar,guitar_8.pt,guitar_0163_aug0.pt,guitar
guitar,guitar_9.pt,guitar_0164_aug0.pt,guitar
keyboard,keyboard_1.pt,keyboard_0146_aug0.pt,keyboard_pot_aug0
keyboard,keyboard_10.pt,keyboard_0155_aug0.pt,keyboard_pot_aug0
keyboard,keyboard_11.pt,keyboard_0156_aug0.pt,keyboard_pot_aug0
keyboard,keyboard_12.pt,keyboard_0157_aug0.pt,keyboard_pot_aug0
keyboard,keyboard_13.pt,keyboard_0158_aug0.pt,keyboard_pot_aug0
keyboard,keyboard_14.pt,keyboard_0159_aug0.pt,keyboard_pot_aug0
keyboard,keyboard_15.pt,keyboard_0160_aug0.pt,keyboard_pot_aug0
keyboard,keyboard_16.pt,keyboard_0161_aug0.pt,keyboard_pot_aug0
keyboard,keyboard_17.pt,keyboard_0162_aug0.pt,keyboard_pot_aug0
keyboard,keyboard_18.pt,keyboard_0163_aug0.pt,keyboard_pot_aug0
keyboard,keyboard_19.pt,keyboard_0164_aug0.pt,keyboard_pot_aug0
keyboard,keyboard_2.pt,keyboard_0147_aug0.pt,keyboard_pot_aug0
keyboard,keyboard_20.pt,keyboard_0165_aug0.pt,keyboard_pot_aug0
keyboard,keyboard_3.pt,keyboard_0148_aug0.pt,keyboard_pot_aug0
keyboard,keyboard_4.pt,keyboard_0149_aug0.pt,keyboard_pot_aug0
keyboard,keyboard_5.pt,keyboard_0150_aug0.pt,keyboard_pot_aug0
keyboard,keyboard_6.pt,keyboard_0151_aug0.pt,keyboard_pot_aug0
keyboard,keyboard_7.pt,keyboard_0152_aug0.pt,keyboard_pot_aug0
keyboard,keyboard_8.pt,keyboard_0153_aug0.pt,keyboard_pot_aug0
keyboard,keyboard_9.pt,keyboard_0154_aug0.pt,keyboard_pot_aug0
lamp,lamp_1.pt,lamp_0125_aug0.pt,lamp_aug0
lamp,lamp_10.pt,lamp_0134_aug0.pt,lamp_aug0
lamp,lamp_11.pt,lamp_0135_aug0.pt,lamp_aug0
lamp,lamp_12.pt,lamp_0136_aug0.pt,lamp_aug0
lamp,lamp_13.pt,lamp_0137_aug0.pt,lamp_aug0
lamp,lamp_14.pt,lamp_0138_aug0.pt,lamp_aug0
lamp,lamp_15.pt,lamp_0139_aug0.pt,lamp_aug0
lamp,lamp_16.pt,lamp_0140_aug0.pt,lamp_aug0
lamp,lamp_17.pt,lamp_0141_aug0.pt,lamp_aug0
lamp,lamp_18.pt,lamp_0142_aug0.pt,lamp_aug0
lamp,lamp_19.pt,lamp_0143_aug0.pt,lamp_aug0
lamp,lamp_2.pt,lamp_0126_aug0.pt,lamp_aug0
lamp,lamp_3.pt,lamp_0127_aug0.pt,lamp_aug0
lamp,lamp_4.pt,lamp_0128_aug0.pt,lamp_aug0
lamp,lamp_5.pt,lamp_0129_aug0.pt,lamp_aug0
lamp,lamp_6.pt,lamp_0130_aug0.pt,lamp_aug0
lamp,lamp_7.pt,lamp_0131_aug0.pt,lamp_aug0
lamp,lamp_8.pt,lamp_0132_aug0.pt,lamp_aug0
lamp,lamp_9.pt,lamp_0133_aug0.pt,lamp_aug0
laptop,laptop_1.pt,laptop1.pt,laptop
laptop,laptop_10.pt,laptop_0154_aug0.pt,laptop
laptop,laptop_11.pt,laptop_0155_aug0.pt,laptop
laptop,laptop_12.pt,laptop_0156_aug0.pt,laptop
laptop,laptop_13.pt,laptop_0157_aug0.pt,laptop
laptop,laptop_14.pt,laptop_0158_aug0.pt,laptop
laptop,laptop_15.pt,laptop_0159_aug0.pt,laptop
laptop,laptop_16.pt,laptop_0160_aug0.pt,laptop
laptop,laptop_17.pt,laptop_0161_aug0.pt,laptop
laptop,laptop_18.pt,laptop_0162_aug0.pt,laptop
laptop,laptop_19.pt,laptop_0163_aug0.pt,laptop
laptop,laptop_2.pt,laptop2.pt,laptop
laptop,laptop_20.pt,laptop_0164_aug0.pt,laptop
laptop,laptop_21.pt,laptop_0165_aug0.pt,laptop
laptop,laptop_22.pt,laptop_0166_aug0.pt,laptop
laptop,laptop_23.pt,laptop_0167_aug0.pt,laptop
laptop,laptop_24.pt,laptop_0168_aug0.pt,laptop
laptop,laptop_25.pt,laptop_0169_aug0.pt,laptop
laptop,laptop_3.pt,laptop3.pt,laptop
laptop,laptop_4.pt,laptop4.pt,laptop
laptop,laptop_5.pt,laptop5.pt,laptop
laptop,laptop_6.pt,laptop_0150_aug0.pt,laptop
laptop,laptop_7.pt,laptop_0151_aug0.pt,laptop
laptop,laptop_8.pt,laptop_0152_aug0.pt,laptop
laptop,laptop_9.pt,laptop_0153_aug0.pt,laptop
monitor,monitor_1.pt,monitor_0466_aug0.pt,monitor_pot_aug0
monitor,monitor_10.pt,monitor_0475_aug0.pt,monitor_pot_aug0
monitor,monitor_11.pt,monitor_0476_aug0.pt,monitor_pot_aug0
monitor,monitor_12.pt,monitor_0477_aug0.pt,monitor_pot_aug0
monitor,monitor_13.pt,monitor_0478_aug0.pt,monitor_pot_aug0
monitor,monitor_14.pt,monitor_0479_aug0.pt,monitor_pot_aug0
monitor,monitor_15.pt,monitor_0480_aug0.pt,monitor_pot_aug0
monitor,monitor_16.pt,monitor_0481_aug0.pt,monitor_pot_aug0
monitor,monitor_17.pt,monitor_0482_aug0.pt,monitor_pot_aug0
monitor,monitor_18.pt,monitor_0483_aug0.pt,monitor_pot_aug0
monitor,monitor_19.pt,monitor_0484_aug0.pt,monitor_pot_aug0
monitor,monitor_2.pt,monitor_0467_aug0.pt,monitor_pot_aug0
monitor,monitor_20.pt,monitor_0485_aug0.pt,monitor_pot_aug0
monitor,monitor_21.pt,monitor_0486_aug0.pt,monitor_pot_aug0
monitor,monitor_22.pt,monitor_0487_aug0.pt,monitor_pot_aug0
monitor,monitor_23.pt,monitor_0488_aug0.pt,monitor_pot_aug0
monitor,monitor_24.pt,monitor_0489_aug0.pt,monitor_pot_aug0
monitor,monitor_25.pt,monitor_0490_aug0.pt,monitor_pot_aug0
monitor,monitor_26.pt,monitor_0491_aug0.pt,monitor_pot_aug0
monitor,monitor_27.pt,monitor_0492_aug0.pt,monitor_pot_aug0
monitor,monitor_28.pt,monitor_0493_aug0.pt,monitor_pot_aug0
monitor,monitor_29.pt,monitor_0494_aug0.pt,monitor_pot_aug0
monitor,monitor_3.pt,monitor_0468_aug0.pt,monitor_pot_aug0
monitor,monitor_30.pt,monitor_0495_aug0.pt,monitor_pot_aug0
monitor,monitor_4.pt,monitor_0469_aug0.pt,monitor_pot_aug0
monitor,monitor_5.pt,monitor_0470_aug0.pt,monitor_pot_aug0
monitor,monitor_6.pt,monitor_0471_aug0.pt,monitor_pot_aug0
monitor,monitor_7.pt,monitor_0472_aug0.pt,monitor_pot_aug0
monitor,monitor_8.pt,monitor_0473_aug0.pt,monitor_pot_aug0
monitor,monitor_9.pt,monitor_0474_aug0.pt,monitor_pot_aug0
piano,piano_1.pt,piano_0232_aug0.pt,piano_pot_aug0
piano,piano_10.pt,piano_0241_aug0.pt,piano_pot_aug0
piano,piano_11.pt,piano_0242_aug0.pt,piano_pot_aug0
piano,piano_12.pt,piano_0243_aug0.pt,piano_pot_aug0
piano,piano_13.pt,piano_0244_aug0.pt,piano_pot_aug0
piano,piano_14.pt,piano_0245_aug0.pt,piano_pot_aug0
piano,piano_15.pt,piano_0246_aug0.pt,piano_pot_aug0
piano,piano_16.pt,piano_0247_aug0.pt,piano_pot_aug0
piano,piano_17.pt,piano_0248_aug0.pt,piano_pot_aug0
piano,piano_18.pt,piano_0249_aug0.pt,piano_pot_aug0
piano,piano_19.pt,piano_0250_aug0.pt,piano_pot_aug0
piano,piano_2.pt,piano_0233_aug0.pt,piano_pot_aug0
piano,piano_20.pt,piano_0251_aug0.pt,piano_pot_aug0
piano,piano_21.pt,piano_0252_aug0.pt,piano_pot_aug0
piano,piano_22.pt,piano_0253_aug0.pt,piano_pot_aug0
piano,piano_23.pt,piano_0254_aug0.pt,piano_pot_aug0
piano,piano_24.pt,piano_0255_aug0.pt,piano_pot_aug0
piano,piano_25.pt,piano_0256_aug0.pt,piano_pot_aug0
piano,piano_26.pt,piano_0257_aug0.pt,piano_pot_aug0
piano,piano_27.pt,piano_0258_aug0.pt,piano_pot_aug0
piano,piano_28.pt,piano_0259_aug0.pt,piano_pot_aug0
piano,piano_29.pt,piano_0260_aug0.pt,piano_pot_aug0
piano,piano_3.pt,piano_0234_aug0.pt,piano_pot_aug0
piano,piano_30.pt,piano_0261_aug0.pt,piano_pot_aug0
piano,piano_4.pt,piano_0235_aug0.pt,piano_pot_aug0
piano,piano_5.pt,piano_0236_aug0.pt,piano_pot_aug0
piano,piano_6.pt,piano_0237_aug0.pt,piano_pot_aug0
piano,piano_7.pt,piano_0238_aug0.pt,piano_pot_aug0
piano,piano_8.pt,piano_0239_aug0.pt,piano_pot_aug0
piano,piano_9.pt,piano_0240_aug0.pt,piano_pot_aug0
sofa,sofa_1.pt,sofa_0681_aug0.pt,sofa
sofa,sofa_10.pt,sofa_0690_aug0.pt,sofa
sofa,sofa_11.pt,sofa_0691_aug0.pt,sofa
sofa,sofa_12.pt,sofa_0692_aug0.pt,sofa
sofa,sofa_13.pt,sofa_0693_aug0.pt,sofa
sofa,sofa_14.pt,sofa_0694_aug0.pt,sofa
sofa,sofa_15.pt,sofa_0695_aug0.pt,sofa
sofa,sofa_16.pt,sofa_0696_aug0.pt,sofa
sofa,sofa_17.pt,sofa_0697_aug0.pt,sofa
sofa,sofa_18.pt,sofa_0698_aug0.pt,sofa
sofa,sofa_19.pt,sofa_0699_aug0.pt,sofa
sofa,sofa_2.pt,sofa_0682_aug0.pt,sofa
sofa,sofa_20.pt,sofa_0700_aug0.pt,sofa
sofa,sofa_3.pt,sofa_0683_aug0.pt,sofa
sofa,sofa_4.pt,sofa_0684_aug0.pt,sofa
sofa,sofa_5.pt,sofa_0685_aug0.pt,sofa
sofa,sofa_6.pt,sofa_0686_aug0.pt,sofa
sofa,sofa_7.pt,sofa_0687_aug0.pt,sofa
sofa,sofa_8.pt,sofa_0688_aug0.pt,sofa
sofa,sofa_9.pt,sofa_0689_aug0.pt,sofa
table,table_1.pt,1011e1c9812b84d2a9ed7bb5b55809f8.pt,04379243
table,table_10.pt,104ebf7f96c77fb46a0faccc2a4015d8.pt,04379243
table,table_11.pt,10506aab1adfe9f4eb7b988bf4f0d1ef.pt,04379243
table,table_12.pt,105b9a03ddfaf5c5e7828dbf1991f6a4.pt,04379243
table,table_13.pt,105f53a6471f3ceb4a420e3c1b966720.pt,04379243
table,table_14.pt,10657fcfce1d326b30bbd4cddd04c77b.pt,04379243
table,table_15.pt,10733a711fe254965d7786e1df78254f.pt,04379243
table,table_16.pt,1096b4a30bd7717c4733824eae5cd9ae.pt,04379243
table,table_17.pt,109738784a0a6129a02c88fe01f2b9c1.pt,04379243
table,table_18.pt,109a8d453ce93a6fc21b51dd4113da62.pt,04379243
table,table_19.pt,10a4e263f8087c4b8cf2bc41970d572a.pt,04379243
table,table_2.pt,10139657dfa9afe0c3bd24f986301745.pt,04379243
table,table_20.pt,10b0d655bf4938eae1ab19b3beff6716.pt,04379243
table,table_21.pt,10b246b375c15ab59fa24672a35ae8bb.pt,04379243
table,table_22.pt,10b5723ea035cb047464e25da6d2e90.pt,04379243
table,table_23.pt,10b6147009cbc17ec25cfdac7cd67ea3.pt,04379243
table,table_24.pt,10bb44a54a12a74e4719088c8e42c6ab.pt,04379243
table,table_25.pt,10c0eecb17d1bac64b3c42e318f3affc.pt,04379243
table,table_26.pt,10c25bdfea5eccfd153555abe935e806.pt,04379243
table,table_27.pt,10ca7bfe736d81b64b3c42e318f3affc.pt,04379243
table,table_28.pt,10cc8c941fc8aeaa71a782a4379556c7.pt,04379243
table,table_29.pt,10cd74fb0af8021fbf7cf6012a0af9fc.pt,04379243
table,table_3.pt,1028a9cbaa7a333230bbd4cddd04c77b.pt,04379243
table,table_30.pt,10d9b52541550c909cd431573238602d.pt,04379243
table,table_31.pt,10db06b0d15bd4ee72f847ab4bec38ed.pt,04379243
table,table_32.pt,10e279c69b5678d39a45b69dede1154b.pt,04379243
table,table_33.pt,10e2e8385b5322144708f4c6142673f0.pt,04379243
table,table_34.pt,10e5ffa28c252aceea46bea76c64cc3d.pt,04379243
table,table_35.pt,10e6398274554867fdf2e93846e20960.pt,04379243
table,table_36.pt,10e7056ac077a0f54a111702084d37d7.pt,04379243
table,table_37.pt,10ed64b4c7eb6d9311ee7ca4f000feba.pt,04379243
table,table_38.pt,10f0753ae756fe489c0c9824ccd078be.pt,04379243
table,table_39.pt,10f1b51f2207766ff11c3739edd52fa3.pt,04379243
table,table_4.pt,102f0532f9f8bbcdcb503f63ed915ed2.pt,04379243
table,table_40.pt,10f3c10837232428c3bd24f986301745.pt,04379243
table,table_41.pt,10fbf670bb017ec94ebb593f0d0b4581.pt,04379243
table,table_42.pt,10ff43e8fb49af1719fb4103277a6b93.pt,04379243
table,table_43.pt,11084af510183635ee56c4ac0904ebb.pt,04379243
table,table_44.pt,11103f4da22fe6604b3c42e318f3affc.pt,04379243
table,table_45.pt,111df730a9d3f2a8eab46ab0515e8186.pt,04379243
table,table_46.pt,114377fc17eceaae3e12d7ebda60f8f.pt,04379243
table,table_47.pt,114520b78a1726cf86de8d6734d81fc9.pt,04379243
table,table_48.pt,114a39da3b4bf118d42ec7e303174a87.pt,04379243
table,table_49.pt,114a55b4647938cee3dff0d5ebb43915.pt,04379243
table,table_5.pt,1033f41fd2decfa938da3ea2c9e0e4f.pt,04379243
table,table_50.pt,114d3d770d9203fbec82976a49dc.pt,04379243
table,table_6.pt,103ad97126bc54f4fc5e9e325e1bd5b8.pt,04379243
table,table_7.pt,1040cd764facf6981190e285a2cbc9c.pt,04379243
table,table_8.pt,104c5225ef0a288ff932326d9778e21b.pt,04379243
table,table_9.pt,104c8e90ecf0e5351ed672982b7954af.pt,04379243
toilet,toilet_1.pt,toilet_0345_aug0.pt,toilet_aug0
toilet,toilet_10.pt,toilet_0354_aug0.pt,toilet_aug0
toilet,toilet_11.pt,toilet_0355_aug0.pt,toilet_aug0
toilet,toilet_12.pt,toilet_0356_aug0.pt,toilet_aug0
toilet,toilet_13.pt,toilet_0357_aug0.pt,toilet_aug0
toilet,toilet_14.pt,toilet_0358_aug0.pt,toilet_aug0
toilet,toilet_15.pt,toilet_0359_aug0.pt,toilet_aug0
toilet,toilet_16.pt,toilet_0360_aug0.pt,toilet_aug0
toilet,toilet_17.pt,toilet_0361_aug0.pt,toilet_aug0
toilet,toilet_18.pt,toilet_0362_aug0.pt,toilet_aug0
toilet,toilet_19.pt,toilet_0363_aug0.pt,toilet_aug0
toilet,toilet_2.pt,toilet_0346_aug0.pt,toilet_aug0
toilet,toilet_20.pt,toilet_0364_aug0.pt,toilet_aug0
toilet,toilet_3.pt,toilet_0347_aug0.pt,toilet_aug0
toilet,toilet_4.pt,toilet_0348_aug0.pt,toilet_aug0
toilet,toilet_5.pt,toilet_0349_aug0.pt,toilet_aug0
toilet,toilet_6.pt,toilet_0350_aug0.pt,toilet_aug0
toilet,toilet_7.pt,toilet_0351_aug0.pt,toilet_aug0
toilet,toilet_8.pt,toilet_0352_aug0.pt,toilet_aug0
toilet,toilet_9.pt,toilet_0353_aug0.pt,toilet_aug0
wardrobe,wardrobe_1.pt,wardrobe_0088_aug0.pt,wardrobe_pot_aug0
wardrobe,wardrobe_10.pt,wardrobe_0097_aug0.pt,wardrobe_pot_aug0
wardrobe,wardrobe_11.pt,wardrobe_0098_aug0.pt,wardrobe_pot_aug0
wardrobe,wardrobe_12.pt,wardrobe_0099_aug0.pt,wardrobe_pot_aug0
wardrobe,wardrobe_13.pt,wardrobe_0100_aug0.pt,wardrobe_pot_aug0
wardrobe,wardrobe_14.pt,wardrobe_0101_aug0.pt,wardrobe_pot_aug0
wardrobe,wardrobe_15.pt,wardrobe_0102_aug0.pt,wardrobe_pot_aug0
wardrobe,wardrobe_16.pt,wardrobe_0103_aug0.pt,wardrobe_pot_aug0
wardrobe,wardrobe_17.pt,wardrobe_0104_aug0.pt,wardrobe_pot_aug0
wardrobe,wardrobe_18.pt,wardrobe_0105_aug0.pt,wardrobe_pot_aug0
wardrobe,wardrobe_19.pt,wardrobe_0106_aug0.pt,wardrobe_pot_aug0
wardrobe,wardrobe_2.pt,wardrobe_0089_aug0.pt,wardrobe_pot_aug0
wardrobe,wardrobe_20.pt,wardrobe_0107_aug0.pt,wardrobe_pot_aug0
wardrobe,wardrobe_3.pt,wardrobe_0090_aug0.pt,wardrobe_pot_aug0
wardrobe,wardrobe_4.pt,wardrobe_0091_aug0.pt,wardrobe_pot_aug0
wardrobe,wardrobe_5.pt,wardrobe_0092_aug0.pt,wardrobe_pot_aug0
wardrobe,wardrobe_6.pt,wardrobe_0093_aug0.pt,wardrobe_pot_aug0
wardrobe,wardrobe_7.pt,wardrobe_0094_aug0.pt,wardrobe_pot_aug0
wardrobe,wardrobe_8.pt,wardrobe_0095_aug0.pt,wardrobe_pot_aug0
wardrobe,wardrobe_9.pt,wardrobe_0096_aug0.pt,wardrobe_pot_aug0
cone,cone_1.pt,cone_0168_aug0.pt,cone_aug0
cone,cone_2.pt,cone_0169_aug0.pt,cone_aug0
cone,cone_3.pt,cone_0170_aug0.pt,cone_aug0
cone,cone_4.pt,cone_0171_aug0.pt,cone_aug0
cone,cone_5.pt,cone_0172_aug0.pt,cone_aug0
cone,cone_6.pt,cone_0173_aug0.pt,cone_aug0
cone,cone_7.pt,cone_0174_aug0.pt,cone_aug0
cone,cone_8.pt,cone_0175_aug0.pt,cone_aug0
cone,cone_9.pt,cone_0176_aug0.pt,cone_aug0
cone,cone_10.pt,cone_0177_aug0.pt,cone_aug0
cone,cone_11.pt,cone_0178_aug0.pt,cone_aug0
cone,cone_12.pt,cone_0179_aug0.pt,cone_aug0
cone,cone_13.pt,cone_0180_aug0.pt,cone_aug0
cone,cone_14.pt,cone_0181_aug0.pt,cone_aug0
cone,cone_15.pt,cone_0182_aug0.pt,cone_aug0
cone,cone_16.pt,cone_0183_aug0.pt,cone_aug0
cone,cone_17.pt,cone_0184_aug0.pt,cone_aug0
cone,cone_18.pt,cone_0185_aug0.pt,cone_aug0
cone,cone_19.pt,cone_0186_aug0.pt,cone_aug0
cone,cone_20.pt,cone_0187_aug0.pt,cone_aug0
sink,sink_1.pt,sink_0129_aug0.pt,sink_aug0
sink,sink_2.pt,sink_0130_aug0.pt,sink_aug0
sink,sink_3.pt,sink_0131_aug0.pt,sink_aug0
sink,sink_4.pt,sink_0132_aug0.pt,sink_aug0
sink,sink_5.pt,sink_0133_aug0.pt,sink_aug0
sink,sink_6.pt,sink_0134_aug0.pt,sink_aug0
sink,sink_7.pt,sink_0135_aug0.pt,sink_aug0
sink,sink_8.pt,sink_0136_aug0.pt,sink_aug0
sink,sink_9.pt,sink_0137_aug0.pt,sink_aug0
sink,sink_10.pt,sink_0138_aug0.pt,sink_aug0
sink,sink_11.pt,sink_0139_aug0.pt,sink_aug0
sink,sink_12.pt,sink_0140_aug0.pt,sink_aug0
sink,sink_13.pt,sink_0141_aug0.pt,sink_aug0
sink,sink_14.pt,sink_0142_aug0.pt,sink_aug0
sink,sink_15.pt,sink_0143_aug0.pt,sink_aug0
sink,sink_16.pt,sink_0144_aug0.pt,sink_aug0
sink,sink_17.pt,sink_0145_aug0.pt,sink_aug0
sink,sink_18.pt,sink_0146_aug0.pt,sink_aug0
sink,sink_19.pt,sink_0147_aug0.pt,sink_aug0
sink,sink_20.pt,sink_0148_aug0.pt,sink_aug0
stool,stool_1.pt,stool_0091_aug0.pt,stool_aug0
stool,stool_2.pt,stool_0092_aug0.pt,stool_aug0
stool,stool_3.pt,stool_0093_aug0.pt,stool_aug0
stool,stool_4.pt,stool_0094_aug0.pt,stool_aug0
stool,stool_5.pt,stool_0095_aug0.pt,stool_aug0
stool,stool_6.pt,stool_0096_aug0.pt,stool_aug0
stool,stool_7.pt,stool_0097_aug0.pt,stool_aug0
stool,stool_8.pt,stool_0098_aug0.pt,stool_aug0
stool,stool_9.pt,stool_0099_aug0.pt,stool_aug0
stool,stool_10.pt,stool_0100_aug0.pt,stool_aug0
stool,stool_11.pt,stool_0101_aug0.pt,stool_aug0
stool,stool_12.pt,stool_0102_aug0.pt,stool_aug0
stool,stool_13.pt,stool_0103_aug0.pt,stool_aug0
stool,stool_14.pt,stool_0104_aug0.pt,stool_aug0
stool,stool_15.pt,stool_0105_aug0.pt,stool_aug0
stool,stool_16.pt,stool_0106_aug0.pt,stool_aug0
stool,stool_17.pt,stool_0107_aug0.pt,stool_aug0
stool,stool_18.pt,stool_0108_aug0.pt,stool_aug0
stool,stool_19.pt,stool_0109_aug0.pt,stool_aug0
stool,stool_20.pt,stool_0110_aug0.pt,stool_aug0
vase,vase_1.pt,vase_0476_aug0.pt,vase_aug0
vase,vase_2.pt,vase_0477_aug0.pt,vase_aug0
vase,vase_3.pt,vase_0478_aug0.pt,vase_aug0
vase,vase_4.pt,vase_0479_aug0.pt,vase_aug0
vase,vase_5.pt,vase_0480_aug0.pt,vase_aug0
vase,vase_6.pt,vase_0481_aug0.pt,vase_aug0
vase,vase_7.pt,vase_0482_aug0.pt,vase_aug0
vase,vase_8.pt,vase_0483_aug0.pt,vase_aug0
vase,vase_9.pt,vase_0484_aug0.pt,vase_aug0
vase,vase_10.pt,vase_0485_aug0.pt,vase_aug0
vase,vase_11.pt,vase_0486_aug0.pt,vase_aug0
vase,vase_12.pt,vase_0487_aug0.pt,vase_aug0
vase,vase_13.pt,vase_0488_aug0.pt,vase_aug0
vase,vase_14.pt,vase_0489_aug0.pt,vase_aug0
vase,vase_15.pt,vase_0490_aug0.pt,vase_aug0
vase,vase_16.pt,vase_0491_aug0.pt,vase_aug0
vase,vase_17.pt,vase_0492_aug0.pt,vase_aug0
vase,vase_18.pt,vase_0493_aug0.pt,vase_aug0
vase,vase_19.pt,vase_0494_aug0.pt,vase_aug0
vase,vase_20.pt,vase_0495_aug0.pt,vase_aug0
vase,vase_21.pt,vase_0496_aug0.pt,vase_aug0
vase,vase_22.pt,vase_0497_aug0.pt,vase_aug0
vase,vase_23.pt,vase_0498_aug0.pt,vase_aug0
vase,vase_24.pt,vase_0499_aug0.pt,vase_aug0
vase,vase_25.pt,vase_0500_aug0.pt,vase_aug0
vase,vase_26.pt,vase_0501_aug0.pt,vase_aug0
vase,vase_27.pt,vase_0502_aug0.pt,vase_aug0
vase,vase_28.pt,vase_0503_aug0.pt,vase_aug0
vase,vase_29.pt,vase_0504_aug0.pt,vase_aug0
vase,vase_30.pt,vase_0505_aug0.pt,vase_aug0
